2025-03-21 08:34:30,025 [INFO] Activator:176 - 


2025-03-21 08:34:30,048 [INFO] Activator:177 - !SESSION log4j initialized
2025-03-21 08:34:45,917 [INFO] LogOutputStream:77 - [STDOUT_REDIRECT] 
2025-03-21 08:34:51,659 [INFO] ApplicationProperties:184 - Using Application install path: C:\ST\STM32CubeIDE_1.13.1\STM32CubeIDE\plugins\com.st.stm32cube.common.mx_6.12.0.202406281431
2025-03-21 08:34:51,702 [INFO] DbMcusXml:78 - Set database path to: C:\ST\STM32CubeIDE_1.13.1\STM32CubeIDE\plugins\com.st.stm32cube.common.mx_6.12.0.202406281431\\db\/mcu/
2025-03-21 08:34:51,704 [INFO] ApiDb:274 - Set plugin database path to: C:\ST\STM32CubeIDE_1.13.1\STM32CubeIDE\plugins\com.st.stm32cube.common.mx_6.12.0.202406281431\\db\/plugins/boardmanager/
2025-03-21 08:34:51,705 [WARN] ApiDb:259 - Overriding images path with different value:  => C:\ST\STM32CubeIDE_1.13.1\STM32CubeIDE\plugins\com.st.stm32cube.common.mx_6.12.0.202406281431\\db\/plugins/mcufinder/images/
2025-03-21 08:34:51,730 [INFO] ApiDb:250 - Set database path to: C:\Users\hugoc\.stmcufinder\plugins\mcufinder//mcu/
2025-03-21 08:34:51,733 [INFO] DbMcusAds:125 - Set database path to: C:\Users\hugoc\.stmcufinder\plugins\mcufinder//mcu/
2025-03-21 08:34:51,739 [INFO] CrossReferenceDbSqlite:203 - Set database path to: C:\Users\hugoc\.stmcufinder\plugins\mcufinder//mcu/cs/
2025-03-21 08:34:52,001 [INFO] RulesReader:64 - Compatibility file has been processed (297 Rules)
2025-03-21 08:34:52,254 [INFO] DbMcusXml:78 - Set database path to: C:\ST\STM32CubeIDE_1.13.1\STM32CubeIDE\plugins\com.st.stm32cube.common.mx_6.12.0.202406281431\\db\/mcu/
2025-03-21 08:34:52,255 [INFO] ApiDb:274 - Set plugin database path to: C:\ST\STM32CubeIDE_1.13.1\STM32CubeIDE\plugins\com.st.stm32cube.common.mx_6.12.0.202406281431\\db\/plugins/boardmanager/
2025-03-21 08:34:52,255 [INFO] ApiDb:261 - Set plugin images path to: C:\ST\STM32CubeIDE_1.13.1\STM32CubeIDE\plugins\com.st.stm32cube.common.mx_6.12.0.202406281431\\db\/plugins/mcufinder/images/
2025-03-21 08:34:52,257 [WARN] DbFile:41 - Overriding database path with different value: C:\Users\hugoc\.stmcufinder\plugins\mcufinder/ => C:\Users\hugoc\.stmcufinder\plugins\mcufinder
2025-03-21 08:34:52,257 [INFO] ApiDb:250 - Set database path to: C:\Users\hugoc\.stmcufinder\plugins\mcufinder//mcu/
2025-03-21 08:34:52,257 [WARN] DbFile:41 - Overriding database path with different value: C:\Users\hugoc\.stmcufinder\plugins\mcufinder/ => C:\Users\hugoc\.stmcufinder\plugins\mcufinder
2025-03-21 08:34:52,258 [INFO] DbMcusAds:125 - Set database path to: C:\Users\hugoc\.stmcufinder\plugins\mcufinder//mcu/
2025-03-21 08:34:52,258 [WARN] DbFile:41 - Overriding database path with different value: C:\Users\hugoc\.stmcufinder\plugins\mcufinder/ => C:\Users\hugoc\.stmcufinder\plugins\mcufinder
2025-03-21 08:34:52,258 [WARN] DbFile:41 - Overriding database path with different value: C:\Users\hugoc\.stmcufinder\plugins\mcufinder/ => C:\Users\hugoc\.stmcufinder\plugins\mcufinder
2025-03-21 08:34:52,258 [INFO] CrossReferenceDbSqlite:203 - Set database path to: C:\Users\hugoc\.stmcufinder\plugins\mcufinder//mcu/cs/
2025-03-21 08:34:52,535 [INFO] MainPanel:268 - HeapMemory: 268435456
2025-03-21 08:34:52,804 [INFO] DbMcusXml:78 - Set database path to: C:\ST\STM32CubeIDE_1.13.1\STM32CubeIDE\plugins\com.st.stm32cube.common.mx_6.12.0.202406281431\\db\/mcu/
2025-03-21 08:34:52,805 [INFO] ApiDb:274 - Set plugin database path to: C:\ST\STM32CubeIDE_1.13.1\STM32CubeIDE\plugins\com.st.stm32cube.common.mx_6.12.0.202406281431\\db\/plugins/boardmanager/
2025-03-21 08:34:52,805 [INFO] ApiDb:261 - Set plugin images path to: C:\ST\STM32CubeIDE_1.13.1\STM32CubeIDE\plugins\com.st.stm32cube.common.mx_6.12.0.202406281431\\db\/plugins/mcufinder/images/
2025-03-21 08:34:52,806 [WARN] DbFile:41 - Overriding database path with different value: C:\Users\hugoc\.stmcufinder\plugins\mcufinder/ => C:\Users\hugoc\.stmcufinder\plugins\mcufinder
2025-03-21 08:34:52,806 [INFO] ApiDb:250 - Set database path to: C:\Users\hugoc\.stmcufinder\plugins\mcufinder//mcu/
2025-03-21 08:34:52,806 [WARN] DbFile:41 - Overriding database path with different value: C:\Users\hugoc\.stmcufinder\plugins\mcufinder/ => C:\Users\hugoc\.stmcufinder\plugins\mcufinder
2025-03-21 08:34:52,807 [INFO] DbMcusAds:125 - Set database path to: C:\Users\hugoc\.stmcufinder\plugins\mcufinder//mcu/
2025-03-21 08:34:52,807 [WARN] DbFile:41 - Overriding database path with different value: C:\Users\hugoc\.stmcufinder\plugins\mcufinder/ => C:\Users\hugoc\.stmcufinder\plugins\mcufinder
2025-03-21 08:34:52,807 [WARN] DbFile:41 - Overriding database path with different value: C:\Users\hugoc\.stmcufinder\plugins\mcufinder/ => C:\Users\hugoc\.stmcufinder\plugins\mcufinder
2025-03-21 08:34:52,807 [INFO] CrossReferenceDbSqlite:203 - Set database path to: C:\Users\hugoc\.stmcufinder\plugins\mcufinder//mcu/cs/
2025-03-21 08:34:52,857 [INFO] ApplicationProperties:184 - Using Application install path: C:\ST\STM32CubeIDE_1.13.1\STM32CubeIDE\plugins\com.st.stm32cube.common.mx_6.12.0.202406281431
2025-03-21 08:34:52,860 [INFO] PluginManage:196 - Search for loadable plugins [exclusion list=, ]
2025-03-21 08:34:52,863 [INFO] PluginManage:310 - Check plugin analytics
2025-03-21 08:34:53,286 [INFO] AnalyticsPlugin:253 - Accepted Software Licenses: 
2025-03-21 08:34:53,286 [INFO] AnalyticsPlugin:255 - Accepted CMSIS Pack Licenses: 
2025-03-21 08:34:53,287 [INFO] AnalyticsPlugin:257 - Accepted Firmware Licenses: 
2025-03-21 08:34:53,296 [INFO] PluginManage:359 - Loaded plugin analytics (category:tool,tabindex:-1)
2025-03-21 08:34:53,296 [INFO] PluginManage:310 - Check plugin cadmodel
2025-03-21 08:34:53,386 [INFO] CADModel:105 - Init CAD model plugin
2025-03-21 08:34:53,387 [INFO] PluginManage:359 - Loaded plugin cadmodel (category:power,tabindex:5)
2025-03-21 08:34:53,387 [INFO] PluginManage:310 - Check plugin clock
2025-03-21 08:34:53,497 [INFO] PluginManage:359 - Loaded plugin clock (category:base,tabindex:2)
2025-03-21 08:34:53,497 [INFO] PluginManage:310 - Check plugin ddr
2025-03-21 08:34:53,504 [INFO] PluginManage:359 - Loaded plugin ddr (category:tool,tabindex:6)
2025-03-21 08:34:53,505 [INFO] PluginManage:310 - Check plugin filemanager
2025-03-21 08:34:53,846 [INFO] PluginManage:359 - Loaded plugin filemanager (category:base,tabindex:10)
2025-03-21 08:34:53,847 [INFO] PluginManage:310 - Check plugin ipmanager
2025-03-21 08:34:53,874 [INFO] PluginManage:359 - Loaded plugin ipmanager (category:base,tabindex:5)
2025-03-21 08:34:53,874 [INFO] PluginManage:310 - Check plugin lpbam
2025-03-21 08:34:53,959 [INFO] PluginManage:359 - Loaded plugin lpbam (category:base,tabindex:0)
2025-03-21 08:34:53,959 [INFO] PluginManage:310 - Check plugin memorymap
2025-03-21 08:34:54,056 [INFO] PluginManage:359 - Loaded plugin memorymap (category:base,tabindex:4)
2025-03-21 08:34:54,057 [INFO] PluginManage:310 - Check plugin pinoutandconfiguration
2025-03-21 08:34:54,187 [INFO] PluginManage:359 - Loaded plugin pinoutandconfiguration (category:base,tabindex:1)
2025-03-21 08:34:54,188 [INFO] PluginManage:310 - Check plugin pinoutconfig
2025-03-21 08:34:54,502 [WARN] SupportedApi:132 - Cannot load RTOS API schema: s4s-elt-must-match.1: The content of 'definitions' must match (annotation?, (simpleType | complexType)?, (unique | key | keyref)*)). A problem was found starting at: attribute.
2025-03-21 08:34:54,861 [INFO] PluginManage:359 - Loaded plugin pinoutconfig (category:base,tabindex:0)
2025-03-21 08:34:54,862 [INFO] PluginManage:310 - Check plugin power
2025-03-21 08:34:54,965 [INFO] PluginManage:359 - Loaded plugin power (category:power,tabindex:4)
2025-03-21 08:34:54,965 [INFO] PluginManage:310 - Check plugin projectmanager
2025-03-21 08:34:55,004 [INFO] PluginManage:359 - Loaded plugin projectmanager (category:projectmanager,tabindex:4)
2025-03-21 08:34:55,005 [INFO] PluginManage:310 - Check plugin rif
2025-03-21 08:34:55,103 [INFO] PluginManage:359 - Loaded plugin rif (category:base,tabindex:3)
2025-03-21 08:34:55,103 [INFO] PluginManage:310 - Check plugin thirdparty
2025-03-21 08:34:55,578 [WARN] IntegrityCheckThread:84 - waiting for thirdparty lock release [integrity check]
2025-03-21 08:34:55,579 [INFO] IntegrityCheckThread:86 - entering critical section [integrity check]
2025-03-21 08:34:55,580 [INFO] PluginManage:359 - Loaded plugin thirdparty (category:base,tabindex:-1)
2025-03-21 08:34:55,581 [INFO] PluginManage:310 - Check plugin tools
2025-03-21 08:34:55,581 [INFO] ThirdPartyUpdaterWithRetryManager:70 - Updater plugin not ready yet. [1/15]
2025-03-21 08:34:55,597 [INFO] PluginManage:359 - Loaded plugin tools (category:base,tabindex:7)
2025-03-21 08:34:55,598 [INFO] PluginManage:310 - Check plugin tutovideos
2025-03-21 08:34:56,299 [INFO] PluginManage:359 - Loaded plugin tutovideos (category:base,tabindex:-1)
2025-03-21 08:34:56,299 [INFO] PluginManage:310 - Check plugin updater
2025-03-21 08:34:56,344 [INFO] PluginManage:359 - Loaded plugin updater (category:base,tabindex:12)
2025-03-21 08:34:56,344 [INFO] PluginManage:310 - Check plugin userauth
2025-03-21 08:34:56,355 [INFO] UserAuth:113 - Init User Auth plugin
2025-03-21 08:34:56,356 [INFO] PluginManage:359 - Loaded plugin userauth (category:base,tabindex:14)
2025-03-21 08:34:56,357 [INFO] PluginManage:283 - PluginManage : Loaded plugins [18]
2025-03-21 08:34:56,931 [INFO] PinOutPanel:1561 - setPackage(No Configuration,No Configuration)
2025-03-21 08:34:57,219 [INFO] CADModel:165 - CPN selected for project level
2025-03-21 08:34:57,219 [INFO] CADModel:114 - Register for checkConnection events
2025-03-21 08:34:57,288 [INFO] IPUIPlugin:80 - create IPUIPlugin
2025-03-21 08:34:57,288 [INFO] PluginManager:220 - loadIPPluginJar : add adc
2025-03-21 08:34:57,306 [INFO] IPUIPlugin:80 - create IPUIPlugin
2025-03-21 08:34:57,306 [INFO] PluginManager:220 - loadIPPluginJar : add aes
2025-03-21 08:34:57,325 [INFO] IPUIPlugin:80 - create IPUIPlugin
2025-03-21 08:34:57,326 [INFO] PluginManager:220 - loadIPPluginJar : add can
2025-03-21 08:34:57,339 [INFO] IPUIPlugin:80 - create IPUIPlugin
2025-03-21 08:34:57,339 [INFO] PluginManager:220 - loadIPPluginJar : add comp
2025-03-21 08:34:57,355 [INFO] IPUIPlugin:80 - create IPUIPlugin
2025-03-21 08:34:57,356 [INFO] PluginManager:220 - loadIPPluginJar : add cryp
2025-03-21 08:34:57,377 [INFO] IPUIPlugin:80 - create IPUIPlugin
2025-03-21 08:34:57,378 [INFO] PluginManager:220 - loadIPPluginJar : add ddr_ctrl_phy
2025-03-21 08:34:57,394 [INFO] IPUIPlugin:80 - create IPUIPlugin
2025-03-21 08:34:57,394 [INFO] PluginManager:220 - loadIPPluginJar : add dfsdm
2025-03-21 08:34:57,428 [INFO] IPUIPlugin:80 - create IPUIPlugin
2025-03-21 08:34:57,429 [INFO] PluginManager:220 - loadIPPluginJar : add dma
2025-03-21 08:34:57,445 [INFO] IPUIPlugin:80 - create IPUIPlugin
2025-03-21 08:34:57,445 [INFO] PluginManager:220 - loadIPPluginJar : add dma3
2025-03-21 08:34:57,463 [INFO] IPUIPlugin:80 - create IPUIPlugin
2025-03-21 08:34:57,464 [INFO] PluginManager:220 - loadIPPluginJar : add extmemmanager
2025-03-21 08:34:57,476 [INFO] IPUIPlugin:80 - create IPUIPlugin
2025-03-21 08:34:57,476 [INFO] PluginManager:220 - loadIPPluginJar : add fatfs
2025-03-21 08:34:57,499 [INFO] IPUIPlugin:80 - create IPUIPlugin
2025-03-21 08:34:57,499 [INFO] PluginManager:220 - loadIPPluginJar : add fmc
2025-03-21 08:34:57,634 [INFO] IPUIPlugin:80 - create IPUIPlugin
2025-03-21 08:34:57,635 [INFO] PluginManager:220 - loadIPPluginJar : add freertos
2025-03-21 08:34:57,648 [INFO] IPUIPlugin:80 - create IPUIPlugin
2025-03-21 08:34:57,648 [INFO] PluginManager:220 - loadIPPluginJar : add genericplugin
2025-03-21 08:34:57,673 [INFO] IPUIPlugin:80 - create IPUIPlugin
2025-03-21 08:34:57,674 [INFO] PluginManager:220 - loadIPPluginJar : add gfxmmu
2025-03-21 08:34:57,709 [INFO] IPUIPlugin:80 - create IPUIPlugin
2025-03-21 08:34:57,709 [INFO] PluginManager:220 - loadIPPluginJar : add gic
2025-03-21 08:34:57,763 [INFO] IPUIPlugin:80 - create IPUIPlugin
2025-03-21 08:34:57,764 [INFO] PluginManager:220 - loadIPPluginJar : add gpio
2025-03-21 08:34:57,792 [INFO] IPUIPlugin:80 - create IPUIPlugin
2025-03-21 08:34:57,793 [INFO] PluginManager:220 - loadIPPluginJar : add gtzc
2025-03-21 08:34:57,810 [INFO] IPUIPlugin:80 - create IPUIPlugin
2025-03-21 08:34:57,811 [INFO] PluginManager:220 - loadIPPluginJar : add hash
2025-03-21 08:34:57,833 [INFO] IPUIPlugin:80 - create IPUIPlugin
2025-03-21 08:34:57,834 [INFO] PluginManager:220 - loadIPPluginJar : add i2c
2025-03-21 08:34:57,853 [INFO] IPUIPlugin:80 - create IPUIPlugin
2025-03-21 08:34:57,854 [INFO] PluginManager:220 - loadIPPluginJar : add i2s
2025-03-21 08:34:57,872 [INFO] IPUIPlugin:80 - create IPUIPlugin
2025-03-21 08:34:57,872 [INFO] PluginManager:220 - loadIPPluginJar : add i3c
2025-03-21 08:34:57,896 [INFO] IPUIPlugin:80 - create IPUIPlugin
2025-03-21 08:34:57,896 [INFO] PluginManager:220 - loadIPPluginJar : add ipddr
2025-03-21 08:34:57,931 [INFO] IPUIPlugin:80 - create IPUIPlugin
2025-03-21 08:34:57,932 [INFO] PluginManager:220 - loadIPPluginJar : add linkedlist
2025-03-21 08:34:57,948 [INFO] IPUIPlugin:80 - create IPUIPlugin
2025-03-21 08:34:57,948 [INFO] PluginManager:220 - loadIPPluginJar : add lorawan
2025-03-21 08:34:57,961 [INFO] IPUIPlugin:80 - create IPUIPlugin
2025-03-21 08:34:57,962 [INFO] PluginManager:220 - loadIPPluginJar : add ltdc
2025-03-21 08:34:58,014 [INFO] IPUIPlugin:80 - create IPUIPlugin
2025-03-21 08:34:58,014 [INFO] PluginManager:220 - loadIPPluginJar : add mdma
2025-03-21 08:34:58,063 [INFO] IPUIPlugin:80 - create IPUIPlugin
2025-03-21 08:34:58,064 [INFO] PluginManager:220 - loadIPPluginJar : add nvic
2025-03-21 08:34:58,080 [INFO] IPUIPlugin:80 - create IPUIPlugin
2025-03-21 08:34:58,081 [INFO] PluginManager:220 - loadIPPluginJar : add opamp
2025-03-21 08:34:58,103 [INFO] IPUIPlugin:80 - create IPUIPlugin
2025-03-21 08:34:58,104 [INFO] PluginManager:220 - loadIPPluginJar : add openamp
2025-03-21 08:34:58,123 [INFO] IPUIPlugin:80 - create IPUIPlugin
2025-03-21 08:34:58,123 [INFO] PluginManager:220 - loadIPPluginJar : add pdm2pcm
2025-03-21 08:34:58,180 [INFO] IPUIPlugin:80 - create IPUIPlugin
2025-03-21 08:34:58,186 [INFO] PluginManager:220 - loadIPPluginJar : add plateformsettings
2025-03-21 08:34:58,199 [INFO] IPUIPlugin:80 - create IPUIPlugin
2025-03-21 08:34:58,199 [INFO] PluginManager:220 - loadIPPluginJar : add quadspi
2025-03-21 08:34:58,213 [INFO] IPUIPlugin:80 - create IPUIPlugin
2025-03-21 08:34:58,215 [INFO] PluginManager:220 - loadIPPluginJar : add radio
2025-03-21 08:34:58,342 [INFO] IPUIPlugin:80 - create IPUIPlugin
2025-03-21 08:34:58,343 [INFO] PluginManager:220 - loadIPPluginJar : add resmgrutility
2025-03-21 08:34:58,364 [INFO] IPUIPlugin:80 - create IPUIPlugin
2025-03-21 08:34:58,364 [INFO] PluginManager:220 - loadIPPluginJar : add sai
2025-03-21 08:34:58,382 [INFO] IPUIPlugin:80 - create IPUIPlugin
2025-03-21 08:34:58,383 [INFO] PluginManager:220 - loadIPPluginJar : add spi
2025-03-21 08:34:58,411 [INFO] IPUIPlugin:80 - create IPUIPlugin
2025-03-21 08:34:58,412 [INFO] PluginManager:220 - loadIPPluginJar : add stm32_wpan
2025-03-21 08:34:58,424 [INFO] IPUIPlugin:80 - create IPUIPlugin
2025-03-21 08:34:58,424 [INFO] PluginManager:220 - loadIPPluginJar : add tim
2025-03-21 08:34:58,448 [INFO] IPUIPlugin:80 - create IPUIPlugin
2025-03-21 08:34:58,448 [INFO] PluginManager:220 - loadIPPluginJar : add touchsensing
2025-03-21 08:34:58,461 [INFO] IPUIPlugin:80 - create IPUIPlugin
2025-03-21 08:34:58,461 [INFO] PluginManager:220 - loadIPPluginJar : add tracer_emb
2025-03-21 08:34:58,474 [INFO] IPUIPlugin:80 - create IPUIPlugin
2025-03-21 08:34:58,475 [INFO] PluginManager:220 - loadIPPluginJar : add ts
2025-03-21 08:34:58,486 [INFO] IPUIPlugin:80 - create IPUIPlugin
2025-03-21 08:34:58,487 [INFO] PluginManager:220 - loadIPPluginJar : add tsc
2025-03-21 08:34:58,500 [INFO] IPUIPlugin:80 - create IPUIPlugin
2025-03-21 08:34:58,500 [INFO] PluginManager:220 - loadIPPluginJar : add ucpd
2025-03-21 08:34:58,517 [INFO] IPUIPlugin:80 - create IPUIPlugin
2025-03-21 08:34:58,518 [INFO] PluginManager:220 - loadIPPluginJar : add usart
2025-03-21 08:34:58,536 [INFO] IPUIPlugin:80 - create IPUIPlugin
2025-03-21 08:34:58,537 [INFO] PluginManager:220 - loadIPPluginJar : add usbx
2025-03-21 08:34:58,582 [INFO] ThirdPartyUpdaterWithRetryManager:70 - Updater plugin not ready yet. [2/15]
2025-03-21 08:34:58,802 [INFO] CADModel:165 - CPN selected for project level
2025-03-21 08:34:58,802 [INFO] CADModel:114 - Register for checkConnection events
2025-03-21 08:34:58,803 [FATAL] Updater:334 - Updater called before beeing initialized
2025-03-21 08:34:58,803 [ERROR] CADModel:125 - Updater not yet initialized, retry later 
2025-03-21 08:34:59,158 [INFO] CADModel:165 - CPN selected for project level
2025-03-21 08:34:59,158 [INFO] CADModel:114 - Register for checkConnection events
2025-03-21 08:34:59,158 [FATAL] Updater:334 - Updater called before beeing initialized
2025-03-21 08:34:59,158 [ERROR] CADModel:125 - Updater not yet initialized, retry later 
2025-03-21 08:34:59,166 [FATAL] Updater:334 - Updater called before beeing initialized
2025-03-21 08:34:59,497 [FATAL] Updater:334 - Updater called before beeing initialized
2025-03-21 08:34:59,513 [INFO] DbMcusAds:53 - JSON generation date=Thu Mar 06 15:54:21 CET 2025 (1741272861825)
2025-03-21 08:34:59,514 [FATAL] Updater:334 - Updater called before beeing initialized
2025-03-21 08:34:59,660 [WARN] DetailPanel:346 - Failed to get advertising image, set to default
2025-03-21 08:34:59,971 [FATAL] Updater:334 - Updater called before beeing initialized
2025-03-21 08:34:59,977 [FATAL] Updater:334 - Updater called before beeing initialized
2025-03-21 08:34:59,977 [FATAL] Updater:334 - Updater called before beeing initialized
2025-03-21 08:34:59,978 [WARN] DetailPanel:346 - Failed to get advertising image, set to default
2025-03-21 08:34:59,979 [FATAL] Updater:334 - Updater called before beeing initialized
2025-03-21 08:35:00,150 [ERROR] Updater:1164 - MainUpdater not yet initialized. External WinMGr cannot be set.
2025-03-21 08:35:00,162 [INFO] Updater:1100 - Updater Version found : 6.12.0
2025-03-21 08:35:00,211 [INFO] ApplicationProperties:184 - Using Application install path: C:\ST\STM32CubeIDE_1.13.1\STM32CubeIDE\plugins\com.st.stm32cube.common.mx_6.12.0.202406281431
2025-03-21 08:35:01,583 [INFO] ThirdPartyUpdaterWithRetryManager:70 - Updater plugin not ready yet. [3/15]
2025-03-21 08:35:01,850 [ERROR] LogOutputStream:75 - [STDERR_REDIRECT] Mar 21, 2025 8:35:01 AM java.util.prefs.WindowsPreferences <init>
2025-03-21 08:35:01,855 [ERROR] LogOutputStream:75 - [STDERR_REDIRECT] WARNING: Could not open/create prefs root node Software\JavaSoft\Prefs at root 0xffffffff80000002. Windows RegCreateKeyEx(...) returned error code 5.
2025-03-21 08:35:01,856 [ERROR] LogOutputStream:75 - [STDERR_REDIRECT] 
2025-03-21 08:35:02,939 [INFO] MainUpdater:2873 - connection check result : 10
2025-03-21 08:35:02,940 [INFO] MainUpdater:3567 - Updater definition file requires update
2025-03-21 08:35:02,946 [INFO] MainUpdater:290 - Updater Check For Update Now.
2025-03-21 08:35:02,946 [INFO] MicroXplorer:498 - Change Database Version : DB.6.0.120
2025-03-21 08:35:02,976 [INFO] McuFinderGlobals:63 - Set McuFinder mode to 2 (CubeIDE integrated)
2025-03-21 08:35:02,983 [INFO] UserAuth:417 - Internet connection configuration mode: 1
2025-03-21 08:35:03,046 [INFO] JxBrowserEngine:152 - Initiate JxBrowser Engine with user profile folder
2025-03-21 08:35:03,253 [INFO] ServerAccessManage:473 - Download File updaters.zip
2025-03-21 08:35:03,449 [INFO] FileExtend:240 - Unzip File : updaters.zip
2025-03-21 08:35:03,449 [INFO] FileExtend:255 - Standard Zip Deflate
2025-03-21 08:35:04,584 [WARN] MainUpdater:1194 - Updater busy. Cannot search thirdparties
2025-03-21 08:35:04,585 [INFO] ThirdPartyUpdaterWithRetryManager:96 - Updater plugin is busy. [1/15]
2025-03-21 08:35:06,458 [INFO] ServerAccessManage:473 - Download File PacksControlFlags.xml
2025-03-21 08:35:06,658 [INFO] ServerAccessManage:473 - Download File cubemx.pidx
2025-03-21 08:35:07,587 [WARN] MainUpdater:1194 - Updater busy. Cannot search thirdparties
2025-03-21 08:35:07,589 [INFO] ThirdPartyUpdaterWithRetryManager:96 - Updater plugin is busy. [2/15]
2025-03-21 08:35:07,961 [INFO] WebApp:167 - Instantiating new browser for Auth
2025-03-21 08:35:08,136 [INFO] ServerAccessManage:473 - Download File STMicroelectronics.FP-SNS-FLIGHT1.pdsc
2025-03-21 08:35:10,602 [WARN] MainUpdater:1194 - Updater busy. Cannot search thirdparties
2025-03-21 08:35:10,604 [INFO] ThirdPartyUpdaterWithRetryManager:96 - Updater plugin is busy. [3/15]
2025-03-21 08:35:10,787 [INFO] ServerAccessManage:473 - Download File STMicroelectronics.X-CUBE-AZRTOS-H7RS.pdsc
2025-03-21 08:35:12,211 [INFO] WebApp:448 - Apply proxy settings
2025-03-21 08:35:12,213 [INFO] WebApp:533 - Chromium requires no authentication
2025-03-21 08:35:12,240 [INFO] WebApp:476 - Direct internet connection detected
2025-03-21 08:35:12,345 [INFO] WebApp:869 - Register for checkConnection events
2025-03-21 08:35:12,345 [INFO] WebApp:448 - Apply proxy settings
2025-03-21 08:35:12,346 [INFO] WebApp:533 - Chromium requires no authentication
2025-03-21 08:35:12,347 [INFO] WebApp:476 - Direct internet connection detected
2025-03-21 08:35:12,650 [INFO] WebApp:186 - Connection restablished
2025-03-21 08:35:12,852 [WARN] PopulateThirdPartyThread:106 - Error when creating pack: C:/Users/hugoc/.stm32cubemx/thirdparties/pdsc/STMicroelectronics.FP-SNS-FLIGHT1.pdsc
2025-03-21 08:35:13,482 [WARN] PackLoader:240 - Cannot read IP mode file for STMicroelectronics.X-CUBE-AZRTOS-H7RS.1.1.0
2025-03-21 08:35:13,506 [INFO] PopulateThirdPartyThread:66 - Ending populate Thread
2025-03-21 08:35:13,506 [INFO] CheckServerUpdateThread:120 - End of CheckServer Thread
2025-03-21 08:35:13,510 [INFO] ThirdParty:1030 - CMSIS Pack Vendor :STMicroelectronics X-CUBE-AZRTOS-H7RS 1.1.0
2025-03-21 08:35:13,510 [INFO] LoadServerUpdatesThread:375 - End of LoadServerUpdate Thread
2025-03-21 08:35:13,934 [INFO] WebApp:220 - Starting web application
2025-03-21 08:35:13,934 [INFO] WebApp:578 - Web application path used C:\ST\STM32CubeIDE_1.13.1\STM32CubeIDE\plugins\com.st.stm32cube.common.mx_6.12.0.202406281431\db\plugins\mcufinder\reactClient1\index.html
2025-03-21 08:35:14,341 [INFO] UserAuth:417 - Internet connection configuration mode: 1
2025-03-21 08:35:14,860 [WARN] PackLoader:240 - Cannot read IP mode file for STMicroelectronics.FP-SNS-MOTENVWB1.1.4.0
2025-03-21 08:35:14,889 [WARN] PackLoader:240 - Cannot read IP mode file for STMicroelectronics.FP-ATR-ASTRA1.2.0.2
2025-03-21 08:35:14,900 [WARN] PackLoader:240 - Cannot read IP mode file for STMicroelectronics.FP-ATR-ASTRA1.2.0.1
2025-03-21 08:35:14,927 [WARN] PackLoader:240 - Cannot read IP mode file for STMicroelectronics.X-CUBE-SMBUS.2.1.0
2025-03-21 08:35:14,956 [WARN] PackLoader:240 - Cannot read IP mode file for STMicroelectronics.X-CUBE-WB05N.1.1.0
2025-03-21 08:35:14,974 [WARN] PackLoader:240 - Cannot read IP mode file for STMicroelectronics.X-CUBE-TOUCHGFX.4.23.1
2025-03-21 08:35:14,989 [WARN] PackLoader:240 - Cannot read IP mode file for STMicroelectronics.X-CUBE-TOUCHGFX.4.23.0
2025-03-21 08:35:15,003 [WARN] PackLoader:240 - Cannot read IP mode file for STMicroelectronics.X-CUBE-TOUCHGFX.4.23.2
2025-03-21 08:35:15,061 [WARN] PackLoader:240 - Cannot read IP mode file for STMicroelectronics.X-CUBE-AZRTOS-F7.1.1.0
2025-03-21 08:35:15,087 [WARN] PackLoader:240 - Cannot read IP mode file for STMicroelectronics.FP-SNS-MOTENV1.4.3.2
2025-03-21 08:35:15,223 [WARN] PackLoader:240 - Cannot read IP mode file for STMicroelectronics.X-CUBE-MEMS1.11.0.0
2025-03-21 08:35:15,573 [WARN] PackLoader:240 - Cannot read IP mode file for STMicroelectronics.FP-SNS-FLIGHT1.5.0.2
2025-03-21 08:35:15,594 [WARN] PackLoader:240 - Cannot read IP mode file for STMicroelectronics.X-CUBE-DISPLAY.3.0.0
2025-03-21 08:35:15,621 [WARN] PackLoader:240 - Cannot read IP mode file for STMicroelectronics.X-CUBE-BLE1.7.0.0
2025-03-21 08:35:15,639 [WARN] PackLoader:240 - Cannot read IP mode file for STMicroelectronics.X-CUBE-NFC10.1.0.0
2025-03-21 08:35:15,674 [WARN] PackLoader:240 - Cannot read IP mode file for STMicroelectronics.X-CUBE-BLEMGR.4.0.0
2025-03-21 08:35:15,706 [WARN] PackLoader:240 - Cannot read IP mode file for emotas.I-CUBE-CANOPEN.1.3.0
2025-03-21 08:35:15,718 [WARN] PackLoader:240 - Cannot read IP mode file for STMicroelectronics.X-CUBE-TOUCHGFX.4.22.1
2025-03-21 08:35:15,742 [WARN] PackLoader:240 - Cannot read IP mode file for STMicroelectronics.X-CUBE-BLEMGR.3.1.0
2025-03-21 08:35:15,767 [WARN] PackLoader:240 - Cannot read IP mode file for STMicroelectronics.X-CUBE-AI.10.0.0
2025-03-21 08:35:15,917 [WARN] PackLoader:240 - Cannot read IP mode file for STMicroelectronics.FP-SNS-SMARTAG2.1.2.0
2025-03-21 08:35:15,925 [ERROR] Engine:466 - C:\Users\hugoc\.stm32cubemx\thirdparties\pdsc\STMicroelectronics.FP-SNS-FLIGHT1.5.1.0.pdsc: PDSC version is not supported
2025-03-21 08:35:16,034 [WARN] PackLoader:240 - Cannot read IP mode file for STMicroelectronics.X-CUBE-MEMS1.11.1.0
2025-03-21 08:35:16,308 [INFO] LogOutputStream:77 - [STDOUT_REDIRECT] 1 : Invalid condition id : UX_CORESTACK_Condition cause : null
2025-03-21 08:35:16,310 [INFO] LogOutputStream:77 - [STDOUT_REDIRECT] 1 : Invalid condition id : UX_CORESTACK_Condition cause : null
2025-03-21 08:35:16,314 [INFO] LogOutputStream:77 - [STDOUT_REDIRECT] 1 : Invalid condition id : UX_CORESTACK_Condition cause : null
2025-03-21 08:35:16,320 [INFO] LogOutputStream:77 - [STDOUT_REDIRECT] 1 : Invalid condition id : UX_CORESTACK_Condition cause : null
2025-03-21 08:35:16,322 [INFO] LogOutputStream:77 - [STDOUT_REDIRECT] 1 : Invalid condition id : UX_CORESTACK_Condition cause : null
2025-03-21 08:35:16,328 [WARN] PackLoader:240 - Cannot read IP mode file for STMicroelectronics.X-CUBE-AZRTOS-WL.2.0.0
2025-03-21 08:35:16,342 [WARN] PackLoader:240 - Cannot read IP mode file for STMicroelectronics.FP-SNS-MOTENV1.5.0.0
2025-03-21 08:35:16,362 [WARN] PackLoader:240 - Cannot read IP mode file for wolfSSL.I-CUBE-wolfMQTT.1.19.0
2025-03-21 08:35:16,382 [WARN] PackLoader:240 - Cannot read IP mode file for WES.I-CUBE-Cesium.1.3.0
2025-03-21 08:35:16,398 [WARN] PackLoader:240 - Cannot read IP mode file for STMicroelectronics.X-CUBE-BLE2.3.3.0
2025-03-21 08:35:16,420 [WARN] PackLoader:240 - Cannot read IP mode file for STMicroelectronics.X-CUBE-NFC9.1.0.0
2025-03-21 08:35:16,436 [WARN] PackLoader:240 - Cannot read IP mode file for STMicroelectronics.X-CUBE-BLE1.7.1.0
2025-03-21 08:35:16,457 [WARN] PackLoader:240 - Cannot read IP mode file for STMicroelectronics.X-CUBE-TCPP.4.1.0
2025-03-21 08:35:16,476 [WARN] PackLoader:240 - Cannot read IP mode file for STMicroelectronics.X-CUBE-ALGOBUILD.1.3.0
2025-03-21 08:35:16,529 [WARN] PackLoader:240 - Cannot read IP mode file for STMicroelectronics.X-CUBE-AZRTOS-G0.1.1.0
2025-03-21 08:35:16,557 [WARN] PackLoader:240 - Cannot read IP mode file for STMicroelectronics.X-CUBE-SAFEA1.1.2.2
2025-03-21 08:35:16,576 [WARN] PackLoader:240 - Cannot read IP mode file for STMicroelectronics.X-CUBE-NFC4.3.0.0
2025-03-21 08:35:16,590 [WARN] PackLoader:240 - Cannot read IP mode file for wolfSSL.I-CUBE-wolfMQTT.1.18.0
2025-03-21 08:35:16,631 [WARN] PackLoader:240 - Cannot read IP mode file for EmbeddedOffice.I-CUBE-FS-RTOS.1.0.1
2025-03-21 08:35:16,633 [ERROR] ConditionMgr:805 - Attr not supported : Dmpu
2025-03-21 08:35:16,635 [ERROR] ConditionMgr:805 - Attr not supported : Dmpu
2025-03-21 08:35:16,635 [ERROR] ConditionMgr:805 - Attr not supported : Dmpu
2025-03-21 08:35:16,635 [ERROR] ConditionMgr:805 - Attr not supported : Dmpu
2025-03-21 08:35:16,637 [ERROR] ConditionMgr:805 - Attr not supported : Dmpu
2025-03-21 08:35:16,637 [ERROR] ConditionMgr:805 - Attr not supported : Dmpu
2025-03-21 08:35:16,637 [ERROR] ConditionMgr:805 - Attr not supported : Dmpu
2025-03-21 08:35:16,670 [ERROR] ConditionMgr:805 - Attr not supported : Dmpu
2025-03-21 08:35:16,670 [ERROR] ConditionMgr:805 - Attr not supported : Dmpu
2025-03-21 08:35:16,670 [ERROR] ConditionMgr:805 - Attr not supported : Dmpu
2025-03-21 08:35:16,672 [ERROR] ConditionMgr:805 - Attr not supported : Dmpu
2025-03-21 08:35:16,672 [ERROR] ConditionMgr:805 - Attr not supported : Dmpu
2025-03-21 08:35:16,672 [ERROR] ConditionMgr:805 - Attr not supported : Dmpu
2025-03-21 08:35:16,672 [ERROR] ConditionMgr:805 - Attr not supported : Dmpu
2025-03-21 08:35:16,672 [ERROR] ConditionMgr:805 - Attr not supported : Dmpu
2025-03-21 08:35:16,672 [ERROR] ConditionMgr:805 - Attr not supported : Dmpu
2025-03-21 08:35:16,672 [ERROR] ConditionMgr:805 - Attr not supported : Dmpu
2025-03-21 08:35:16,672 [ERROR] ConditionMgr:805 - Attr not supported : Dmpu
2025-03-21 08:35:16,672 [ERROR] ConditionMgr:805 - Attr not supported : Dmpu
2025-03-21 08:35:16,672 [ERROR] ConditionMgr:805 - Attr not supported : Dmpu
2025-03-21 08:35:16,672 [ERROR] ConditionMgr:805 - Attr not supported : Dmpu
2025-03-21 08:35:16,672 [ERROR] ConditionMgr:805 - Attr not supported : Dmpu
2025-03-21 08:35:16,672 [ERROR] ConditionMgr:805 - Attr not supported : Dmpu
2025-03-21 08:35:16,674 [ERROR] ConditionMgr:805 - Attr not supported : Dmpu
2025-03-21 08:35:16,674 [ERROR] ConditionMgr:805 - Attr not supported : Dmpu
2025-03-21 08:35:16,676 [ERROR] ConditionMgr:805 - Attr not supported : Dmpu
2025-03-21 08:35:16,676 [ERROR] ConditionMgr:805 - Attr not supported : Dmpu
2025-03-21 08:35:16,676 [ERROR] ConditionMgr:805 - Attr not supported : Dmpu
2025-03-21 08:35:16,676 [ERROR] ConditionMgr:805 - Attr not supported : Dmpu
2025-03-21 08:35:16,676 [ERROR] ConditionMgr:805 - Attr not supported : Dmpu
2025-03-21 08:35:16,676 [ERROR] ConditionMgr:805 - Attr not supported : Dmpu
2025-03-21 08:35:16,678 [ERROR] ConditionMgr:805 - Attr not supported : Dmpu
2025-03-21 08:35:16,680 [ERROR] ConditionMgr:805 - Attr not supported : Dmpu
2025-03-21 08:35:16,680 [ERROR] ConditionMgr:805 - Attr not supported : Dmpu
2025-03-21 08:35:16,680 [ERROR] ConditionMgr:805 - Attr not supported : Dmpu
2025-03-21 08:35:16,680 [ERROR] ConditionMgr:805 - Attr not supported : Dmpu
2025-03-21 08:35:16,680 [ERROR] ConditionMgr:805 - Attr not supported : Dmpu
2025-03-21 08:35:16,680 [ERROR] ConditionMgr:805 - Attr not supported : Dmpu
2025-03-21 08:35:16,682 [ERROR] ConditionMgr:805 - Attr not supported : Dmpu
2025-03-21 08:35:16,686 [ERROR] ConditionMgr:805 - Attr not supported : Dmpu
2025-03-21 08:35:16,686 [ERROR] ConditionMgr:805 - Attr not supported : Dmpu
2025-03-21 08:35:16,686 [ERROR] ConditionMgr:805 - Attr not supported : Dmpu
2025-03-21 08:35:16,686 [ERROR] ConditionMgr:805 - Attr not supported : Dmpu
2025-03-21 08:35:16,692 [ERROR] ConditionMgr:805 - Attr not supported : Dmpu
2025-03-21 08:35:16,692 [ERROR] ConditionMgr:805 - Attr not supported : Dmpu
2025-03-21 08:35:16,692 [ERROR] ConditionMgr:805 - Attr not supported : Dmpu
2025-03-21 08:35:16,692 [ERROR] ConditionMgr:805 - Attr not supported : Dmpu
2025-03-21 08:35:16,692 [ERROR] ConditionMgr:805 - Attr not supported : Dmpu
2025-03-21 08:35:16,692 [ERROR] ConditionMgr:805 - Attr not supported : Dmpu
2025-03-21 08:35:16,694 [ERROR] ConditionMgr:805 - Attr not supported : Dmpu
2025-03-21 08:35:16,694 [ERROR] ConditionMgr:805 - Attr not supported : Dmpu
2025-03-21 08:35:16,696 [ERROR] ConditionMgr:805 - Attr not supported : Dmpu
2025-03-21 08:35:16,696 [ERROR] ConditionMgr:805 - Attr not supported : Dmpu
2025-03-21 08:35:16,698 [ERROR] ConditionMgr:805 - Attr not supported : Dmpu
2025-03-21 08:35:16,698 [ERROR] ConditionMgr:805 - Attr not supported : Dmpu
2025-03-21 08:35:16,698 [ERROR] ConditionMgr:805 - Attr not supported : Dmpu
2025-03-21 08:35:16,698 [ERROR] ConditionMgr:805 - Attr not supported : Dmpu
2025-03-21 08:35:16,700 [ERROR] ConditionMgr:805 - Attr not supported : Dmpu
2025-03-21 08:35:16,700 [ERROR] ConditionMgr:805 - Attr not supported : Dmpu
2025-03-21 08:35:16,702 [ERROR] ConditionMgr:805 - Attr not supported : Dmpu
2025-03-21 08:35:16,702 [ERROR] ConditionMgr:805 - Attr not supported : Dmpu
2025-03-21 08:35:16,702 [ERROR] ConditionMgr:805 - Attr not supported : Dmpu
2025-03-21 08:35:16,702 [ERROR] ConditionMgr:805 - Attr not supported : Dmpu
2025-03-21 08:35:16,704 [ERROR] ConditionMgr:805 - Attr not supported : Dmpu
2025-03-21 08:35:16,747 [WARN] PackLoader:240 - Cannot read IP mode file for STMicroelectronics.X-CUBE-BLEMGR.3.0.0
2025-03-21 08:35:16,820 [ERROR] Engine:466 - C:\Users\hugoc\.stm32cubemx\thirdparties\pdsc\STMicroelectronics.X-CUBE-TCPP.4.2.0.pdsc: PDSC version is not supported
2025-03-21 08:35:16,840 [WARN] PackLoader:240 - Cannot read IP mode file for RealThread.X-CUBE-RT-Thread_Nano.4.1.1
2025-03-21 08:35:16,859 [WARN] PackLoader:240 - Cannot read IP mode file for STMicroelectronics.FP-ATR-SIGFOX1.3.2.0
2025-03-21 08:35:16,881 [WARN] ConditionMgr:438 - getConditionDescription Invalid condition id : Cortex-A Device cause : null
2025-03-21 08:35:16,912 [WARN] ConditionMgr:1039 - genDependencies : Invalid condition id : Cortex-A Device cause : null
2025-03-21 08:35:16,914 [WARN] ConditionMgr:1039 - genDependencies : Invalid condition id : Cortex-A Device cause : null
2025-03-21 08:35:16,914 [WARN] ConditionMgr:1039 - genDependencies : Invalid condition id : Cortex-A Device cause : null
2025-03-21 08:35:16,942 [WARN] PackLoader:240 - Cannot read IP mode file for STMicroelectronics.X-CUBE-EEPRMA1.5.1.0
2025-03-21 08:35:17,038 [WARN] PackLoader:240 - Cannot read IP mode file for SEGGER.I-CUBE-embOS.1.3.1
2025-03-21 08:35:17,188 [WARN] PackLoader:240 - Cannot read IP mode file for STMicroelectronics.X-CUBE-ALGOBUILD.1.4.0
2025-03-21 08:35:17,211 [WARN] PackLoader:240 - Cannot read IP mode file for STMicroelectronics.X-CUBE-AI.9.1.0
2025-03-21 08:35:17,256 [WARN] PackLoader:240 - Cannot read IP mode file for STMicroelectronics.X-CUBE-GNSS1.6.0.0
2025-03-21 08:35:17,361 [WARN] PackLoader:240 - Cannot read IP mode file for STMicroelectronics.X-CUBE-AZRTOS-F4.1.1.0
2025-03-21 08:35:17,379 [WARN] PackLoader:240 - Cannot read IP mode file for wolfSSL.I-CUBE-wolfSSL.5.6.3
2025-03-21 08:35:17,387 [WARN] PackLoader:240 - Cannot read IP mode file for STMicroelectronics.X-CUBE-ISPU.2.1.0
2025-03-21 08:35:17,412 [WARN] PackLoader:240 - Cannot read IP mode file for STMicroelectronics.X-CUBE-FREERTOS.1.2.0
2025-03-21 08:35:17,460 [WARN] PackLoader:240 - Cannot read IP mode file for STMicroelectronics.X-CUBE-AZRTOS-L5.2.0.0
2025-03-21 08:35:17,482 [WARN] PackLoader:240 - Cannot read IP mode file for STMicroelectronics.X-CUBE-EEPRMA1.4.2.0
2025-03-21 08:35:17,509 [WARN] PackLoader:240 - Cannot read IP mode file for STMicroelectronics.X-CUBE-NFC6.3.1.0
2025-03-21 08:35:17,534 [WARN] PackLoader:240 - Cannot read IP mode file for ITTIA_DB.I-CUBE-ITTIADB.8.8.0
2025-03-21 08:35:17,556 [WARN] PackLoader:240 - Cannot read IP mode file for STMicroelectronics.X-CUBE-BLEMGR.2.0.0
2025-03-21 08:35:17,576 [WARN] PackLoader:240 - Cannot read IP mode file for STMicroelectronics.X-CUBE-DPower.1.2.0
2025-03-21 08:35:17,590 [WARN] PackLoader:240 - Cannot read IP mode file for STMicroelectronics.X-CUBE-AI.9.0.0
2025-03-21 08:35:17,640 [WARN] ConditionMgr:438 - getConditionDescription Invalid condition id : UX DEVICE CLASS RTOS Condition cause : null
2025-03-21 08:35:17,642 [WARN] ConditionMgr:438 - getConditionDescription Invalid condition id : UX DEVICE CLASS RTOS Condition cause : null
2025-03-21 08:35:17,648 [WARN] PackLoader:240 - Cannot read IP mode file for STMicroelectronics.X-CUBE-AZRTOS-H7.3.1.0
2025-03-21 08:35:17,650 [WARN] ConditionMgr:1039 - genDependencies : Invalid condition id : UX DEVICE CLASS RTOS Condition cause : null
2025-03-21 08:35:17,652 [WARN] ConditionMgr:1039 - genDependencies : Invalid condition id : UX DEVICE CLASS RTOS Condition cause : null
2025-03-21 08:35:17,654 [WARN] ConditionMgr:1039 - genDependencies : Invalid condition id : UX DEVICE CLASS RTOS Condition cause : null
2025-03-21 08:35:17,656 [WARN] ConditionMgr:1039 - genDependencies : Invalid condition id : UX DEVICE CLASS RTOS Condition cause : null
2025-03-21 08:35:17,656 [WARN] ConditionMgr:1039 - genDependencies : Invalid condition id : UX DEVICE CLASS RTOS Condition cause : null
2025-03-21 08:35:17,672 [WARN] PackLoader:240 - Cannot read IP mode file for STMicroelectronics.X-CUBE-FREERTOS.1.3.0
2025-03-21 08:35:17,697 [WARN] PackLoader:240 - Cannot read IP mode file for STMicroelectronics.X-CUBE-NFC7.1.0.1
2025-03-21 08:35:17,715 [WARN] PackLoader:240 - Cannot read IP mode file for wolfSSL.I-CUBE-wolfTPM.3.2.0
2025-03-21 08:35:17,733 [WARN] PackLoader:240 - Cannot read IP mode file for STMicroelectronics.X-CUBE-NFC6.3.0.0
2025-03-21 08:35:17,753 [WARN] PackLoader:240 - Cannot read IP mode file for STMicroelectronics.X-CUBE-EEPRMA1.4.1.0
2025-03-21 08:35:17,769 [WARN] PackLoader:240 - Cannot read IP mode file for STMicroelectronics.X-CUBE-AI.8.1.0
2025-03-21 08:35:17,826 [WARN] ConditionMgr:438 - getConditionDescription Invalid condition id : LAN8742 Phy interface Condition cause : null
2025-03-21 08:35:17,828 [WARN] PackLoader:240 - Cannot read IP mode file for STMicroelectronics.X-CUBE-AZRTOS-L4.2.0.0
2025-03-21 08:35:17,832 [WARN] ConditionMgr:1039 - genDependencies : Invalid condition id : LAN8742 Phy interface Condition cause : null
2025-03-21 08:35:17,832 [WARN] ConditionMgr:1039 - genDependencies : Invalid condition id : LAN8742 Phy interface Condition cause : null
2025-03-21 08:35:17,834 [WARN] ConditionMgr:1039 - genDependencies : Invalid condition id : LAN8742 Phy interface Condition cause : null
2025-03-21 08:35:17,859 [WARN] PackLoader:240 - Cannot read IP mode file for STMicroelectronics.X-CUBE-SFXS2LP1.4.0.0
2025-03-21 08:35:17,875 [WARN] PackLoader:240 - Cannot read IP mode file for STMicroelectronics.X-CUBE-ISPU.1.1.0
2025-03-21 08:35:17,940 [WARN] PackLoader:240 - Cannot read IP mode file for STMicroelectronics.X-CUBE-AZRTOS-H7.3.3.0
2025-03-21 08:35:17,979 [WARN] PackLoader:240 - Cannot read IP mode file for STMicroelectronics.X-CUBE-IPS.3.0.0
2025-03-21 08:35:18,022 [WARN] ConditionMgr:438 - getConditionDescription Invalid condition id : UX DEVICE CLASS RTOS Condition cause : null
2025-03-21 08:35:18,022 [WARN] ConditionMgr:438 - getConditionDescription Invalid condition id : UX DEVICE CLASS RTOS Condition cause : null
2025-03-21 08:35:18,028 [WARN] PackLoader:240 - Cannot read IP mode file for STMicroelectronics.X-CUBE-AZRTOS-WB.2.0.0
2025-03-21 08:35:18,028 [WARN] ConditionMgr:1039 - genDependencies : Invalid condition id : UX DEVICE CLASS RTOS Condition cause : null
2025-03-21 08:35:18,030 [WARN] ConditionMgr:1039 - genDependencies : Invalid condition id : UX DEVICE CLASS RTOS Condition cause : null
2025-03-21 08:35:18,030 [WARN] ConditionMgr:1039 - genDependencies : Invalid condition id : UX DEVICE CLASS RTOS Condition cause : null
2025-03-21 08:35:18,030 [WARN] ConditionMgr:1039 - genDependencies : Invalid condition id : UX DEVICE CLASS RTOS Condition cause : null
2025-03-21 08:35:18,032 [WARN] ConditionMgr:1039 - genDependencies : Invalid condition id : UX DEVICE CLASS RTOS Condition cause : null
2025-03-21 08:35:18,048 [WARN] PackLoader:240 - Cannot read IP mode file for STMicroelectronics.X-CUBE-GNSS1.7.0.0
2025-03-21 08:35:18,065 [WARN] PackLoader:240 - Cannot read IP mode file for STMicroelectronics.X-CUBE-GNSS1.7.0.1
2025-03-21 08:35:18,079 [WARN] PackLoader:240 - Cannot read IP mode file for STMicroelectronics.X-CUBE-TOUCHGFX.4.25.0
2025-03-21 08:35:18,093 [WARN] PackLoader:240 - Cannot read IP mode file for STMicroelectronics.FP-SNS-STBOX1.2.0.0
2025-03-21 08:35:18,133 [WARN] PackLoader:240 - Cannot read IP mode file for STMicroelectronics.X-CUBE-SUBG2.5.0.0
2025-03-21 08:35:18,209 [WARN] PackLoader:240 - Cannot read IP mode file for STMicroelectronics.X-CUBE-AZRTOS-H7RS.1.1.0
2025-03-21 08:35:18,257 [WARN] PackLoader:240 - Cannot read IP mode file for STMicroelectronics.X-CUBE-TOF1.3.3.1
2025-03-21 08:35:18,319 [WARN] PackLoader:240 - Cannot read IP mode file for STMicroelectronics.X-CUBE-AZRTOS-G4.2.0.0
2025-03-21 08:35:18,366 [WARN] PackLoader:240 - Cannot read IP mode file for Infineon.AIROC-Wi-Fi-Bluetooth-STM32.1.5.1
2025-03-21 08:35:18,386 [WARN] PackLoader:240 - Cannot read IP mode file for STMicroelectronics.FP-SNS-MOTENVWB1.1.3.1
2025-03-21 08:35:18,404 [WARN] PackLoader:240 - Cannot read IP mode file for STMicroelectronics.X-CUBE-ISPU.2.0.0
2025-03-21 08:35:18,421 [ERROR] Engine:466 - C:\Users\hugoc\.stm32cubemx\thirdparties\pdsc\STMicroelectronics.X-CUBE-IPS.3.1.0.pdsc: PDSC version is not supported
2025-03-21 08:35:18,437 [WARN] PackLoader:240 - Cannot read IP mode file for STMicroelectronics.X-CUBE-ALS.1.0.2
2025-03-21 08:35:18,531 [WARN] PackLoader:240 - Cannot read IP mode file for STMicroelectronics.X-CUBE-MEMS1.10.0.0
2025-03-21 08:35:18,800 [WARN] PackLoader:240 - Cannot read IP mode file for STMicroelectronics.X-CUBE-FREERTOS.1.1.0
2025-03-21 08:35:18,815 [WARN] PackLoader:240 - Cannot read IP mode file for STMicroelectronics.X-CUBE-TOUCHGFX.4.24.0
2025-03-21 08:35:18,832 [WARN] PackLoader:240 - Cannot read IP mode file for STMicroelectronics.X-CUBE-TOUCHGFX.4.24.2
2025-03-21 08:35:18,847 [WARN] PackLoader:240 - Cannot read IP mode file for STMicroelectronics.X-CUBE-TOUCHGFX.4.24.1
2025-03-21 08:35:18,867 [WARN] PackLoader:240 - Cannot read IP mode file for portGmbH.I-Cube-SoM-uGOAL.1.1.0
2025-03-21 08:35:18,879 [WARN] PackLoader:240 - Cannot read IP mode file for STMicroelectronics.X-CUBE-ALS.1.0.1
2025-03-21 08:35:18,930 [WARN] PackLoader:240 - Cannot read IP mode file for STMicroelectronics.X-CUBE-AZRTOS-H7RS.1.0.0
2025-03-21 08:35:18,946 [WARN] PackLoader:240 - Cannot read IP mode file for STMicroelectronics.FP-ATR-ASTRA1.2.0.0
2025-03-21 08:35:18,981 [WARN] PackLoader:240 - Cannot read IP mode file for STMicroelectronics.X-CUBE-TOF1.3.4.2
2025-03-21 08:35:19,032 [WARN] PackLoader:240 - Cannot read IP mode file for STMicroelectronics.X-CUBE-TOF1.3.4.0
2025-03-21 08:35:19,077 [WARN] PackLoader:240 - Cannot read IP mode file for STMicroelectronics.X-CUBE-TOF1.3.4.1
2025-03-21 08:35:19,147 [WARN] PackLoader:240 - Cannot read IP mode file for STMicroelectronics.X-CUBE-AZRTOS-H7.3.2.0
2025-03-21 08:35:19,170 [WARN] PackLoader:240 - Cannot read IP mode file for wolfSSL.I-CUBE-wolfSSH.1.4.17
2025-03-21 08:35:19,172 [INFO] ThirdParty:978 - Integrity check success = true
2025-03-21 08:35:19,172 [INFO] IntegrityCheckThread:100 - exiting critical section [integrity check]
2025-03-21 08:35:19,172 [INFO] IntegrityCheckThread:103 - End integrity checks thread
2025-03-21 08:36:06,061 [INFO] McuFinderGlobals:63 - Set McuFinder mode to 2 (CubeIDE integrated)
2025-03-21 08:36:06,082 [INFO] MainUpdater:2873 - connection check result : 10
2025-03-21 08:36:06,092 [INFO] MainUpdater:2873 - connection check result : 10
2025-03-21 08:36:06,290 [INFO] RulesReader:64 - Compatibility file has been processed (297 Rules)
2025-03-21 08:36:06,325 [INFO] RulesReader:64 - Compatibility file has been processed (297 Rules)
2025-03-21 08:36:06,335 [INFO] MicroXplorer:468 - Change Database Path : 
2025-03-21 08:36:06,335 [INFO] MicroXplorer:498 - Change Database Version : DB.6.0.120
2025-03-21 08:36:06,363 [WARN] ThirdParty:871 - waiting for thirdparty lock release [close project]
2025-03-21 08:36:06,366 [INFO] ThirdParty:873 - entering critical section [close project]
2025-03-21 08:36:06,368 [INFO] ThirdParty:883 - exiting critical section [close project]
2025-03-21 08:36:06,374 [INFO] PinOutPanel:1561 - setPackage(No Configuration,No Configuration)
2025-03-21 08:36:06,386 [INFO] UtilMem:75 - Begin LoadConfig() Used Memory: 478994696 Bytes (760217600)
2025-03-21 08:36:06,394 [INFO] MicroXplorer:468 - Change Database Path : 
2025-03-21 08:36:06,394 [INFO] MicroXplorer:498 - Change Database Version : DB.6.0.120
2025-03-21 08:36:06,398 [INFO] OpenFileManager:332 - Change cursor
2025-03-21 08:36:06,446 [INFO] ThirdPartyDownloadManager:103 - Found SW packSTMicroelectronics.X-CUBE-AI.10.0.0up-to-date on disk
2025-03-21 08:36:06,530 [INFO] Mcu:2032 - Initializing MCU STM32L4R9A(G-I)Ix STM32L4R9AIIx STM32L4R9AII6
2025-03-21 08:36:39,152 [INFO] Context:742 - Trying to add GPIOservice into a context  which must be forbidden
2025-03-21 08:36:41,915 [INFO] ApiDbMcu:508 - Load IP Config File for STMicroelectronics.X-CUBE-AI.10.0.0
2025-03-21 08:36:43,016 [INFO] RtosManager:555 - Registered RTOS mode: class=CMSIS, group=RTOS, mode=CMSIS_V1, owner=FREERTOS
2025-03-21 08:36:43,017 [INFO] RtosManager:555 - Registered RTOS mode: class=CMSIS, group=RTOS2, mode=CMSIS_V2, owner=FREERTOS
2025-03-21 08:36:43,017 [INFO] RtosManager:555 - Registered RTOS mode: class=RTOS, group=Core, mode=CMSIS_V1, owner=FREERTOS
2025-03-21 08:36:43,017 [INFO] RtosManager:555 - Registered RTOS mode: class=RTOS, group=Core, mode=CMSIS_V2, owner=FREERTOS
2025-03-21 08:36:43,018 [WARN] ModelIntegratedComponent:184 - Missing modes for component STMicroelectronics:FreeRTOS:0.0.1:STMicroelectronics:RTOS:FreeRTOS:Core:::10.2.0:
2025-03-21 08:36:43,043 [WARN] ModelIntegratedComponent:63 - No mode defined for component null
2025-03-21 08:36:43,044 [WARN] ModelIntegratedComponent:63 - No mode defined for component null
2025-03-21 08:36:43,044 [WARN] ModelIntegratedComponent:63 - No mode defined for component null
2025-03-21 08:36:43,044 [WARN] ModelIntegratedComponent:63 - No mode defined for component null
2025-03-21 08:36:43,044 [WARN] ModelIntegratedComponent:63 - No mode defined for component null
2025-03-21 08:36:43,044 [WARN] ModelIntegratedComponent:63 - No mode defined for component null
2025-03-21 08:36:43,045 [WARN] ModelIntegratedComponent:63 - No mode defined for component null
2025-03-21 08:36:43,045 [WARN] ModelIntegratedComponent:63 - No mode defined for component null
2025-03-21 08:36:43,045 [WARN] ModelIntegratedComponent:63 - No mode defined for component null
2025-03-21 08:36:43,045 [WARN] ModelIntegratedComponent:63 - No mode defined for component null
2025-03-21 08:36:43,045 [WARN] ModelIntegratedComponent:63 - No mode defined for component null
2025-03-21 08:36:43,045 [WARN] ModelIntegratedComponent:63 - No mode defined for component null
2025-03-21 08:36:43,045 [WARN] ModelIntegratedComponent:63 - No mode defined for component null
2025-03-21 08:36:43,045 [WARN] ModelIntegratedComponent:63 - No mode defined for component null
2025-03-21 08:36:43,046 [WARN] ModelIntegratedComponent:63 - No mode defined for component null
2025-03-21 08:36:43,046 [WARN] ModelIntegratedComponent:63 - No mode defined for component null
2025-03-21 08:36:43,046 [WARN] ModelIntegratedComponent:63 - No mode defined for component null
2025-03-21 08:36:43,046 [WARN] ModelIntegratedComponent:63 - No mode defined for component null
2025-03-21 08:36:43,046 [WARN] ModelIntegratedComponent:63 - No mode defined for component null
2025-03-21 08:36:43,046 [WARN] ModelIntegratedComponent:63 - No mode defined for component null
2025-03-21 08:36:43,046 [WARN] ModelIntegratedComponent:63 - No mode defined for component null
2025-03-21 08:36:43,047 [WARN] ModelIntegratedComponent:63 - No mode defined for component null
2025-03-21 08:36:43,047 [WARN] ModelIntegratedComponent:63 - No mode defined for component null
2025-03-21 08:36:43,050 [WARN] ModelIntegratedComponent:63 - No mode defined for component null
2025-03-21 08:36:43,050 [WARN] ModelIntegratedComponent:63 - No mode defined for component null
2025-03-21 08:36:43,051 [WARN] ModelIntegratedComponent:63 - No mode defined for component null
2025-03-21 08:36:43,051 [WARN] ModelIntegratedComponent:63 - No mode defined for component null
2025-03-21 08:36:43,051 [WARN] ModelIntegratedComponent:63 - No mode defined for component null
2025-03-21 08:36:43,051 [WARN] ModelIntegratedComponent:63 - No mode defined for component null
2025-03-21 08:36:43,051 [WARN] ModelIntegratedComponent:63 - No mode defined for component null
2025-03-21 08:36:43,051 [WARN] ModelIntegratedComponent:63 - No mode defined for component null
2025-03-21 08:36:43,052 [WARN] ModelIntegratedComponent:63 - No mode defined for component null
2025-03-21 08:36:43,052 [WARN] ModelIntegratedComponent:63 - No mode defined for component null
2025-03-21 08:36:43,052 [WARN] ModelIntegratedComponent:63 - No mode defined for component null
2025-03-21 08:36:43,052 [WARN] ModelIntegratedComponent:63 - No mode defined for component null
2025-03-21 08:36:43,053 [WARN] ModelPack:524 - Component already loaded: STMicroelectronics:HAL Drivers:0.0.0:STMicroelectronics:Device:STMicro_Driver:XSPI:HAL::0.0.1:HAL_XSPI
2025-03-21 08:36:44,042 [INFO] IPUIPlugin:80 - create IPUIPlugin
2025-03-21 08:36:44,093 [INFO] PluginManager:220 - loadIPPluginJar : add ai.10.0.0
2025-03-21 08:36:46,537 [INFO] Middleware:612 - instanceName : STMicroelectronics.X-CUBE-AI.10.0.0 bspName : COM Port check condition failed for : !SEMDeviceJjApplicationJjApplicationTemplate
2025-03-21 08:36:46,538 [INFO] Middleware:612 - instanceName : STMicroelectronics.X-CUBE-AI.10.0.0 bspName : COM Port check condition failed for : !SEMDeviceJjApplicationJjApplicationTemplate
2025-03-21 08:36:46,540 [INFO] Middleware:612 - instanceName : STMicroelectronics.X-CUBE-AI.10.0.0 bspName : COM Port check condition failed for : !SEMDeviceJjApplicationJjApplicationTemplate
2025-03-21 08:36:46,626 [INFO] ThirdPartyModel:298 - Start build external matchings
2025-03-21 08:36:52,588 [INFO] ThirdPartyModel:316 - End build external matchings
2025-03-21 08:36:52,844 [INFO] ImportTextPane:205 - (OptionalMessage_ERROR) IP (RCC) : Parameter (DSIFreq_Value) has invalid value (64000000)
2025-03-21 08:36:52,844 [INFO] ImportTextPane:205 - (OptionalMessage_ERROR) IP (RCC) : Parameter (DSIRXEscFreq_Value) has invalid value (100000000)
2025-03-21 08:36:52,845 [INFO] ImportTextPane:205 - (OptionalMessage_ERROR) IP (RCC) : Invalid parameter (FamilyName)
2025-03-21 08:36:52,845 [INFO] ImportTextPane:205 - (OptionalMessage_ERROR) IP (RCC) : Invalid parameter (LTDCCLKoutputFreq_Value)
2025-03-21 08:36:52,845 [INFO] ImportTextPane:205 - (OptionalMessage_ERROR) IP (RCC) : Parameter (PLLDSIFreq_Value) has invalid value (512000000)
2025-03-21 08:36:52,846 [INFO] ImportTextPane:205 - (OptionalMessage_ERROR) IP (RCC) : Parameter (PLLDSIVCOFreq_Value) has invalid value (1024000000)
2025-03-21 08:36:52,848 [INFO] ImportTextPane:205 - (OptionalMessage_ERROR) IP (RCC) : Invalid parameter (SDIOFreq_Value)
2025-03-21 08:36:52,876 [INFO] ImportTextPane:205 - (OptionalMessage_ERROR) IP (STMicroelectronics.X-CUBE-AI.10.0.0) : Parameter (ModelName) has Id (e7202a7dc3442564aff9ae2f839d331ee249c720a91223bedd371705b8eea04d) currently not set
2025-03-21 08:36:52,876 [INFO] ImportTextPane:205 - (OptionalMessage_ERROR) IP (STMicroelectronics.X-CUBE-AI.10.0.0) : Parameter (ModelKind) has Id (e7202a7dc3442564aff9ae2f839d331ee249c720a91223bedd371705b8eea04d) currently not set
2025-03-21 08:36:52,877 [INFO] ImportTextPane:205 - (OptionalMessage_ERROR) IP (STMicroelectronics.X-CUBE-AI.10.0.0) : Parameter (ModelCompression) has Id (e7202a7dc3442564aff9ae2f839d331ee249c720a91223bedd371705b8eea04d) currently not set
2025-03-21 08:36:52,877 [INFO] ImportTextPane:205 - (OptionalMessage_ERROR) IP (STMicroelectronics.X-CUBE-AI.10.0.0) : Parameter (ModelStructureFile) has Id (e7202a7dc3442564aff9ae2f839d331ee249c720a91223bedd371705b8eea04d) currently not set
2025-03-21 08:36:52,877 [INFO] ImportTextPane:205 - (OptionalMessage_ERROR) IP (STMicroelectronics.X-CUBE-AI.10.0.0) : Invalid parameter (LatestDirectoryUsed)
2025-03-21 08:36:52,877 [INFO] ImportTextPane:205 - (OptionalMessage_ERROR) IP (STMicroelectronics.X-CUBE-AI.10.0.0) : Invalid parameter (ValidationInputFileHistory)
2025-03-21 08:36:52,877 [INFO] ImportTextPane:205 - (OptionalMessage_ERROR) IP (STMicroelectronics.X-CUBE-AI.10.0.0) : Parameter (ModelActualCompression) has Id (e7202a7dc3442564aff9ae2f839d331ee249c720a91223bedd371705b8eea04d) currently not set
2025-03-21 08:36:52,877 [INFO] ImportTextPane:205 - (OptionalMessage_ERROR) IP (STMicroelectronics.X-CUBE-AI.10.0.0) : Parameter (ModelFlashOccupation) has Id (e7202a7dc3442564aff9ae2f839d331ee249c720a91223bedd371705b8eea04d) currently not set
2025-03-21 08:36:52,878 [INFO] ImportTextPane:205 - (OptionalMessage_ERROR) IP (STMicroelectronics.X-CUBE-AI.10.0.0) : Parameter (ModelMacc) has Id (e7202a7dc3442564aff9ae2f839d331ee249c720a91223bedd371705b8eea04d) currently not set
2025-03-21 08:36:52,878 [INFO] ImportTextPane:205 - (OptionalMessage_ERROR) IP (STMicroelectronics.X-CUBE-AI.10.0.0) : Parameter (ModelRamOccupation) has Id (e7202a7dc3442564aff9ae2f839d331ee249c720a91223bedd371705b8eea04d) currently not set
2025-03-21 08:36:52,878 [INFO] ImportTextPane:205 - (OptionalMessage_ERROR) IP (STMicroelectronics.X-CUBE-AI.10.0.0) : Parameter (ModelType) has Id (e7202a7dc3442564aff9ae2f839d331ee249c720a91223bedd371705b8eea04d) currently not set
2025-03-21 08:36:52,878 [INFO] ImportTextPane:205 - (OptionalMessage_ERROR) IP (STMicroelectronics.X-CUBE-AI.10.0.0) : Invalid parameter (ValidationOutputFileHistory)
2025-03-21 08:36:52,878 [INFO] ImportTextPane:205 - (OptionalMessage_ERROR) IP (STMicroelectronics.X-CUBE-AI.10.0.0) : Invalid parameter (ValidationInputFile)
2025-03-21 08:36:52,879 [INFO] ImportTextPane:205 - (OptionalMessage_ERROR) IP (STMicroelectronics.X-CUBE-AI.10.0.0) : Invalid parameter (ValidationOutputFile)
2025-03-21 08:36:52,879 [INFO] ImportTextPane:205 - (OptionalMessage_ERROR) IP (STMicroelectronics.X-CUBE-AI.10.0.0) : Invalid parameter (useInputAllocation)
2025-03-21 08:36:52,879 [INFO] ImportTextPane:205 - (OptionalMessage_ERROR) IP (STMicroelectronics.X-CUBE-AI.10.0.0) : Invalid parameter (useOutputAllocation)
2025-03-21 08:36:52,879 [INFO] ImportTextPane:205 - (OptionalMessage_ERROR) IP (STMicroelectronics.X-CUBE-AI.10.0.0) : Invalid parameter (customLayerConfigEnabled)
2025-03-21 08:36:52,879 [INFO] ImportTextPane:205 - (OptionalMessage_ERROR) IP (STMicroelectronics.X-CUBE-AI.10.0.0) : Invalid parameter (noOnnxIoTranspose)
2025-03-21 08:36:52,879 [INFO] ImportTextPane:205 - (OptionalMessage_ERROR) IP (STMicroelectronics.X-CUBE-AI.10.0.0) : Invalid parameter (MaximumNumberOfInputLayer)
2025-03-21 08:36:52,880 [INFO] ImportTextPane:205 - (OptionalMessage_ERROR) IP (STMicroelectronics.X-CUBE-AI.10.0.0) : Invalid parameter (MaximumNumberOfOutputLayer)
2025-03-21 08:36:52,880 [INFO] ImportTextPane:205 - (OptionalMessage_ERROR) IP (STMicroelectronics.X-CUBE-AI.10.0.0) : Parameter (copyWeightToRam) has Id (e7202a7dc3442564aff9ae2f839d331ee249c720a91223bedd371705b8eea04d) currently not set
2025-03-21 08:36:52,881 [INFO] ImportTextPane:205 - (OptionalMessage_ERROR) IP (STMicroelectronics.X-CUBE-AI.10.0.0) : Invalid parameter (useInputAllocation)
2025-03-21 08:36:52,881 [INFO] ImportTextPane:205 - (OptionalMessage_ERROR) IP (STMicroelectronics.X-CUBE-AI.10.0.0) : Invalid parameter (useOutputAllocation)
2025-03-21 08:36:52,881 [INFO] ImportTextPane:205 - (OptionalMessage_ERROR) IP (STMicroelectronics.X-CUBE-AI.10.0.0) : Invalid parameter (customLayerConfigEnabled)
2025-03-21 08:36:52,881 [INFO] ImportTextPane:205 - (OptionalMessage_ERROR) IP (STMicroelectronics.X-CUBE-AI.10.0.0) : Invalid parameter (noOnnxIoTranspose)
2025-03-21 08:37:02,922 [INFO] ApiDb:581 - Connected to CubeFinder SQLite database (C:\Users\hugoc\.stmcufinder\plugins\mcufinder\mcu\cube-finder-db.db)
2025-03-21 08:37:03,327 [INFO] ApiDb:668 - CubeFinder database Data Model version=2.1
2025-03-21 08:37:03,327 [INFO] ApiDb:669 - CubeFinder database Configuration version=3.0.39
2025-03-21 08:37:03,328 [INFO] ApiDb:670 - CubeFinder database generation date=2025-03-07 (1741340029)
2025-03-21 08:37:03,328 [INFO] ApiDb:671 - CubeFinder database FW Pack versions=[FP-ATR-ASTRA1_V2.0.0, FP-SNS-FLIGHT1_V5.0.2, FP-SNS-MOTENV1_V5.0.0, FP-SNS-MOTENVWB1_V1.4.0, FP-SNS-SMARTAG2_V1.2.0, FP-SNS-STBOX1_V2.0.0, STM32Cube_FW_C0_V1.4.0, STM32Cube_FW_F4_V1.28.1, STM32Cube_FW_F7_V1.17.2, STM32Cube_FW_G0_V1.6.2, STM32Cube_FW_G4_V1.6.1, STM32Cube_FW_H5_V1.5.0, STM32Cube_FW_H7RS_V1.2.0, STM32Cube_FW_H7_V1.12.1, STM32Cube_FW_L0_V1.12.2, STM32Cube_FW_L4_V1.18.1, STM32Cube_FW_L5_V1.5.1, STM32Cube_FW_N6_V1.1.0, STM32Cube_FW_U0_V1.2.0, STM32Cube_FW_U3_V1.1.0, STM32Cube_FW_U5_V1.7.0, STM32Cube_FW_WB0_V1.2.0, STM32Cube_FW_WBA_V1.6.0, STM32Cube_FW_WB_V1.22.0, STM32Cube_FW_WL3_V1.1.0, STM32Cube_FW_WL_V1.3.1, X-CUBE-ALGOBUILD_V1.4.0, X-CUBE-ALS_V1.0.2, X-CUBE-AZRTOS-F4_V1.1.0, X-CUBE-AZRTOS-F7_V1.1.0, X-CUBE-AZRTOS-G0_V1.1.0, X-CUBE-AZRTOS-G4_V2.0.0, X-CUBE-AZRTOS-H7RS_V1.0.0, X-CUBE-AZRTOS-H7_V3.3.0, X-CUBE-AZRTOS-L4_V2.0.0, X-CUBE-AZRTOS-L5_V2.0.0, X-CUBE-AZRTOS-WB_V2.0.0, X-CUBE-AZRTOS-WL_V2.0.0, X-CUBE-BLE1_V7.1.0, X-CUBE-BLE2_V3.3.0, X-CUBE-BLEMGR_V4.0.0, X-CUBE-EEPRMA1_V5.1.0, X-CUBE-FREERTOS_V1.3.0, X-CUBE-GNSS1_V6.0.0, X-CUBE-MEMS1_V11.1.0, X-CUBE-NFC4_V3.0.0, X-CUBE-NFC7_V1.0.1, X-CUBE-SFXS2LP1_V4.0.0, X-CUBE-SUBG2_V5.0.0, X-CUBE-TOF1_V3.4.2]
2025-03-21 08:37:03,724 [INFO] DbBoardsSqlite:226 - include board P-NUCLEO-WB55-NUCLEO as a kit item of type 'Nucleo-64'
2025-03-21 08:37:03,725 [INFO] DbBoardsSqlite:226 - include board P-NUCLEO-WB55-USBDONGLE as a kit item of type 'Nucleo USB Dongle'
2025-03-21 08:37:03,728 [INFO] DbBoardsSqlite:226 - include board STEVAL-IDP005V1 as a kit item of type 'Evaluation Board'
2025-03-21 08:37:03,729 [INFO] DbBoardsSqlite:226 - include board STEVAL-IDP005V2 as a kit item of type 'Evaluation Board'
2025-03-21 08:37:05,045 [INFO] ApiDb:240 - Found 646 in-development CPN: [B-G473E-ZEST1S, B-WB1M-WPAN1, B-WL5M-SUBG1, NUCLEO-C031C6, NUCLEO-C071RB, NUCLEO-H503RB, NUCLEO-H533RE, NUCLEO-H563ZI, NUCLEO-H7S3L8, NUCLEO-U031R8, NUCLEO-U083RC, NUCLEO-U545RE-Q, NUCLEO-U5A5ZJ-Q, NUCLEO-WB05KZ, NUCLEO-WB07CC, NUCLEO-WB09KE, NUCLEO-WBA52CG, NUCLEO-WBA55CG, STEVAL-PROTEUS1, STEVAL-SMARTAG2, STEVAL-STWINBX1, STM320518-EVAL, STM32C0116-DK, STM32C011D6Y3TR, STM32C011D6Y6TR, STM32C011F4P3, STM32C011F4P6, STM32C011F4U3, STM32C011F4U6TR, STM32C011F6P3, STM32C011F6P6, STM32C011F6U3, STM32C011F6U6TR, STM32C011J4M3, STM32C011J4M6, STM32C011J6M3, STM32C011J6M6, STM32C0316-DK, STM32C031C4T3, STM32C031C4T6, STM32C031C4U3, STM32C031C4U6, STM32C031C6T3, STM32C031C6T6, STM32C031C6U3, STM32C031C6U6, STM32C031F4P3, STM32C031F4P6, STM32C031F6P3, STM32C031F6P6, STM32C031G4U3, STM32C031G4U6, STM32C031G6U3, STM32C031G6U6, STM32C031K4T3, STM32C031K4T6, STM32C031K4U3, STM32C031K4U6, STM32C031K6T3, STM32C031K6T6, STM32C031K6U3, STM32C031K6U6, STM32C071C8T6, STM32C071C8T6N, STM32C071C8U6, STM32C071C8U6N, STM32C071CBT6, STM32C071CBT6N, STM32C071CBU6, STM32C071CBU6N, STM32C071F8P6, STM32C071F8P6N, STM32C071FBP6, STM32C071FBP6N, STM32C071FBY6TR, STM32C071G8U6, STM32C071G8U6N, STM32C071GBU6, STM32C071GBU6N, STM32C071K8T6, STM32C071K8T6N, STM32C071K8U6, STM32C071K8U6N, STM32C071KBT6, STM32C071KBT6N, STM32C071KBU6, STM32C071KBU6N, STM32C071R8T6, STM32C071R8T6N, STM32C071RBI6N, STM32C071RBT6, STM32C071RBT6N, STM32G071K8TXN, STM32G071K8UXN, STM32G081GBU6N, STM32G081KBT6N, STM32G081KBUXN, STM32G0B1CCT6N, STM32G0B1KCT6, STM32G0B1NEY6TR, STM32G0B1RCT6N, STM32G0C1CCT6, STM32G0C1CCT6N, STM32G0C1CCU6N, STM32G0C1CET6N, STM32G0C1CEU6N, STM32G0C1KCT6, STM32G0C1NEY6TR, STM32G0C1RCI6N, STM32G0C1RCT6N, STM32G0C1REI6N, STM32G0C1RET6N, STM32G0C1VCI6, STM32G0C1VEI6, STM32G411C6T3, STM32G411C6T6, STM32G411C6U3, STM32G411C6U6, STM32G411C8T3, STM32G411C8T6, STM32G411C8U3, STM32G411C8U6, STM32G411CBT3, STM32G411CBT6, STM32G411CBU3, STM32G411CBU6, STM32G411K6T3, STM32G411K6T6, STM32G411K6U3, STM32G411K6U6, STM32G411K8T3, STM32G411K8T6, STM32G411K8U3, STM32G411K8U6, STM32G411KBT3, STM32G411KBT6, STM32G411KBU3, STM32G411KBU6, STM32G411M6T3, STM32G411M6T6, STM32G411M8T3, STM32G411M8T6, STM32G411MBT3, STM32G411MBT6, STM32G411R6T3, STM32G411R6T6, STM32G411R8T3, STM32G411R8T6, STM32G411RBT3, STM32G411RBT6, STM32G414CBT3, STM32G414CBT6, STM32G414CBU3, STM32G414CBU6, STM32G414CCT3, STM32G414CCT6, STM32G414CCU3, STM32G414CCU6, STM32G414MBT3, STM32G414MBT6, STM32G414MCT3, STM32G414MCT6, STM32G414RBT3, STM32G414RBT6, STM32G414RCT3, STM32G414RCT6, STM32G414VBT3, STM32G414VBT6, STM32G414VCT3, STM32G414VCT6, STM32G431CBT3Z, STM32G431RBT3Z, STM32G471CCT6, STM32G471CCU6, STM32G471CET3, STM32G471CET6, STM32G471CEU3, STM32G471CEU6, STM32G471MCT6, STM32G471MET3, STM32G471MET6, STM32G471MEY6TR, STM32G471QCT6, STM32G471QET3, STM32G471RCT6, STM32G471RET3, STM32G471RET6, STM32G471VCH6, STM32G471VCI6, STM32G471VCT6, STM32G471VEH3, STM32G471VEH6, STM32G471VEI3, STM32G471VEI6, STM32G471VET3, STM32G471VET6, STM32G473QET3Z, STM32G473RET3Z, STM32G474CCT6, STM32G491RET3Z, STM32H503CBT6, STM32H503CBU6, STM32H503EBY6TR, STM32H503KBU6, STM32H503RBT6, STM32H523CCT6, STM32H523CCU6, STM32H523CET6, STM32H523CEU6, STM32H523HEY6TR, STM32H523RCT6, STM32H523RET6, STM32H523VCI6, STM32H523VCT6, STM32H523VEI6, STM32H523VET6, STM32H523ZCJ6, STM32H523ZCT6, STM32H523ZEJ6, STM32H523ZET6, STM32H533CET6, STM32H533CEU6, STM32H533HEY6TR, STM32H533RET6, STM32H533VEI6, STM32H533VET6, STM32H533ZEJ6, STM32H533ZET6, STM32H562AGI6, STM32H562AII6, STM32H562IGK6, STM32H562IGT6, STM32H562IIK6, STM32H562IIT6, STM32H562RGT6, STM32H562RGV6, STM32H562RIT6, STM32H562RIV6, STM32H562VGT6, STM32H562VIT6, STM32H562ZGT6, STM32H562ZIT6, STM32H563AGI6, STM32H563AII3Q, STM32H563AII6, STM32H563IGK6, STM32H563IGT6, STM32H563IIK3Q, STM32H563IIK6, STM32H563IIT3Q, STM32H563IIT6, STM32H563MIY3QTR, STM32H563RGT6, STM32H563RGV6, STM32H563RIT6, STM32H563RIV6, STM32H563VGT6, STM32H563VIT3Q, STM32H563VIT6, STM32H563ZGT6, STM32H563ZIT3Q, STM32H563ZIT6, STM32H573AII3Q, STM32H573AII6, STM32H573I-DK, STM32H573IIK3Q, STM32H573IIK6, STM32H573IIT3Q, STM32H573IIT6, STM32H573MIY3QTR, STM32H573RIT6, STM32H573RIV6, STM32H573VIT3Q, STM32H573VIT6, STM32H573ZIT3Q, STM32H573ZIT6, STM32H7R3A8I6, STM32H7R3I8K6, STM32H7R3I8T6, STM32H7R3L8H6, STM32H7R3L8H6H, STM32H7R3R8V6, STM32H7R3V8H6, STM32H7R3V8T6, STM32H7R3V8Y6TR, STM32H7R3Z8J6, STM32H7R3Z8T6, STM32H7R7A8I6, STM32H7R7I8K6, STM32H7R7I8T6, STM32H7R7L8H6, STM32H7R7L8H6H, STM32H7R7Z8J6, STM32H7S3A8I6, STM32H7S3I8K6, STM32H7S3I8T6, STM32H7S3L8H6, STM32H7S3L8H6H, STM32H7S3R8V6, STM32H7S3V8H6, STM32H7S3V8T6, STM32H7S3V8Y6TR, STM32H7S3Z8J6, STM32H7S3Z8T6, STM32H7S78-DK, STM32H7S7A8I6, STM32H7S7I8K6, STM32H7S7I8T6, STM32H7S7L8H6, STM32H7S7L8H6H, STM32H7S7Z8J6, STM32L4R5QGI6STR, STM32MP131AAE3, STM32MP131AAF3, STM32MP131AAG3, STM32MP131CAE3, STM32MP131CAF3, STM32MP131CAG3, STM32MP131DAE7, STM32MP131DAF7, STM32MP131DAG7, STM32MP131FAE7, STM32MP131FAF7, STM32MP131FAG7, STM32MP133AAE3, STM32MP133AAF3, STM32MP133AAG3, STM32MP133CAE3, STM32MP133CAF3, STM32MP133CAG3, STM32MP133DAE7, STM32MP133DAF7, STM32MP133DAG7, STM32MP133FAE7, STM32MP133FAF7, STM32MP133FAG7, STM32MP135AAE3, STM32MP135AAF3, STM32MP135AAG3, STM32MP135CAE3, STM32MP135CAF3, STM32MP135CAG3, STM32MP135DAE7, STM32MP135DAF7, STM32MP135DAG7, STM32MP135F-DK, STM32MP135FAE7, STM32MP135FAF7, STM32MP135FAF7T, STM32MP135FAF7U, STM32MP135FAG7, STM32MP251AAI3, STM32MP251AAK3, STM32MP251AAL3, STM32MP251CAI3, STM32MP251CAK3, STM32MP251CAL3, STM32MP251DAI3, STM32MP251DAK3, STM32MP251DAL3, STM32MP251FAI3, STM32MP251FAK3, STM32MP251FAL3, STM32MP253AAI3, STM32MP253AAK3, STM32MP253AAL3, STM32MP253CAI3, STM32MP253CAK3, STM32MP253CAL3, STM32MP253DAI3, STM32MP253DAK3, STM32MP253DAL3, STM32MP253FAI3, STM32MP253FAK3, STM32MP253FAL3, STM32MP255AAI3, STM32MP255AAK3, STM32MP255AAL3, STM32MP255CAI3, STM32MP255CAK3, STM32MP255CAL3, STM32MP255DAI3, STM32MP255DAK3, STM32MP255DAL3, STM32MP255FAI3, STM32MP255FAK3, STM32MP255FAL3, STM32MP257AAI3, STM32MP257AAK3, STM32MP257AAL3, STM32MP257CAI3, STM32MP257CAK3, STM32MP257CAL3, STM32MP257DAI3, STM32MP257DAK3, STM32MP257DAL3, STM32MP257F-DK, STM32MP257F-EV1, STM32MP257FAI3, STM32MP257FAK3, STM32MP257FAL3, STM32U031C6T6, STM32U031C6U6, STM32U031C8T6, STM32U031C8U6, STM32U031F4P6, STM32U031F6P6, STM32U031F8P6, STM32U031G6Y6TR, STM32U031G8Y6TR, STM32U031K4U6, STM32U031K6U6, STM32U031K8U6, STM32U031R6I6, STM32U031R6T6, STM32U031R8I6, STM32U031R8T6, STM32U073C8T6, STM32U073C8U6, STM32U073CBT6, STM32U073CBU6, STM32U073CCT6, STM32U073CCU6, STM32U073H8Y6TR, STM32U073HBY6TR, STM32U073HCY6TR, STM32U073K8U6, STM32U073KBU6, STM32U073KCU6, STM32U073M8I6, STM32U073M8T6, STM32U073MBI6, STM32U073MBT6, STM32U073MCI6, STM32U073MCT6, STM32U073R8I6, STM32U073R8T6, STM32U073RBI6, STM32U073RBT6, STM32U073RCI6, STM32U073RCT6, STM32U083C-DK, STM32U083CCT6, STM32U083CCU6, STM32U083HCY6TR, STM32U083KCU6, STM32U083MCI6, STM32U083MCT6, STM32U083RCI6, STM32U083RCT6, STM32U535CBT6, STM32U535CBT6Q, STM32U535CBU6, STM32U535CBU6Q, STM32U535CCT6, STM32U535CCT6Q, STM32U535CCU6, STM32U535CCU6Q, STM32U535CET6, STM32U535CET6Q, STM32U535CEU6, STM32U535CEU6Q, STM32U535JEY6QTR, STM32U535NCY6QTR, STM32U535NEY6QTR, STM32U535RBI6, STM32U535RBI6Q, STM32U535RBT6, STM32U535RBT6Q, STM32U535RCI6, STM32U535RCI6Q, STM32U535RCT6, STM32U535RCT6Q, STM32U535REI6, STM32U535REI6Q, STM32U535RET6, STM32U535RET6Q, STM32U535VCI6, STM32U535VCI6Q, STM32U535VCT6, STM32U535VCT6Q, STM32U535VEI6, STM32U535VEI6Q, STM32U535VET6, STM32U535VET6Q, STM32U545CET6, STM32U545CET6Q, STM32U545CEU6, STM32U545CEU6Q, STM32U545JEY6QTR, STM32U545NEY6QTR, STM32U545REI6, STM32U545REI6Q, STM32U545RET6, STM32U545RET6Q, STM32U545VEI6, STM32U545VEI6Q, STM32U545VET6, STM32U545VET6Q, STM32U595AIH6, STM32U595AIH6Q, STM32U595AJH6, STM32U595AJH6Q, STM32U595QII6, STM32U595QII6Q, STM32U595QJI6, STM32U595QJI6Q, STM32U595RIT6, STM32U595RIT6Q, STM32U595RJT6, STM32U595RJT6Q, STM32U595VIT6, STM32U595VIT6Q, STM32U595VJT6, STM32U595VJT6Q, STM32U595ZIT6, STM32U595ZIT6Q, STM32U595ZIY6QTR, STM32U595ZJT6, STM32U595ZJT6Q, STM32U595ZJY6QTR, STM32U599BJY6QTR, STM32U599NIH6Q, STM32U599NJH6Q, STM32U599VIT6Q, STM32U599VJT6, STM32U599VJT6Q, STM32U599ZIT6Q, STM32U599ZIY6QTR, STM32U599ZJT6Q, STM32U599ZJY6QTR, STM32U5A5AJH6, STM32U5A5AJH6Q, STM32U5A5QII3Q , STM32U5A5QJI6, STM32U5A5QJI6Q, STM32U5A5RJT6, STM32U5A5RJT6Q, STM32U5A5VJT6, STM32U5A5VJT6Q, STM32U5A5ZJT6, STM32U5A5ZJT6Q, STM32U5A5ZJY6QTR, STM32U5A9BJY6QTR, STM32U5A9J-DK, STM32U5A9NJH6Q, STM32U5A9VJT6Q, STM32U5A9ZJT6Q, STM32U5A9ZJY6QTR, STM32U5F7VIT6, STM32U5F7VIT6Q, STM32U5F7VJT6, STM32U5F7VJT6Q, STM32U5F9BJY6QTR, STM32U5F9NJH6Q, STM32U5F9VIT6Q, STM32U5F9VJT6Q, STM32U5F9ZIJ6QTR, STM32U5F9ZIT6Q, STM32U5F9ZJJ6QTR, STM32U5F9ZJT6Q, STM32U5G7VJT6, STM32U5G7VJT6Q, STM32U5G9BJY6QTR, STM32U5G9J-DK1, STM32U5G9J-DK2, STM32U5G9NJH6Q, STM32U5G9VJT6Q, STM32U5G9ZJJ6QTR, STM32U5G9ZJT6Q, STM32WB05KZV6TR, STM32WB05KZV7TR, STM32WB05TZF6TR, STM32WB05TZF7TR, STM32WB06CCF6TR, STM32WB06CCF7TR, STM32WB06CCV6TR, STM32WB06CCV7TR, STM32WB06KCV6TR, STM32WB06KCV7TR, STM32WB07CCF6TR, STM32WB07CCF7TR, STM32WB07CCV6TR, STM32WB07CCV7TR, STM32WB07KCV6TR, STM32WB07KCV7TR, STM32WB09KEV6TR, STM32WB09KEV7TR, STM32WB09TEF6TR, STM32WB09TEF7TR, STM32WB1MMCH6, STM32WBA50KGU6, STM32WBA50KGU6TR, STM32WBA52CEU6, STM32WBA52CEU6TR, STM32WBA52CEU7, STM32WBA52CEU7TR, STM32WBA52CGU6, STM32WBA52CGU6TR, STM32WBA52CGU6U, STM32WBA52CGU7, STM32WBA52CGU7TR, STM32WBA52KEU6, STM32WBA52KEU6TR, STM32WBA52KGU6, STM32WBA52KGU6TR, STM32WBA54CEU6, STM32WBA54CEU6TR, STM32WBA54CEU7, STM32WBA54CEU7TR, STM32WBA54CGU6, STM32WBA54CGU6TR, STM32WBA54CGU7, STM32WBA54CGU7TR, STM32WBA54KEU6, STM32WBA54KEU6TR, STM32WBA54KEU7, STM32WBA54KEU7TR, STM32WBA54KGU6, STM32WBA54KGU6TR, STM32WBA54KGU7, STM32WBA54KGU7TR, STM32WBA55CEU6, STM32WBA55CEU6TR, STM32WBA55CEU7, STM32WBA55CEU7TR, STM32WBA55CGU6, STM32WBA55CGU6TR, STM32WBA55CGU6U, STM32WBA55CGU7, STM32WBA55CGU7TR, STM32WBA55G-DK1, STM32WBA55HEF6, STM32WBA55HEF7, STM32WBA55HGF6, STM32WBA55HGF7, STM32WBA55UEI6, STM32WBA55UEI6TR, STM32WBA55UEI7, STM32WBA55UEI7TR, STM32WBA55UGI6, STM32WBA55UGI6TR, STM32WBA55UGI7, STM32WBA55UGI7TR, STM32WL5MOCH6, STM32WL5MOCH6TR]
2025-03-21 08:37:05,055 [INFO] ApiDb:668 - CubeFinder database Data Model version=2.1
2025-03-21 08:37:05,055 [INFO] ApiDb:669 - CubeFinder database Configuration version=3.0.39
2025-03-21 08:37:05,055 [INFO] ApiDb:670 - CubeFinder database generation date=2025-03-07 (1741340029)
2025-03-21 08:37:05,055 [INFO] ApiDb:671 - CubeFinder database FW Pack versions=[FP-ATR-ASTRA1_V2.0.0, FP-SNS-FLIGHT1_V5.0.2, FP-SNS-MOTENV1_V5.0.0, FP-SNS-MOTENVWB1_V1.4.0, FP-SNS-SMARTAG2_V1.2.0, FP-SNS-STBOX1_V2.0.0, STM32Cube_FW_C0_V1.4.0, STM32Cube_FW_F4_V1.28.1, STM32Cube_FW_F7_V1.17.2, STM32Cube_FW_G0_V1.6.2, STM32Cube_FW_G4_V1.6.1, STM32Cube_FW_H5_V1.5.0, STM32Cube_FW_H7RS_V1.2.0, STM32Cube_FW_H7_V1.12.1, STM32Cube_FW_L0_V1.12.2, STM32Cube_FW_L4_V1.18.1, STM32Cube_FW_L5_V1.5.1, STM32Cube_FW_N6_V1.1.0, STM32Cube_FW_U0_V1.2.0, STM32Cube_FW_U3_V1.1.0, STM32Cube_FW_U5_V1.7.0, STM32Cube_FW_WB0_V1.2.0, STM32Cube_FW_WBA_V1.6.0, STM32Cube_FW_WB_V1.22.0, STM32Cube_FW_WL3_V1.1.0, STM32Cube_FW_WL_V1.3.1, X-CUBE-ALGOBUILD_V1.4.0, X-CUBE-ALS_V1.0.2, X-CUBE-AZRTOS-F4_V1.1.0, X-CUBE-AZRTOS-F7_V1.1.0, X-CUBE-AZRTOS-G0_V1.1.0, X-CUBE-AZRTOS-G4_V2.0.0, X-CUBE-AZRTOS-H7RS_V1.0.0, X-CUBE-AZRTOS-H7_V3.3.0, X-CUBE-AZRTOS-L4_V2.0.0, X-CUBE-AZRTOS-L5_V2.0.0, X-CUBE-AZRTOS-WB_V2.0.0, X-CUBE-AZRTOS-WL_V2.0.0, X-CUBE-BLE1_V7.1.0, X-CUBE-BLE2_V3.3.0, X-CUBE-BLEMGR_V4.0.0, X-CUBE-EEPRMA1_V5.1.0, X-CUBE-FREERTOS_V1.3.0, X-CUBE-GNSS1_V6.0.0, X-CUBE-MEMS1_V11.1.0, X-CUBE-NFC4_V3.0.0, X-CUBE-NFC7_V1.0.1, X-CUBE-SFXS2LP1_V4.0.0, X-CUBE-SUBG2_V5.0.0, X-CUBE-TOF1_V3.4.2]
2025-03-21 08:37:14,329 [INFO] ApiDb:240 - Found 646 in-development CPN: [B-G473E-ZEST1S, B-WB1M-WPAN1, B-WL5M-SUBG1, NUCLEO-C031C6, NUCLEO-C071RB, NUCLEO-H503RB, NUCLEO-H533RE, NUCLEO-H563ZI, NUCLEO-H7S3L8, NUCLEO-U031R8, NUCLEO-U083RC, NUCLEO-U545RE-Q, NUCLEO-U5A5ZJ-Q, NUCLEO-WB05KZ, NUCLEO-WB07CC, NUCLEO-WB09KE, NUCLEO-WBA52CG, NUCLEO-WBA55CG, STEVAL-PROTEUS1, STEVAL-SMARTAG2, STEVAL-STWINBX1, STM320518-EVAL, STM32C0116-DK, STM32C011D6Y3TR, STM32C011D6Y6TR, STM32C011F4P3, STM32C011F4P6, STM32C011F4U3, STM32C011F4U6TR, STM32C011F6P3, STM32C011F6P6, STM32C011F6U3, STM32C011F6U6TR, STM32C011J4M3, STM32C011J4M6, STM32C011J6M3, STM32C011J6M6, STM32C0316-DK, STM32C031C4T3, STM32C031C4T6, STM32C031C4U3, STM32C031C4U6, STM32C031C6T3, STM32C031C6T6, STM32C031C6U3, STM32C031C6U6, STM32C031F4P3, STM32C031F4P6, STM32C031F6P3, STM32C031F6P6, STM32C031G4U3, STM32C031G4U6, STM32C031G6U3, STM32C031G6U6, STM32C031K4T3, STM32C031K4T6, STM32C031K4U3, STM32C031K4U6, STM32C031K6T3, STM32C031K6T6, STM32C031K6U3, STM32C031K6U6, STM32C071C8T6, STM32C071C8T6N, STM32C071C8U6, STM32C071C8U6N, STM32C071CBT6, STM32C071CBT6N, STM32C071CBU6, STM32C071CBU6N, STM32C071F8P6, STM32C071F8P6N, STM32C071FBP6, STM32C071FBP6N, STM32C071FBY6TR, STM32C071G8U6, STM32C071G8U6N, STM32C071GBU6, STM32C071GBU6N, STM32C071K8T6, STM32C071K8T6N, STM32C071K8U6, STM32C071K8U6N, STM32C071KBT6, STM32C071KBT6N, STM32C071KBU6, STM32C071KBU6N, STM32C071R8T6, STM32C071R8T6N, STM32C071RBI6N, STM32C071RBT6, STM32C071RBT6N, STM32G071K8TXN, STM32G071K8UXN, STM32G081GBU6N, STM32G081KBT6N, STM32G081KBUXN, STM32G0B1CCT6N, STM32G0B1KCT6, STM32G0B1NEY6TR, STM32G0B1RCT6N, STM32G0C1CCT6, STM32G0C1CCT6N, STM32G0C1CCU6N, STM32G0C1CET6N, STM32G0C1CEU6N, STM32G0C1KCT6, STM32G0C1NEY6TR, STM32G0C1RCI6N, STM32G0C1RCT6N, STM32G0C1REI6N, STM32G0C1RET6N, STM32G0C1VCI6, STM32G0C1VEI6, STM32G411C6T3, STM32G411C6T6, STM32G411C6U3, STM32G411C6U6, STM32G411C8T3, STM32G411C8T6, STM32G411C8U3, STM32G411C8U6, STM32G411CBT3, STM32G411CBT6, STM32G411CBU3, STM32G411CBU6, STM32G411K6T3, STM32G411K6T6, STM32G411K6U3, STM32G411K6U6, STM32G411K8T3, STM32G411K8T6, STM32G411K8U3, STM32G411K8U6, STM32G411KBT3, STM32G411KBT6, STM32G411KBU3, STM32G411KBU6, STM32G411M6T3, STM32G411M6T6, STM32G411M8T3, STM32G411M8T6, STM32G411MBT3, STM32G411MBT6, STM32G411R6T3, STM32G411R6T6, STM32G411R8T3, STM32G411R8T6, STM32G411RBT3, STM32G411RBT6, STM32G414CBT3, STM32G414CBT6, STM32G414CBU3, STM32G414CBU6, STM32G414CCT3, STM32G414CCT6, STM32G414CCU3, STM32G414CCU6, STM32G414MBT3, STM32G414MBT6, STM32G414MCT3, STM32G414MCT6, STM32G414RBT3, STM32G414RBT6, STM32G414RCT3, STM32G414RCT6, STM32G414VBT3, STM32G414VBT6, STM32G414VCT3, STM32G414VCT6, STM32G431CBT3Z, STM32G431RBT3Z, STM32G471CCT6, STM32G471CCU6, STM32G471CET3, STM32G471CET6, STM32G471CEU3, STM32G471CEU6, STM32G471MCT6, STM32G471MET3, STM32G471MET6, STM32G471MEY6TR, STM32G471QCT6, STM32G471QET3, STM32G471RCT6, STM32G471RET3, STM32G471RET6, STM32G471VCH6, STM32G471VCI6, STM32G471VCT6, STM32G471VEH3, STM32G471VEH6, STM32G471VEI3, STM32G471VEI6, STM32G471VET3, STM32G471VET6, STM32G473QET3Z, STM32G473RET3Z, STM32G474CCT6, STM32G491RET3Z, STM32H503CBT6, STM32H503CBU6, STM32H503EBY6TR, STM32H503KBU6, STM32H503RBT6, STM32H523CCT6, STM32H523CCU6, STM32H523CET6, STM32H523CEU6, STM32H523HEY6TR, STM32H523RCT6, STM32H523RET6, STM32H523VCI6, STM32H523VCT6, STM32H523VEI6, STM32H523VET6, STM32H523ZCJ6, STM32H523ZCT6, STM32H523ZEJ6, STM32H523ZET6, STM32H533CET6, STM32H533CEU6, STM32H533HEY6TR, STM32H533RET6, STM32H533VEI6, STM32H533VET6, STM32H533ZEJ6, STM32H533ZET6, STM32H562AGI6, STM32H562AII6, STM32H562IGK6, STM32H562IGT6, STM32H562IIK6, STM32H562IIT6, STM32H562RGT6, STM32H562RGV6, STM32H562RIT6, STM32H562RIV6, STM32H562VGT6, STM32H562VIT6, STM32H562ZGT6, STM32H562ZIT6, STM32H563AGI6, STM32H563AII3Q, STM32H563AII6, STM32H563IGK6, STM32H563IGT6, STM32H563IIK3Q, STM32H563IIK6, STM32H563IIT3Q, STM32H563IIT6, STM32H563MIY3QTR, STM32H563RGT6, STM32H563RGV6, STM32H563RIT6, STM32H563RIV6, STM32H563VGT6, STM32H563VIT3Q, STM32H563VIT6, STM32H563ZGT6, STM32H563ZIT3Q, STM32H563ZIT6, STM32H573AII3Q, STM32H573AII6, STM32H573I-DK, STM32H573IIK3Q, STM32H573IIK6, STM32H573IIT3Q, STM32H573IIT6, STM32H573MIY3QTR, STM32H573RIT6, STM32H573RIV6, STM32H573VIT3Q, STM32H573VIT6, STM32H573ZIT3Q, STM32H573ZIT6, STM32H7R3A8I6, STM32H7R3I8K6, STM32H7R3I8T6, STM32H7R3L8H6, STM32H7R3L8H6H, STM32H7R3R8V6, STM32H7R3V8H6, STM32H7R3V8T6, STM32H7R3V8Y6TR, STM32H7R3Z8J6, STM32H7R3Z8T6, STM32H7R7A8I6, STM32H7R7I8K6, STM32H7R7I8T6, STM32H7R7L8H6, STM32H7R7L8H6H, STM32H7R7Z8J6, STM32H7S3A8I6, STM32H7S3I8K6, STM32H7S3I8T6, STM32H7S3L8H6, STM32H7S3L8H6H, STM32H7S3R8V6, STM32H7S3V8H6, STM32H7S3V8T6, STM32H7S3V8Y6TR, STM32H7S3Z8J6, STM32H7S3Z8T6, STM32H7S78-DK, STM32H7S7A8I6, STM32H7S7I8K6, STM32H7S7I8T6, STM32H7S7L8H6, STM32H7S7L8H6H, STM32H7S7Z8J6, STM32L4R5QGI6STR, STM32MP131AAE3, STM32MP131AAF3, STM32MP131AAG3, STM32MP131CAE3, STM32MP131CAF3, STM32MP131CAG3, STM32MP131DAE7, STM32MP131DAF7, STM32MP131DAG7, STM32MP131FAE7, STM32MP131FAF7, STM32MP131FAG7, STM32MP133AAE3, STM32MP133AAF3, STM32MP133AAG3, STM32MP133CAE3, STM32MP133CAF3, STM32MP133CAG3, STM32MP133DAE7, STM32MP133DAF7, STM32MP133DAG7, STM32MP133FAE7, STM32MP133FAF7, STM32MP133FAG7, STM32MP135AAE3, STM32MP135AAF3, STM32MP135AAG3, STM32MP135CAE3, STM32MP135CAF3, STM32MP135CAG3, STM32MP135DAE7, STM32MP135DAF7, STM32MP135DAG7, STM32MP135F-DK, STM32MP135FAE7, STM32MP135FAF7, STM32MP135FAF7T, STM32MP135FAF7U, STM32MP135FAG7, STM32MP251AAI3, STM32MP251AAK3, STM32MP251AAL3, STM32MP251CAI3, STM32MP251CAK3, STM32MP251CAL3, STM32MP251DAI3, STM32MP251DAK3, STM32MP251DAL3, STM32MP251FAI3, STM32MP251FAK3, STM32MP251FAL3, STM32MP253AAI3, STM32MP253AAK3, STM32MP253AAL3, STM32MP253CAI3, STM32MP253CAK3, STM32MP253CAL3, STM32MP253DAI3, STM32MP253DAK3, STM32MP253DAL3, STM32MP253FAI3, STM32MP253FAK3, STM32MP253FAL3, STM32MP255AAI3, STM32MP255AAK3, STM32MP255AAL3, STM32MP255CAI3, STM32MP255CAK3, STM32MP255CAL3, STM32MP255DAI3, STM32MP255DAK3, STM32MP255DAL3, STM32MP255FAI3, STM32MP255FAK3, STM32MP255FAL3, STM32MP257AAI3, STM32MP257AAK3, STM32MP257AAL3, STM32MP257CAI3, STM32MP257CAK3, STM32MP257CAL3, STM32MP257DAI3, STM32MP257DAK3, STM32MP257DAL3, STM32MP257F-DK, STM32MP257F-EV1, STM32MP257FAI3, STM32MP257FAK3, STM32MP257FAL3, STM32U031C6T6, STM32U031C6U6, STM32U031C8T6, STM32U031C8U6, STM32U031F4P6, STM32U031F6P6, STM32U031F8P6, STM32U031G6Y6TR, STM32U031G8Y6TR, STM32U031K4U6, STM32U031K6U6, STM32U031K8U6, STM32U031R6I6, STM32U031R6T6, STM32U031R8I6, STM32U031R8T6, STM32U073C8T6, STM32U073C8U6, STM32U073CBT6, STM32U073CBU6, STM32U073CCT6, STM32U073CCU6, STM32U073H8Y6TR, STM32U073HBY6TR, STM32U073HCY6TR, STM32U073K8U6, STM32U073KBU6, STM32U073KCU6, STM32U073M8I6, STM32U073M8T6, STM32U073MBI6, STM32U073MBT6, STM32U073MCI6, STM32U073MCT6, STM32U073R8I6, STM32U073R8T6, STM32U073RBI6, STM32U073RBT6, STM32U073RCI6, STM32U073RCT6, STM32U083C-DK, STM32U083CCT6, STM32U083CCU6, STM32U083HCY6TR, STM32U083KCU6, STM32U083MCI6, STM32U083MCT6, STM32U083RCI6, STM32U083RCT6, STM32U535CBT6, STM32U535CBT6Q, STM32U535CBU6, STM32U535CBU6Q, STM32U535CCT6, STM32U535CCT6Q, STM32U535CCU6, STM32U535CCU6Q, STM32U535CET6, STM32U535CET6Q, STM32U535CEU6, STM32U535CEU6Q, STM32U535JEY6QTR, STM32U535NCY6QTR, STM32U535NEY6QTR, STM32U535RBI6, STM32U535RBI6Q, STM32U535RBT6, STM32U535RBT6Q, STM32U535RCI6, STM32U535RCI6Q, STM32U535RCT6, STM32U535RCT6Q, STM32U535REI6, STM32U535REI6Q, STM32U535RET6, STM32U535RET6Q, STM32U535VCI6, STM32U535VCI6Q, STM32U535VCT6, STM32U535VCT6Q, STM32U535VEI6, STM32U535VEI6Q, STM32U535VET6, STM32U535VET6Q, STM32U545CET6, STM32U545CET6Q, STM32U545CEU6, STM32U545CEU6Q, STM32U545JEY6QTR, STM32U545NEY6QTR, STM32U545REI6, STM32U545REI6Q, STM32U545RET6, STM32U545RET6Q, STM32U545VEI6, STM32U545VEI6Q, STM32U545VET6, STM32U545VET6Q, STM32U595AIH6, STM32U595AIH6Q, STM32U595AJH6, STM32U595AJH6Q, STM32U595QII6, STM32U595QII6Q, STM32U595QJI6, STM32U595QJI6Q, STM32U595RIT6, STM32U595RIT6Q, STM32U595RJT6, STM32U595RJT6Q, STM32U595VIT6, STM32U595VIT6Q, STM32U595VJT6, STM32U595VJT6Q, STM32U595ZIT6, STM32U595ZIT6Q, STM32U595ZIY6QTR, STM32U595ZJT6, STM32U595ZJT6Q, STM32U595ZJY6QTR, STM32U599BJY6QTR, STM32U599NIH6Q, STM32U599NJH6Q, STM32U599VIT6Q, STM32U599VJT6, STM32U599VJT6Q, STM32U599ZIT6Q, STM32U599ZIY6QTR, STM32U599ZJT6Q, STM32U599ZJY6QTR, STM32U5A5AJH6, STM32U5A5AJH6Q, STM32U5A5QII3Q , STM32U5A5QJI6, STM32U5A5QJI6Q, STM32U5A5RJT6, STM32U5A5RJT6Q, STM32U5A5VJT6, STM32U5A5VJT6Q, STM32U5A5ZJT6, STM32U5A5ZJT6Q, STM32U5A5ZJY6QTR, STM32U5A9BJY6QTR, STM32U5A9J-DK, STM32U5A9NJH6Q, STM32U5A9VJT6Q, STM32U5A9ZJT6Q, STM32U5A9ZJY6QTR, STM32U5F7VIT6, STM32U5F7VIT6Q, STM32U5F7VJT6, STM32U5F7VJT6Q, STM32U5F9BJY6QTR, STM32U5F9NJH6Q, STM32U5F9VIT6Q, STM32U5F9VJT6Q, STM32U5F9ZIJ6QTR, STM32U5F9ZIT6Q, STM32U5F9ZJJ6QTR, STM32U5F9ZJT6Q, STM32U5G7VJT6, STM32U5G7VJT6Q, STM32U5G9BJY6QTR, STM32U5G9J-DK1, STM32U5G9J-DK2, STM32U5G9NJH6Q, STM32U5G9VJT6Q, STM32U5G9ZJJ6QTR, STM32U5G9ZJT6Q, STM32WB05KZV6TR, STM32WB05KZV7TR, STM32WB05TZF6TR, STM32WB05TZF7TR, STM32WB06CCF6TR, STM32WB06CCF7TR, STM32WB06CCV6TR, STM32WB06CCV7TR, STM32WB06KCV6TR, STM32WB06KCV7TR, STM32WB07CCF6TR, STM32WB07CCF7TR, STM32WB07CCV6TR, STM32WB07CCV7TR, STM32WB07KCV6TR, STM32WB07KCV7TR, STM32WB09KEV6TR, STM32WB09KEV7TR, STM32WB09TEF6TR, STM32WB09TEF7TR, STM32WB1MMCH6, STM32WBA50KGU6, STM32WBA50KGU6TR, STM32WBA52CEU6, STM32WBA52CEU6TR, STM32WBA52CEU7, STM32WBA52CEU7TR, STM32WBA52CGU6, STM32WBA52CGU6TR, STM32WBA52CGU6U, STM32WBA52CGU7, STM32WBA52CGU7TR, STM32WBA52KEU6, STM32WBA52KEU6TR, STM32WBA52KGU6, STM32WBA52KGU6TR, STM32WBA54CEU6, STM32WBA54CEU6TR, STM32WBA54CEU7, STM32WBA54CEU7TR, STM32WBA54CGU6, STM32WBA54CGU6TR, STM32WBA54CGU7, STM32WBA54CGU7TR, STM32WBA54KEU6, STM32WBA54KEU6TR, STM32WBA54KEU7, STM32WBA54KEU7TR, STM32WBA54KGU6, STM32WBA54KGU6TR, STM32WBA54KGU7, STM32WBA54KGU7TR, STM32WBA55CEU6, STM32WBA55CEU6TR, STM32WBA55CEU7, STM32WBA55CEU7TR, STM32WBA55CGU6, STM32WBA55CGU6TR, STM32WBA55CGU6U, STM32WBA55CGU7, STM32WBA55CGU7TR, STM32WBA55G-DK1, STM32WBA55HEF6, STM32WBA55HEF7, STM32WBA55HGF6, STM32WBA55HGF7, STM32WBA55UEI6, STM32WBA55UEI6TR, STM32WBA55UEI7, STM32WBA55UEI7TR, STM32WBA55UGI6, STM32WBA55UGI6TR, STM32WBA55UGI7, STM32WBA55UGI7TR, STM32WL5MOCH6, STM32WL5MOCH6TR]
2025-03-21 08:37:14,343 [INFO] DbMcus:218 - Found 4608 MCUs, 4608 are supported
2025-03-21 08:37:14,345 [INFO] ApiDb:423 - Load user favorites file C:\Users\hugoc/.stm32cubeide/favorites.mcus.txt: 0 item(s)
2025-03-21 08:37:14,346 [INFO] ApiDb:427 - User favorites MCUs=[]
2025-03-21 08:37:14,346 [INFO] DbMcus:224 - Set 0 / 0 favorites MCUs
2025-03-21 08:37:16,047 [INFO] BoardInfo:889 - No configuration file found for board NUCLEO-C051C8
2025-03-21 08:37:16,056 [INFO] DbBoards:161 - Board is not supported: NUCLEO-C051C8
2025-03-21 08:37:16,095 [INFO] BoardInfo:889 - No configuration file found for board NUCLEO-C092RC
2025-03-21 08:37:16,098 [INFO] DbBoards:161 - Board is not supported: NUCLEO-C092RC
2025-03-21 08:37:16,621 [INFO] BoardInfo:889 - No configuration file found for board NUCLEO-N657X0-Q
2025-03-21 08:37:16,624 [INFO] DbBoards:161 - Board is not supported: NUCLEO-N657X0-Q
2025-03-21 08:37:16,723 [INFO] BoardInfo:889 - No configuration file found for board NUCLEO-WBA65RI
2025-03-21 08:37:16,726 [INFO] DbBoards:161 - Board is not supported: NUCLEO-WBA65RI
2025-03-21 08:37:16,729 [INFO] BoardInfo:889 - No configuration file found for board NUCLEO-WL33CC1
2025-03-21 08:37:16,731 [INFO] DbBoards:161 - Board is not supported: NUCLEO-WL33CC1
2025-03-21 08:37:16,737 [INFO] BoardInfo:889 - No configuration file found for board NUCLEO-WL33CC2
2025-03-21 08:37:16,739 [INFO] DbBoards:161 - Board is not supported: NUCLEO-WL33CC2
2025-03-21 08:37:16,799 [INFO] BoardInfo:889 - No configuration file found for board P-NUCLEO-WB55
2025-03-21 08:37:16,802 [INFO] DbBoards:161 - Kit is not supported: P-NUCLEO-WB55
2025-03-21 08:37:16,839 [INFO] BoardInfo:889 - No configuration file found for board STEVAL-BFA001V1B
2025-03-21 08:37:16,847 [INFO] DbBoards:161 - Kit is not supported: STEVAL-BFA001V1B
2025-03-21 08:37:16,853 [INFO] BoardInfo:889 - No configuration file found for board STEVAL-BFA001V2B
2025-03-21 08:37:16,856 [INFO] DbBoards:161 - Kit is not supported: STEVAL-BFA001V2B
2025-03-21 08:37:17,890 [INFO] BoardInfo:889 - No configuration file found for board STM32N6570-DK
2025-03-21 08:37:17,893 [INFO] DbBoards:161 - Board is not supported: STM32N6570-DK
2025-03-21 08:37:17,973 [INFO] BoardInfo:889 - No configuration file found for board STM32WBA65I-DK1
2025-03-21 08:37:17,975 [INFO] DbBoards:161 - Board is not supported: STM32WBA65I-DK1
2025-03-21 08:37:17,976 [INFO] DbBoards:168 - Found 209 boards, 198 are supported
2025-03-21 08:37:17,976 [INFO] DbBoards:169 - Found 209 boards, 25 of them is supported for  Bsp
2025-03-21 08:37:17,982 [INFO] ApiDb:423 - Load user favorites file C:\Users\hugoc/.stm32cubeide/favorites.boards.txt: 0 item(s)
2025-03-21 08:37:17,982 [INFO] ApiDb:427 - User favorites Boards=[]
2025-03-21 08:37:17,982 [INFO] DbBoards:198 - Set 0 / 0 favorites Boards
2025-03-21 08:37:18,040 [INFO] UtilMem:75 - End LoadConfig() Used Memory: 787417888 Bytes (1073741824)
2025-03-21 08:37:19,726 [WARN] ThirdParty:833 - waiting for thirdparty lock release [change project]
2025-03-21 08:37:19,727 [INFO] ThirdParty:835 - entering critical section [change project]
2025-03-21 08:37:19,730 [INFO] ThirdParty:1030 - CMSIS Pack Vendor :STMicroelectronics USBPD 4.1
2025-03-21 08:37:19,730 [INFO] ThirdParty:1030 - CMSIS Pack Vendor :STMicroelectronics X-CUBE-GNSS1 6.0.0
2025-03-21 08:37:19,730 [INFO] ThirdParty:1030 - CMSIS Pack Vendor :STMicroelectronics USB_HOST 2.0.0
2025-03-21 08:37:19,731 [INFO] ThirdParty:1030 - CMSIS Pack Vendor :STMicroelectronics FP-SNS-MOTENVWB1 1.4.0
2025-03-21 08:37:19,731 [INFO] ThirdParty:1030 - CMSIS Pack Vendor :STMicroelectronics X-CUBE-AZRTOS-F4 1.1.0
2025-03-21 08:37:19,731 [INFO] ThirdParty:1030 - CMSIS Pack Vendor :STMicroelectronics LIBJPEG 8.0.0
2025-03-21 08:37:19,731 [INFO] ThirdParty:1030 - CMSIS Pack Vendor :STMicroelectronics FP-ATR-ASTRA1 2.0.2
2025-03-21 08:37:19,731 [INFO] ThirdParty:1030 - CMSIS Pack Vendor :STMicroelectronics FP-ATR-ASTRA1 2.0.1
2025-03-21 08:37:19,731 [INFO] ThirdParty:1030 - CMSIS Pack Vendor :wolfSSL I-CUBE-wolfSSL 5.6.3
2025-03-21 08:37:19,731 [INFO] ThirdParty:1030 - CMSIS Pack Vendor :STMicroelectronics X-CUBE-SMBUS 2.1.0
2025-03-21 08:37:19,731 [INFO] ThirdParty:1030 - CMSIS Pack Vendor :STMicroelectronics X-CUBE-WB05N 1.1.0
2025-03-21 08:37:19,731 [INFO] ThirdParty:1030 - CMSIS Pack Vendor :STMicroelectronics X-CUBE-ISPU 2.1.0
2025-03-21 08:37:19,732 [INFO] ThirdParty:1030 - CMSIS Pack Vendor :STMicroelectronics X-CUBE-FREERTOS 1.2.0
2025-03-21 08:37:19,733 [INFO] ThirdParty:1030 - CMSIS Pack Vendor :STMicroelectronics X-CUBE-TOUCHGFX 4.23.1
2025-03-21 08:37:19,733 [INFO] ThirdParty:1030 - CMSIS Pack Vendor :STMicroelectronics X-CUBE-TOUCHGFX 4.23.0
2025-03-21 08:37:19,734 [INFO] ThirdParty:1030 - CMSIS Pack Vendor :STMicroelectronics X-CUBE-TOUCHGFX 4.23.2
2025-03-21 08:37:19,734 [INFO] ThirdParty:1030 - CMSIS Pack Vendor :STMicroelectronics X-CUBE-AZRTOS-F7 1.1.0
2025-03-21 08:37:19,734 [INFO] ThirdParty:1030 - CMSIS Pack Vendor :STMicroelectronics X-CUBE-AZRTOS-L5 2.0.0
2025-03-21 08:37:19,734 [INFO] ThirdParty:1030 - CMSIS Pack Vendor :STMicroelectronics USB_DEVICE 2.0.0
2025-03-21 08:37:19,734 [INFO] ThirdParty:1030 - CMSIS Pack Vendor :STMicroelectronics X-CUBE-EEPRMA1 4.2.0
2025-03-21 08:37:19,734 [INFO] ThirdParty:1030 - CMSIS Pack Vendor :STMicroelectronics X-CUBE-NFC6 3.1.0
2025-03-21 08:37:19,734 [INFO] ThirdParty:1030 - CMSIS Pack Vendor :ITTIA_DB I-CUBE-ITTIADB 8.8.0
2025-03-21 08:37:19,734 [INFO] ThirdParty:1030 - CMSIS Pack Vendor :STMicroelectronics FP-SNS-MOTENV1 4.3.2
2025-03-21 08:37:19,735 [INFO] ThirdParty:1030 - CMSIS Pack Vendor :STMicroelectronics X-CUBE-MEMS1 11.0.0
2025-03-21 08:37:19,735 [INFO] ThirdParty:1030 - CMSIS Pack Vendor :STMicroelectronics FreeRTOS 0.0.1
2025-03-21 08:37:19,735 [INFO] ThirdParty:1030 - CMSIS Pack Vendor :STMicroelectronics X-CUBE-BLEMGR 2.0.0
2025-03-21 08:37:19,735 [INFO] ThirdParty:1030 - CMSIS Pack Vendor :STMicroelectronics X-CUBE-DPower 1.2.0
2025-03-21 08:37:19,735 [INFO] ThirdParty:1030 - CMSIS Pack Vendor :STMicroelectronics FP-SNS-FLIGHT1 5.0.2
2025-03-21 08:37:19,735 [INFO] ThirdParty:1030 - CMSIS Pack Vendor :STMicroelectronics X-CUBE-AI 9.0.0
2025-03-21 08:37:19,735 [INFO] ThirdParty:1030 - CMSIS Pack Vendor :STMicroelectronics X-CUBE-AZRTOS-H7 3.1.0
2025-03-21 08:37:19,736 [INFO] ThirdParty:1030 - CMSIS Pack Vendor :STMicroelectronics PDM2PCM 3.3.0
2025-03-21 08:37:19,736 [INFO] ThirdParty:1030 - CMSIS Pack Vendor :STMicroelectronics X-CUBE-DISPLAY 3.0.0
2025-03-21 08:37:19,736 [INFO] ThirdParty:1030 - CMSIS Pack Vendor :STMicroelectronics X-CUBE-BLE1 7.0.0
2025-03-21 08:37:19,736 [INFO] ThirdParty:1030 - CMSIS Pack Vendor :STMicroelectronics X-CUBE-NFC10 1.0.0
2025-03-21 08:37:19,736 [INFO] ThirdParty:1030 - CMSIS Pack Vendor :STMicroelectronics X-CUBE-BLEMGR 4.0.0
2025-03-21 08:37:19,736 [INFO] ThirdParty:1030 - CMSIS Pack Vendor :STMicroelectronics HAL Drivers 0.0.0
2025-03-21 08:37:19,736 [INFO] ThirdParty:1030 - CMSIS Pack Vendor :emotas I-CUBE-CANOPEN 1.3.0
2025-03-21 08:37:19,736 [INFO] ThirdParty:1030 - CMSIS Pack Vendor :STMicroelectronics X-CUBE-FREERTOS 1.3.0
2025-03-21 08:37:19,736 [INFO] ThirdParty:1030 - CMSIS Pack Vendor :STMicroelectronics X-CUBE-NFC7 1.0.1
2025-03-21 08:37:19,737 [INFO] ThirdParty:1030 - CMSIS Pack Vendor :STMicroelectronics MBEDTLS 2.14.1
2025-03-21 08:37:19,737 [INFO] ThirdParty:1030 - CMSIS Pack Vendor :STMicroelectronics X-CUBE-TOUCHGFX 4.22.1
2025-03-21 08:37:19,737 [INFO] ThirdParty:1030 - CMSIS Pack Vendor :wolfSSL I-CUBE-wolfTPM 3.2.0
2025-03-21 08:37:19,737 [INFO] ThirdParty:1030 - CMSIS Pack Vendor :STMicroelectronics X-CUBE-NFC6 3.0.0
2025-03-21 08:37:19,737 [INFO] ThirdParty:1030 - CMSIS Pack Vendor :STMicroelectronics X-CUBE-EEPRMA1 4.1.0
2025-03-21 08:37:19,737 [INFO] ThirdParty:1030 - CMSIS Pack Vendor :STMicroelectronics X-CUBE-BLEMGR 3.1.0
2025-03-21 08:37:19,737 [INFO] ThirdParty:1030 - CMSIS Pack Vendor :STMicroelectronics X-CUBE-AI 10.0.0
2025-03-21 08:37:19,737 [INFO] ThirdParty:1030 - CMSIS Pack Vendor :STMicroelectronics FP-SNS-SMARTAG2 1.2.0
2025-03-21 08:37:19,738 [INFO] ThirdParty:1030 - CMSIS Pack Vendor :STMicroelectronics X-CUBE-MEMS1 11.1.0
2025-03-21 08:37:19,738 [INFO] ThirdParty:1030 - CMSIS Pack Vendor :STMicroelectronics X-CUBE-AZRTOS-WL 2.0.0
2025-03-21 08:37:19,738 [INFO] ThirdParty:1030 - CMSIS Pack Vendor :STMicroelectronics FP-SNS-MOTENV1 5.0.0
2025-03-21 08:37:19,738 [INFO] ThirdParty:1030 - CMSIS Pack Vendor :STMicroelectronics USB_DEVICE 1.0.0
2025-03-21 08:37:19,738 [INFO] ThirdParty:1030 - CMSIS Pack Vendor :STMicroelectronics X-CUBE-AI 8.1.0
2025-03-21 08:37:19,738 [INFO] ThirdParty:1030 - CMSIS Pack Vendor :wolfSSL I-CUBE-wolfMQTT 1.19.0
2025-03-21 08:37:19,738 [INFO] ThirdParty:1030 - CMSIS Pack Vendor :STMicroelectronics X-CUBE-AZRTOS-L4 2.0.0
2025-03-21 08:37:19,738 [INFO] ThirdParty:1030 - CMSIS Pack Vendor :STMicroelectronics ThreadX 0.0.2
2025-03-21 08:37:19,738 [INFO] ThirdParty:1030 - CMSIS Pack Vendor :WES I-CUBE-Cesium 1.3.0
2025-03-21 08:37:19,738 [INFO] ThirdParty:1030 - CMSIS Pack Vendor :STMicroelectronics lwIP 2.1.2
2025-03-21 08:37:19,739 [INFO] ThirdParty:1030 - CMSIS Pack Vendor :STMicroelectronics X-CUBE-SFXS2LP1 4.0.0
2025-03-21 08:37:19,739 [INFO] ThirdParty:1030 - CMSIS Pack Vendor :STMicroelectronics X-CUBE-BLE2 3.3.0
2025-03-21 08:37:19,739 [INFO] ThirdParty:1030 - CMSIS Pack Vendor :STMicroelectronics PDM2PCM 3.2.0
2025-03-21 08:37:19,739 [INFO] ThirdParty:1030 - CMSIS Pack Vendor :STMicroelectronics X-CUBE-ISPU 1.1.0
2025-03-21 08:37:19,739 [INFO] ThirdParty:1030 - CMSIS Pack Vendor :STMicroelectronics X-CUBE-AZRTOS-H7 3.3.0
2025-03-21 08:37:19,739 [INFO] ThirdParty:1030 - CMSIS Pack Vendor :STMicroelectronics X-CUBE-NFC9 1.0.0
2025-03-21 08:37:19,739 [INFO] ThirdParty:1030 - CMSIS Pack Vendor :STMicroelectronics X-CUBE-BLE1 7.1.0
2025-03-21 08:37:19,739 [INFO] ThirdParty:1030 - CMSIS Pack Vendor :STMicroelectronics USB_DEVICE 3.0.0
2025-03-21 08:37:19,739 [INFO] ThirdParty:1030 - CMSIS Pack Vendor :STMicroelectronics X-CUBE-TCPP 4.1.0
2025-03-21 08:37:19,740 [INFO] ThirdParty:1030 - CMSIS Pack Vendor :STMicroelectronics X-CUBE-IPS 3.0.0
2025-03-21 08:37:19,740 [INFO] ThirdParty:1030 - CMSIS Pack Vendor :STMicroelectronics X-CUBE-AZRTOS-WB 2.0.0
2025-03-21 08:37:19,740 [INFO] ThirdParty:1030 - CMSIS Pack Vendor :STMicroelectronics X-CUBE-GNSS1 7.0.0
2025-03-21 08:37:19,740 [INFO] ThirdParty:1030 - CMSIS Pack Vendor :STMicroelectronics X-CUBE-GNSS1 7.0.1
2025-03-21 08:37:19,740 [INFO] ThirdParty:1030 - CMSIS Pack Vendor :STMicroelectronics X-CUBE-TOUCHGFX 4.25.0
2025-03-21 08:37:19,744 [INFO] ThirdParty:1030 - CMSIS Pack Vendor :STMicroelectronics FP-SNS-STBOX1 2.0.0
2025-03-21 08:37:19,746 [INFO] ThirdParty:1030 - CMSIS Pack Vendor :STMicroelectronics X-CUBE-ALGOBUILD 1.3.0
2025-03-21 08:37:19,747 [INFO] ThirdParty:1030 - CMSIS Pack Vendor :STMicroelectronics X-CUBE-AZRTOS-G0 1.1.0
2025-03-21 08:37:19,748 [INFO] ThirdParty:1030 - CMSIS Pack Vendor :STMicroelectronics X-CUBE-SAFEA1 1.2.2
2025-03-21 08:37:19,748 [INFO] ThirdParty:1030 - CMSIS Pack Vendor :STMicroelectronics X-CUBE-NFC4 3.0.0
2025-03-21 08:37:19,748 [INFO] ThirdParty:1030 - CMSIS Pack Vendor :STMicroelectronics X-CUBE-SUBG2 5.0.0
2025-03-21 08:37:19,750 [INFO] ThirdParty:1030 - CMSIS Pack Vendor :STMicroelectronics X-CUBE-AZRTOS-H7RS 1.1.0
2025-03-21 08:37:19,755 [INFO] ThirdParty:1030 - CMSIS Pack Vendor :STMicroelectronics STM32_WPAN 1.0.0
2025-03-21 08:37:19,756 [INFO] ThirdParty:1030 - CMSIS Pack Vendor :wolfSSL I-CUBE-wolfMQTT 1.18.0
2025-03-21 08:37:19,756 [INFO] ThirdParty:1030 - CMSIS Pack Vendor :EmbeddedOffice I-CUBE-FS-RTOS 1.0.1
2025-03-21 08:37:19,756 [INFO] ThirdParty:1030 - CMSIS Pack Vendor :STMicroelectronics lwIP 2.0.3
2025-03-21 08:37:19,763 [INFO] ThirdParty:1030 - CMSIS Pack Vendor :STMicroelectronics USB_HOST 1.0.0
2025-03-21 08:37:19,763 [INFO] ThirdParty:1030 - CMSIS Pack Vendor :STMicroelectronics X-CUBE-TOF1 3.3.1
2025-03-21 08:37:19,763 [INFO] ThirdParty:1030 - CMSIS Pack Vendor :STMicroelectronics X-CUBE-AZRTOS-G4 2.0.0
2025-03-21 08:37:19,763 [INFO] ThirdParty:1030 - CMSIS Pack Vendor :STMicroelectronics PDM2PCM 3.1.0
2025-03-21 08:37:19,764 [INFO] ThirdParty:1030 - CMSIS Pack Vendor :Infineon AIROC-Wi-Fi-Bluetooth-STM32 1.5.1
2025-03-21 08:37:19,764 [INFO] ThirdParty:1030 - CMSIS Pack Vendor :STMicroelectronics X-CUBE-BLEMGR 3.0.0
2025-03-21 08:37:19,764 [INFO] ThirdParty:1030 - CMSIS Pack Vendor :RealThread X-CUBE-RT-Thread_Nano 4.1.1
2025-03-21 08:37:19,764 [INFO] ThirdParty:1030 - CMSIS Pack Vendor :STMicroelectronics FP-SNS-MOTENVWB1 1.3.1
2025-03-21 08:37:19,767 [INFO] ThirdParty:1030 - CMSIS Pack Vendor :STMicroelectronics FP-ATR-SIGFOX1 3.2.0
2025-03-21 08:37:19,769 [INFO] ThirdParty:1030 - CMSIS Pack Vendor :quantropi X-CUBE-qispace-sdk-base 1.9.3
2025-03-21 08:37:19,769 [INFO] ThirdParty:1030 - CMSIS Pack Vendor :STMicroelectronics X-CUBE-ISPU 2.0.0
2025-03-21 08:37:19,769 [INFO] ThirdParty:1030 - CMSIS Pack Vendor :STMicroelectronics X-CUBE-EEPRMA1 5.1.0
2025-03-21 08:37:19,769 [INFO] ThirdParty:1030 - CMSIS Pack Vendor :STMicroelectronics MBEDTLS 2.16.2
2025-03-21 08:37:19,769 [INFO] ThirdParty:1030 - CMSIS Pack Vendor :STMicroelectronics X-CUBE-ALS 1.0.2
2025-03-21 08:37:19,770 [INFO] ThirdParty:1030 - CMSIS Pack Vendor :STMicroelectronics X-CUBE-MEMS1 10.0.0
2025-03-21 08:37:19,770 [INFO] ThirdParty:1030 - CMSIS Pack Vendor :STMicroelectronics X-CUBE-FREERTOS 1.1.0
2025-03-21 08:37:19,770 [INFO] ThirdParty:1030 - CMSIS Pack Vendor :STMicroelectronics X-CUBE-TOUCHGFX 4.24.0
2025-03-21 08:37:19,770 [INFO] ThirdParty:1030 - CMSIS Pack Vendor :STMicroelectronics X-CUBE-TOUCHGFX 4.24.2
2025-03-21 08:37:19,770 [INFO] ThirdParty:1030 - CMSIS Pack Vendor :STMicroelectronics X-CUBE-TOUCHGFX 4.24.1
2025-03-21 08:37:19,770 [INFO] ThirdParty:1030 - CMSIS Pack Vendor :portGmbH I-Cube-SoM-uGOAL 1.1.0
2025-03-21 08:37:19,770 [INFO] ThirdParty:1030 - CMSIS Pack Vendor :STMicroelectronics X-CUBE-ALS 1.0.1
2025-03-21 08:37:19,770 [INFO] ThirdParty:1030 - CMSIS Pack Vendor :STMicroelectronics ThreadX 1.0.0
2025-03-21 08:37:19,770 [INFO] ThirdParty:1030 - CMSIS Pack Vendor :SEGGER I-CUBE-embOS 1.3.1
2025-03-21 08:37:19,770 [INFO] ThirdParty:1030 - CMSIS Pack Vendor :STMicroelectronics X-CUBE-ALGOBUILD 1.4.0
2025-03-21 08:37:19,771 [INFO] ThirdParty:1030 - CMSIS Pack Vendor :STMicroelectronics X-CUBE-AZRTOS-H7RS 1.0.0
2025-03-21 08:37:19,771 [INFO] ThirdParty:1030 - CMSIS Pack Vendor :STMicroelectronics FP-ATR-ASTRA1 2.0.0
2025-03-21 08:37:19,771 [INFO] ThirdParty:1030 - CMSIS Pack Vendor :STMicroelectronics X-CUBE-TOF1 3.4.2
2025-03-21 08:37:19,771 [INFO] ThirdParty:1030 - CMSIS Pack Vendor :STMicroelectronics X-CUBE-AI 9.1.0
2025-03-21 08:37:19,771 [INFO] ThirdParty:1030 - CMSIS Pack Vendor :STMicroelectronics X-CUBE-TOF1 3.4.0
2025-03-21 08:37:19,771 [INFO] ThirdParty:1030 - CMSIS Pack Vendor :STMicroelectronics X-CUBE-TOF1 3.4.1
2025-03-21 08:37:19,771 [INFO] ThirdParty:1030 - CMSIS Pack Vendor :STMicroelectronics X-CUBE-AZRTOS-H7 3.2.0
2025-03-21 08:37:19,771 [INFO] ThirdParty:1030 - CMSIS Pack Vendor :wolfSSL I-CUBE-wolfSSH 1.4.17
2025-03-21 08:37:19,772 [INFO] ThirdParty:841 - exiting critical section [change project]
2025-03-21 08:37:22,662 [INFO] PinOutPanel:1561 - setPackage(No Configuration,No Configuration)
2025-03-21 08:37:22,665 [INFO] PinOutPanel:1561 - setPackage(STM32L4R9AIIx,UFBGA169)
2025-03-21 08:37:26,519 [INFO] UtilMem:75 - Before build in PCC Used Memory: 848145520 Bytes (1073741824)
2025-03-21 08:37:30,440 [INFO] UtilMem:75 - After build in PCC Used Memory: 755930672 Bytes (1073741824)
2025-03-21 08:37:30,442 [INFO] Middleware:612 - instanceName : STMicroelectronics.X-CUBE-AI.10.0.0 bspName : COM Port check condition failed for : !SEMDeviceJjApplicationJjApplicationTemplate
2025-03-21 08:37:30,443 [INFO] Middleware:612 - instanceName : STMicroelectronics.X-CUBE-AI.10.0.0 bspName : COM Port check condition failed for : !SEMDeviceJjApplicationJjApplicationTemplate
2025-03-21 08:37:30,444 [INFO] Middleware:612 - instanceName : STMicroelectronics.X-CUBE-AI.10.0.0 bspName : COM Port check condition failed for : !SEMDeviceJjApplicationJjApplicationTemplate
2025-03-21 08:37:30,537 [INFO] IPUIPlugin:80 - create IPUIPlugin
2025-03-21 08:37:30,537 [INFO] IPUIPlugin:80 - create IPUIPlugin
2025-03-21 08:37:30,537 [INFO] IPUIPlugin:80 - create IPUIPlugin
2025-03-21 08:37:30,537 [INFO] IPUIPlugin:80 - create IPUIPlugin
2025-03-21 08:37:30,538 [INFO] IPUIPlugin:80 - create IPUIPlugin
2025-03-21 08:37:30,542 [INFO] IPUIPlugin:80 - create IPUIPlugin
2025-03-21 08:37:30,543 [INFO] IPUIPlugin:80 - create IPUIPlugin
2025-03-21 08:37:30,543 [INFO] IPUIPlugin:80 - create IPUIPlugin
2025-03-21 08:37:30,544 [INFO] IPUIPlugin:80 - create IPUIPlugin
2025-03-21 08:37:30,544 [INFO] IPUIPlugin:80 - create IPUIPlugin
2025-03-21 08:37:30,546 [INFO] IPUIPlugin:80 - create IPUIPlugin
2025-03-21 08:37:30,547 [INFO] IPUIPlugin:80 - create IPUIPlugin
2025-03-21 08:37:30,549 [INFO] IPUIPlugin:80 - create IPUIPlugin
2025-03-21 08:37:30,549 [INFO] IPUIPlugin:80 - create IPUIPlugin
2025-03-21 08:37:30,551 [INFO] IPUIPlugin:80 - create IPUIPlugin
2025-03-21 08:37:30,552 [INFO] IPUIPlugin:80 - create IPUIPlugin
2025-03-21 08:37:30,552 [INFO] IPUIPlugin:80 - create IPUIPlugin
2025-03-21 08:37:30,552 [INFO] IPUIPlugin:80 - create IPUIPlugin
2025-03-21 08:37:30,552 [INFO] IPUIPlugin:80 - create IPUIPlugin
2025-03-21 08:37:30,555 [INFO] IPUIPlugin:80 - create IPUIPlugin
2025-03-21 08:37:30,556 [INFO] IPUIPlugin:80 - create IPUIPlugin
2025-03-21 08:37:30,556 [INFO] IPUIPlugin:80 - create IPUIPlugin
2025-03-21 08:37:30,557 [INFO] IPUIPlugin:80 - create IPUIPlugin
2025-03-21 08:37:30,570 [INFO] IPUIPlugin:80 - create IPUIPlugin
2025-03-21 08:37:30,571 [INFO] IPUIPlugin:80 - create IPUIPlugin
2025-03-21 08:37:30,571 [INFO] IPUIPlugin:80 - create IPUIPlugin
2025-03-21 08:37:30,573 [INFO] IPUIPlugin:80 - create IPUIPlugin
2025-03-21 08:37:30,577 [INFO] IPUIPlugin:80 - create IPUIPlugin
2025-03-21 08:37:30,577 [INFO] IPUIPlugin:80 - create IPUIPlugin
2025-03-21 08:37:30,578 [INFO] IPUIPlugin:80 - create IPUIPlugin
2025-03-21 08:37:30,579 [INFO] IPUIPlugin:80 - create IPUIPlugin
2025-03-21 08:37:30,579 [INFO] IPUIPlugin:80 - create IPUIPlugin
2025-03-21 08:37:30,580 [INFO] IPUIPlugin:80 - create IPUIPlugin
2025-03-21 08:37:30,580 [INFO] IPUIPlugin:80 - create IPUIPlugin
2025-03-21 08:37:30,582 [INFO] IPUIPlugin:80 - create IPUIPlugin
2025-03-21 08:37:30,583 [INFO] IPUIPlugin:80 - create IPUIPlugin
2025-03-21 08:37:30,583 [INFO] IPUIPlugin:80 - create IPUIPlugin
2025-03-21 08:37:30,584 [INFO] IPUIPlugin:80 - create IPUIPlugin
2025-03-21 08:37:30,584 [INFO] IPUIPlugin:80 - create IPUIPlugin
2025-03-21 08:37:30,585 [INFO] IPUIPlugin:80 - create IPUIPlugin
2025-03-21 08:37:30,586 [INFO] IPUIPlugin:80 - create IPUIPlugin
2025-03-21 08:37:30,587 [INFO] IPUIPlugin:80 - create IPUIPlugin
2025-03-21 08:37:30,588 [INFO] IPUIPlugin:80 - create IPUIPlugin
2025-03-21 08:37:30,589 [INFO] IPUIPlugin:80 - create IPUIPlugin
2025-03-21 08:37:30,590 [INFO] IPUIPlugin:80 - create IPUIPlugin
2025-03-21 08:37:30,590 [INFO] IPUIPlugin:80 - create IPUIPlugin
2025-03-21 08:37:30,591 [INFO] IPUIPlugin:80 - create IPUIPlugin
2025-03-21 08:37:30,591 [INFO] IPUIPlugin:80 - create IPUIPlugin
2025-03-21 08:37:30,592 [INFO] IPUIPlugin:80 - create IPUIPlugin
2025-03-21 08:37:30,592 [INFO] IPUIPlugin:80 - create IPUIPlugin
2025-03-21 08:37:30,593 [INFO] IPUIPlugin:80 - create IPUIPlugin
2025-03-21 08:37:30,594 [INFO] IPUIPlugin:80 - create IPUIPlugin
2025-03-21 08:37:30,594 [INFO] IPUIPlugin:80 - create IPUIPlugin
2025-03-21 08:37:30,595 [INFO] IPUIPlugin:80 - create IPUIPlugin
2025-03-21 08:37:30,596 [INFO] IPUIPlugin:80 - create IPUIPlugin
2025-03-21 08:37:30,596 [INFO] IPUIPlugin:80 - create IPUIPlugin
2025-03-21 08:37:30,597 [INFO] IPUIPlugin:80 - create IPUIPlugin
2025-03-21 08:37:30,598 [INFO] IPUIPlugin:80 - create IPUIPlugin
2025-03-21 08:37:30,599 [INFO] IPUIPlugin:80 - create IPUIPlugin
2025-03-21 08:37:30,599 [INFO] IPUIPlugin:80 - create IPUIPlugin
2025-03-21 08:37:30,600 [INFO] IPUIPlugin:80 - create IPUIPlugin
2025-03-21 08:37:30,601 [INFO] IPUIPlugin:80 - create IPUIPlugin
2025-03-21 08:37:30,602 [INFO] IPUIPlugin:80 - create IPUIPlugin
2025-03-21 08:37:30,603 [INFO] IPUIPlugin:80 - create IPUIPlugin
2025-03-21 08:37:30,604 [INFO] IPUIPlugin:80 - create IPUIPlugin
2025-03-21 08:37:30,612 [INFO] AI:968 - onDisable adding AI com.st.microxplorer.plugins.ip.ai.AI@2d3b1676 on STMicroelectronics.X-CUBE-AI.10.0.0
2025-03-21 08:37:31,373 [INFO] CADModel:165 - CPN selected for project levelSTM32L4R9AII6
2025-03-21 08:37:31,373 [INFO] CADModel:114 - Register for checkConnection events
2025-03-21 08:37:31,417 [INFO] OpenFileManager:363 - Restore cursor
2025-03-21 08:37:32,533 [INFO] AIMainUI:1270 - Restoring parameters from IP...
2025-03-21 08:37:32,533 [INFO] AIMainUI:1393 - No old model detected
2025-03-21 08:37:32,597 [ERROR] N6Profiles:77 - java.io.FileNotFoundException: C:\Users\hugoc\STM32Cube\Repository\Packs\STMicroelectronics\X-CUBE-AI\10.0.0\scripts\N6_scripts\user_neuralart.json (Le chemin d’accès spécifié est introuvable)
2025-03-21 08:37:32,638 [INFO] AInterface:114 - AInterface using toolDir: C:/Users/hugoc/STM32Cube/Repository/Packs/STMicroelectronics/X-CUBE-AI/10.0.0/Utilities/windows
2025-03-21 08:37:32,650 [INFO] AIModelDetailledView:2372 - Analysis status: -
2025-03-21 08:37:32,652 [INFO] AIModelDetailledView:930 - Selected model: Keras
2025-03-21 08:37:32,865 [INFO] Middleware:612 - instanceName : STMicroelectronics.X-CUBE-AI.10.0.0 bspName : COM Port check condition failed for : !SEMDeviceJjApplicationJjApplicationTemplate
2025-03-21 08:37:32,866 [INFO] Middleware:612 - instanceName : STMicroelectronics.X-CUBE-AI.10.0.0 bspName : COM Port check condition failed for : !SEMDeviceJjApplicationJjApplicationTemplate
2025-03-21 08:37:32,866 [INFO] Middleware:612 - instanceName : STMicroelectronics.X-CUBE-AI.10.0.0 bspName : COM Port check condition failed for : !SEMDeviceJjApplicationJjApplicationTemplate
2025-03-21 08:37:32,866 [INFO] Middleware:612 - instanceName : STMicroelectronics.X-CUBE-AI.10.0.0 bspName : COM Port check condition failed for : !SEMDeviceJjApplicationJjApplicationTemplate
2025-03-21 08:37:32,867 [INFO] Middleware:612 - instanceName : STMicroelectronics.X-CUBE-AI.10.0.0 bspName : COM Port check condition failed for : !SEMDeviceJjApplicationJjApplicationTemplate
2025-03-21 08:37:32,867 [INFO] Middleware:612 - instanceName : STMicroelectronics.X-CUBE-AI.10.0.0 bspName : COM Port check condition failed for : !SEMDeviceJjApplicationJjApplicationTemplate
2025-03-21 08:37:32,930 [INFO] Middleware:612 - instanceName : STMicroelectronics.X-CUBE-AI.10.0.0 bspName : COM Port check condition failed for : !SEMDeviceJjApplicationJjApplicationTemplate
2025-03-21 08:37:32,930 [INFO] Middleware:612 - instanceName : STMicroelectronics.X-CUBE-AI.10.0.0 bspName : COM Port check condition failed for : !SEMDeviceJjApplicationJjApplicationTemplate
2025-03-21 08:37:32,930 [INFO] Middleware:612 - instanceName : STMicroelectronics.X-CUBE-AI.10.0.0 bspName : COM Port check condition failed for : !SEMDeviceJjApplicationJjApplicationTemplate
2025-03-21 08:37:32,930 [INFO] Middleware:612 - instanceName : STMicroelectronics.X-CUBE-AI.10.0.0 bspName : COM Port check condition failed for : !SEMDeviceJjApplicationJjApplicationTemplate
2025-03-21 08:37:32,931 [INFO] Middleware:612 - instanceName : STMicroelectronics.X-CUBE-AI.10.0.0 bspName : COM Port check condition failed for : !SEMDeviceJjApplicationJjApplicationTemplate
2025-03-21 08:37:32,931 [INFO] Middleware:612 - instanceName : STMicroelectronics.X-CUBE-AI.10.0.0 bspName : COM Port check condition failed for : !SEMDeviceJjApplicationJjApplicationTemplate
2025-03-21 08:37:32,996 [INFO] Middleware:612 - instanceName : STMicroelectronics.X-CUBE-AI.10.0.0 bspName : COM Port check condition failed for : !SEMDeviceJjApplicationJjApplicationTemplate
2025-03-21 08:37:32,996 [INFO] Middleware:612 - instanceName : STMicroelectronics.X-CUBE-AI.10.0.0 bspName : COM Port check condition failed for : !SEMDeviceJjApplicationJjApplicationTemplate
2025-03-21 08:37:32,996 [INFO] Middleware:612 - instanceName : STMicroelectronics.X-CUBE-AI.10.0.0 bspName : COM Port check condition failed for : !SEMDeviceJjApplicationJjApplicationTemplate
2025-03-21 08:37:32,996 [INFO] Middleware:612 - instanceName : STMicroelectronics.X-CUBE-AI.10.0.0 bspName : COM Port check condition failed for : !SEMDeviceJjApplicationJjApplicationTemplate
2025-03-21 08:37:32,997 [INFO] Middleware:612 - instanceName : STMicroelectronics.X-CUBE-AI.10.0.0 bspName : COM Port check condition failed for : !SEMDeviceJjApplicationJjApplicationTemplate
2025-03-21 08:37:32,997 [INFO] Middleware:612 - instanceName : STMicroelectronics.X-CUBE-AI.10.0.0 bspName : COM Port check condition failed for : !SEMDeviceJjApplicationJjApplicationTemplate
2025-03-21 08:37:32,998 [INFO] AIModelDetailledView:2372 - Analysis status: done
2025-03-21 08:38:39,917 [INFO] AI:951 - getUI adding AI com.st.microxplorer.plugins.ip.ai.AI@2d3b1676 on STMicroelectronics.X-CUBE-AI.10.0.0
2025-03-21 08:38:39,918 [INFO] Middleware:612 - instanceName : STMicroelectronics.X-CUBE-AI.10.0.0 bspName : COM Port check condition failed for : !SEMDeviceJjApplicationJjApplicationTemplate
2025-03-21 08:38:39,918 [INFO] Middleware:612 - instanceName : STMicroelectronics.X-CUBE-AI.10.0.0 bspName : COM Port check condition failed for : !SEMDeviceJjApplicationJjApplicationTemplate
2025-03-21 08:38:39,918 [INFO] Middleware:612 - instanceName : STMicroelectronics.X-CUBE-AI.10.0.0 bspName : COM Port check condition failed for : !SEMDeviceJjApplicationJjApplicationTemplate
2025-03-21 08:39:57,301 [INFO] AIModelDetailledView:2372 - Analysis status: -
2025-03-21 08:39:57,912 [INFO] AInterface:254 - ModelName:model_v1; files:[C:\Users\hugoc\OneDrive\Documents\Hugo\ISMIN\Cours\S8\Ia_Data\IA_embarque\Github\IA_Embarque\COLAB\Model_V1.h5]; type:Keras; compression:None
2025-03-21 08:39:57,914 [INFO] AInterface:519 - workspaceTempDir: C:/Users/hugoc/AppData/Local/Temp/mxAI_workspace51476494070015458435685932682151
2025-03-21 08:39:57,916 [INFO] AInterface:1132 - Setting Env: C:/Users/hugoc/STM32Cube/Repository/Packs/STMicroelectronics/X-CUBE-AI/10.0.0/Utilities/windows
2025-03-21 08:39:58,137 [INFO] STM32CubeIDEBuilder:265 - Looking for gnu-tools-for-stm32 tools/bin/arm-none-eabi-gcc.exe in C:\ST\STM32CubeIDE_1.13.1\STM32CubeIDE
2025-03-21 08:39:58,152 [INFO] STM32CubeIDEBuilder:294 - checking C:\ST\STM32CubeIDE_1.13.1\STM32CubeIDE\plugins\com.st.stm32cube.ide.mcu.externaltools.gnu-tools-for-stm32.12.3.rel1.win32_1.0.200.202406191623\tools\bin\arm-none-eabi-gcc.exe
2025-03-21 08:39:58,154 [INFO] STM32CubeIDEBuilder:297 - ret=C:\ST\STM32CubeIDE_1.13.1\STM32CubeIDE\plugins\com.st.stm32cube.ide.mcu.externaltools.gnu-tools-for-stm32.12.3.rel1.win32_1.0.200.202406191623\tools\bin\arm-none-eabi-gcc.exe
2025-03-21 08:39:58,155 [INFO] STM32CubeIDEBuilder:311 - returning C:\ST\STM32CubeIDE_1.13.1\STM32CubeIDE\plugins\com.st.stm32cube.ide.mcu.externaltools.gnu-tools-for-stm32.12.3.rel1.win32_1.0.200.202406191623\tools\bin\arm-none-eabi-gcc.exe
2025-03-21 08:39:58,156 [INFO] AInterface:1189 - Custom PATH variable: C:/Users/hugoc/STM32Cube/Repository/Packs/STMicroelectronics/X-CUBE-AI/10.0.0/Utilities/windows;C:/Users/hugoc/STM32Cube/Repository/Packs/STMicroelectronics/X-CUBE-AI/10.0.0/Utilities/windows/mingw64/bin;C:/Users/hugoc/STM32Cube/Repository/Packs/STMicroelectronics/X-CUBE-AI/10.0.0/Utilities/windows/mingw64/libexec/gcc/x86_64-w64-mingw32/7.3.0;;C:\ST\STM32CubeIDE_1.13.1\STM32CubeIDE\plugins\com.st.stm32cube.ide.mcu.externaltools.gnu-tools-for-stm32.12.3.rel1.win32_1.0.200.202406191623\tools\bin
2025-03-21 08:39:58,160 [INFO] CmdLine:109 - Command: C:/Users/hugoc/STM32Cube/Repository/Packs/STMicroelectronics/X-CUBE-AI/10.0.0/Utilities/windows/stedgeai.exe analyze --target stm32l4 --name model_v1 -m C:/Users/hugoc/OneDrive/Documents/Hugo/ISMIN/Cours/S8/Ia_Data/IA_embarque/Github/IA_Embarque/COLAB/Model_V1.h5 --compression none --verbosity 1 --workspace C:/Users/hugoc/AppData/Local/Temp/mxAI_workspace51476494070015458435685932682151 --output C:/Users/hugoc/.stm32cubemx/model_v1_output
2025-03-21 08:39:58,167 [INFO] AIModelDetailledView:2372 - Analysis status: pending
2025-03-21 08:40:06,322 [INFO] CmdLine:74 - ST Edge AI Core v2.0.0-20049
2025-03-21 08:41:35,860 [INFO] AIModelDetailledView:1053 - Model path:  C:\Users\hugoc\OneDrive\Documents\Hugo\ISMIN\Cours\S8\Ia_Data\IA_embarque\Github\IA_Embarque\CUBE_IDE\IA_Emb_Pablo_Hugo\.ai\model_v1_Model_V1.h5_c_info.json
2025-03-21 08:41:35,861 [INFO] JxBrowserEngine:152 - Initiate JxBrowser Engine with user profile folder
2025-03-21 08:42:01,710 [INFO] CmdLine:74 - Creating c (debug) info json file C:\Users\hugoc\AppData\Local\Temp\mxAI_workspace51476494070015458435685932682151\model_v1_c_info.json
2025-03-21 08:42:02,008 [INFO] CmdLine:74 -  
2025-03-21 08:42:02,009 [INFO] CmdLine:74 -  Exec/report summary (analyze)
2025-03-21 08:42:02,010 [INFO] CmdLine:74 -  ----------------------------------------------------------------------------------------------------------------------------------------
2025-03-21 08:42:02,011 [INFO] CmdLine:74 -  model file         :   C:\Users\hugoc\OneDrive\Documents\Hugo\ISMIN\Cours\S8\Ia_Data\IA_embarque\Github\IA_Embarque\COLAB\Model_V1.h5   
2025-03-21 08:42:02,014 [INFO] CmdLine:74 -  type               :   keras                                                                                                            
2025-03-21 08:42:02,016 [INFO] CmdLine:74 -  c_name             :   model_v1                                                                                                         
2025-03-21 08:42:02,017 [INFO] CmdLine:74 -  compression        :   none                                                                                                             
2025-03-21 08:42:02,018 [INFO] CmdLine:74 -  options            :   allocate-inputs, allocate-outputs                                                                                
2025-03-21 08:42:02,019 [INFO] CmdLine:74 -  optimization       :   balanced                                                                                                         
2025-03-21 08:42:02,019 [INFO] CmdLine:74 -  target/series      :   stm32l4                                                                                                          
2025-03-21 08:42:02,020 [INFO] CmdLine:74 -  workspace dir      :   C:\Users\hugoc\AppData\Local\Temp\mxAI_workspace51476494070015458435685932682151                                 
2025-03-21 08:42:02,021 [INFO] CmdLine:74 -  output dir         :   C:\Users\hugoc\.stm32cubemx\model_v1_output                                                                      
2025-03-21 08:42:02,022 [INFO] CmdLine:74 -  model_fmt          :   float                                                                                                            
2025-03-21 08:42:02,023 [INFO] CmdLine:74 -  model_name         :   Model_V1                                                                                                         
2025-03-21 08:42:02,023 [INFO] CmdLine:74 -  model_hash         :   0x2ac21b7b6d50788773a4495e0a84f8a1                                                                               
2025-03-21 08:42:02,024 [INFO] CmdLine:74 -  params #           :   9,029 items (35.27 KiB)                                                                                          
2025-03-21 08:42:02,025 [INFO] CmdLine:74 -  ----------------------------------------------------------------------------------------------------------------------------------------
2025-03-21 08:42:02,026 [INFO] CmdLine:74 -  input 1/1          :   'input_0', f32(1x5), 20 Bytes, activations                                                                       
2025-03-21 08:42:02,027 [INFO] CmdLine:74 -  output 1/1         :   'dense_7', f32(1x5), 20 Bytes, activations                                                                       
2025-03-21 08:42:02,029 [INFO] CmdLine:74 -  macc               :   10,448                                                                                                           
2025-03-21 08:42:02,030 [INFO] CmdLine:74 -  weights (ro)       :   36,116 B (35.27 KiB) (1 segment)                                                                                 
2025-03-21 08:42:02,031 [INFO] CmdLine:74 -  activations (rw)   :   512 B (512 B) (1 segment) *                                                                                      
2025-03-21 08:42:02,033 [INFO] CmdLine:74 -  ram (total)        :   512 B (512 B) = 512 + 0 + 0                                                                                      
2025-03-21 08:42:02,034 [INFO] CmdLine:74 -  ----------------------------------------------------------------------------------------------------------------------------------------
2025-03-21 08:42:02,035 [INFO] CmdLine:74 -  (*) 'input'/'output' buffers can be used from the activations buffer
2025-03-21 08:42:02,035 [INFO] CmdLine:74 - Computing AI RT data/code size (target=stm32l4)..
2025-03-21 08:42:13,559 [INFO] CmdLine:74 -  Model name - Model_V1
2025-03-21 08:42:13,561 [INFO] CmdLine:74 -  ------ ----------------------- ------------ -------------- ------- ---------------
2025-03-21 08:42:13,562 [INFO] CmdLine:74 -  m_id   layer (original)        oshape       param/size        macc    connected to
2025-03-21 08:42:13,563 [INFO] CmdLine:74 -  ------ ----------------------- ------------ -------------- ------- ---------------
2025-03-21 08:42:13,564 [INFO] CmdLine:74 -  0      input_0 (None)          [b:1,c:5]
2025-03-21 08:42:13,565 [INFO] CmdLine:74 -         dense_4_dense (Dense)   [b:1,c:64]   384/1,536          384         input_0
2025-03-21 08:42:13,567 [INFO] CmdLine:74 -         dense_4 (Dense)         [b:1,c:64]                       64   dense_4_dense
2025-03-21 08:42:13,568 [INFO] CmdLine:74 -  ------ ----------------------- ------------ -------------- ------- ---------------
2025-03-21 08:42:13,569 [INFO] CmdLine:74 -  2      dense_5_dense (Dense)   [b:1,c:64]   4,160/16,640     4,160         dense_4
2025-03-21 08:42:13,570 [INFO] CmdLine:74 -         dense_5 (Dense)         [b:1,c:64]                      640   dense_5_dense
2025-03-21 08:42:13,571 [INFO] CmdLine:74 -  ------ ----------------------- ------------ -------------- ------- ---------------
2025-03-21 08:42:13,572 [INFO] CmdLine:74 -  4      dense_6_dense (Dense)   [b:1,c:64]   4,160/16,640     4,160         dense_5
2025-03-21 08:42:13,574 [INFO] CmdLine:74 -         dense_6 (Dense)         [b:1,c:64]                      640   dense_6_dense
2025-03-21 08:42:13,575 [INFO] CmdLine:74 -  ------ ----------------------- ------------ -------------- ------- ---------------
2025-03-21 08:42:13,576 [INFO] CmdLine:74 -  6      dense_7_dense (Dense)   [b:1,c:5]    325/1,300          325         dense_6
2025-03-21 08:42:13,578 [INFO] CmdLine:74 -         dense_7 (Dense)         [b:1,c:5]                        75   dense_7_dense
2025-03-21 08:42:13,579 [INFO] CmdLine:74 -  ------ ----------------------- ------------ -------------- ------- ---------------
2025-03-21 08:42:13,580 [INFO] CmdLine:74 -  model: macc=10,448 weights=36,116 activations=-- io=--
2025-03-21 08:42:13,583 [INFO] CmdLine:74 -  Number of operations per c-layer
2025-03-21 08:42:13,584 [INFO] CmdLine:74 -  ------- ------ ------------------------ -------- --------------
2025-03-21 08:42:13,589 [INFO] CmdLine:74 -  c_id    m_id   name (type)                   #op           type
2025-03-21 08:42:13,590 [INFO] CmdLine:74 -  ------- ------ ------------------------ -------- --------------
2025-03-21 08:42:13,594 [INFO] CmdLine:74 -  0       0      dense_4_dense (Dense)         384   smul_f32_f32
2025-03-21 08:42:13,596 [INFO] CmdLine:74 -  1       0      dense_4 (Nonlinearity)         64     op_f32_f32
2025-03-21 08:42:13,598 [INFO] CmdLine:74 -  2       2      dense_5_dense (Dense)       4,160   smul_f32_f32
2025-03-21 08:42:13,599 [INFO] CmdLine:74 -  3       2      dense_5 (Nonlinearity)        640     op_f32_f32
2025-03-21 08:42:13,600 [INFO] CmdLine:74 -  4       4      dense_6_dense (Dense)       4,160   smul_f32_f32
2025-03-21 08:42:13,601 [INFO] CmdLine:74 -  5       4      dense_6 (Nonlinearity)        640     op_f32_f32
2025-03-21 08:42:13,602 [INFO] CmdLine:74 -  6       6      dense_7_dense (Dense)         325   smul_f32_f32
2025-03-21 08:42:13,604 [INFO] CmdLine:74 -  7       6      dense_7 (Nonlinearity)         75     op_f32_f32
2025-03-21 08:42:13,605 [INFO] CmdLine:74 -  ------- ------ ------------------------ -------- --------------
2025-03-21 08:42:13,607 [INFO] CmdLine:74 -  total                                     10,448
2025-03-21 08:42:13,612 [INFO] CmdLine:74 -  Number of operation types
2025-03-21 08:42:13,613 [INFO] CmdLine:74 -  ---------------- ------- -----------
2025-03-21 08:42:13,614 [INFO] CmdLine:74 -  operation type         #           %
2025-03-21 08:42:13,615 [INFO] CmdLine:74 -  ---------------- ------- -----------
2025-03-21 08:42:13,616 [INFO] CmdLine:74 -  smul_f32_f32       9,029       86.4%
2025-03-21 08:42:13,617 [INFO] CmdLine:74 -  op_f32_f32         1,419       13.6%
2025-03-21 08:42:13,619 [INFO] CmdLine:74 -  Complexity report (model)
2025-03-21 08:42:13,620 [INFO] CmdLine:74 -  ------ --------------- ------------------------- ------------------------- --------
2025-03-21 08:42:13,632 [INFO] CmdLine:74 -  m_id   name            c_macc                    c_rom                     c_id
2025-03-21 08:42:13,634 [INFO] CmdLine:74 -  ------ --------------- ------------------------- ------------------------- --------
2025-03-21 08:42:13,637 [INFO] CmdLine:74 -  0      input_0         ||                 4.3%   ||                 4.3%   [0, 1]
2025-03-21 08:42:13,640 [INFO] CmdLine:74 -  2      dense_5_dense   ||||||||||||||||  45.9%   ||||||||||||||||  46.1%   [2, 3]
2025-03-21 08:42:13,645 [INFO] CmdLine:74 -  4      dense_6_dense   ||||||||||||||||  45.9%   ||||||||||||||||  46.1%   [4, 5]
2025-03-21 08:42:13,650 [INFO] CmdLine:74 -  6      dense_7_dense   ||                 3.8%   ||                 3.6%   [6, 7]
2025-03-21 08:42:13,651 [INFO] CmdLine:74 -  ------ --------------- ------------------------- ------------------------- --------
2025-03-21 08:42:13,653 [INFO] CmdLine:74 -  macc=10,448 weights=36,116 act=512 ram_io=0
2025-03-21 08:42:13,655 [INFO] CmdLine:74 -  Requested memory size by section - "stm32l4" target
2025-03-21 08:42:13,656 [INFO] CmdLine:74 -  ------------------------------ ------- -------- ------- -----
2025-03-21 08:42:13,657 [INFO] CmdLine:74 -  module                            text   rodata    data   bss
2025-03-21 08:42:13,658 [INFO] CmdLine:74 -  ------------------------------ ------- -------- ------- -----
2025-03-21 08:42:13,662 [INFO] CmdLine:74 -  NetworkRuntime1000_CM4_GCC.a     7,136        0       0     0
2025-03-21 08:42:13,664 [INFO] CmdLine:74 -  model_v1.o                         606       64   2,236   160
2025-03-21 08:42:13,665 [INFO] CmdLine:74 -  model_v1_data.o                     48       16      88     0
2025-03-21 08:42:13,665 [INFO] CmdLine:74 -  lib (toolchain)*                 1,432       24      12     0
2025-03-21 08:42:13,666 [INFO] CmdLine:74 -  ------------------------------ ------- -------- ------- -----
2025-03-21 08:42:13,667 [INFO] CmdLine:74 -  RT total**                       9,222      104   2,336   160
2025-03-21 08:42:13,672 [INFO] CmdLine:74 -  ------------------------------ ------- -------- ------- -----
2025-03-21 08:42:13,673 [INFO] CmdLine:74 -  weights                              0   36,120       0     0
2025-03-21 08:42:13,673 [INFO] CmdLine:74 -  activations                          0        0       0   512
2025-03-21 08:42:13,674 [INFO] CmdLine:74 -  io                                   0        0       0     0
2025-03-21 08:42:13,679 [INFO] CmdLine:74 -  ------------------------------ ------- -------- ------- -----
2025-03-21 08:42:13,680 [INFO] CmdLine:74 -  TOTAL                            9,222   36,224   2,336   672
2025-03-21 08:42:13,681 [INFO] CmdLine:74 -  ------------------------------ ------- -------- ------- -----
2025-03-21 08:42:13,682 [INFO] CmdLine:74 -  *  toolchain objects (libm/libgcc*)
2025-03-21 08:42:13,683 [INFO] CmdLine:74 -  ** RT AI runtime objects (kernels+infrastructure)
2025-03-21 08:42:13,686 [INFO] CmdLine:74 -   Summary - "stm32l4" target
2025-03-21 08:42:13,689 [INFO] CmdLine:74 -   ---------------------------------------------------
2025-03-21 08:42:13,690 [INFO] CmdLine:74 -                FLASH (ro)      %*   RAM (rw)       %
2025-03-21 08:42:13,691 [INFO] CmdLine:74 -   ---------------------------------------------------
2025-03-21 08:42:13,695 [INFO] CmdLine:74 -   RT total         11,662   24.4%      2,496   83.0%
2025-03-21 08:42:13,696 [INFO] CmdLine:74 -   ---------------------------------------------------
2025-03-21 08:42:13,697 [INFO] CmdLine:74 -   TOTAL            47,782              3,008
2025-03-21 08:42:13,698 [INFO] CmdLine:74 -   ---------------------------------------------------
2025-03-21 08:42:13,698 [INFO] CmdLine:74 -   *  rt/total
2025-03-21 08:42:13,699 [INFO] CmdLine:74 - Creating txt report file C:\Users\hugoc\.stm32cubemx\model_v1_output\model_v1_analyze_report.txt
2025-03-21 08:42:16,048 [INFO] CmdLine:74 - elapsed time (analyze): 129.724s
2025-03-21 08:42:17,126 [INFO] CmdLine:142 - stedgeai exit with status: 0
2025-03-21 08:42:17,225 [INFO] AIModelDetailledView:1176 - Model file:      Model_V1.h5
2025-03-21 08:42:17,226 [INFO] AIModelDetailledView:1176 - Total Flash:     47778 B (46.66 KiB)
2025-03-21 08:42:17,228 [INFO] AIModelDetailledView:1176 -     Weights:     36116 B (35.27 KiB)
2025-03-21 08:42:17,229 [INFO] AIModelDetailledView:1176 -     Library:     11662 B (11.39 KiB)
2025-03-21 08:42:17,230 [INFO] AIModelDetailledView:1176 - Total Ram:       3020 B (2.95 KiB)
2025-03-21 08:42:17,230 [INFO] AIModelDetailledView:1176 -     Activations: 524 B
2025-03-21 08:42:17,231 [INFO] AIModelDetailledView:1176 -     Library:     2496 B (2.44 KiB)
2025-03-21 08:42:17,232 [INFO] AIModelDetailledView:1176 -     Input:       20 B (included in Activations)
2025-03-21 08:42:17,233 [INFO] AIModelDetailledView:1176 -     Output:      20 B (included in Activations)
2025-03-21 08:42:17,233 [INFO] AIModelDetailledView:1176 - Done
2025-03-21 08:42:17,234 [INFO] AIModelDetailledView:2707 - Analyze complete on AI model
2025-03-21 08:42:17,246 [INFO] AIModelDetailledView:2372 - Analysis status: done
2025-03-21 08:49:24,065 [INFO] UtilMem:75 - End SaveConfig() Used Memory: 775732288 Bytes (1073741824)
2025-03-21 08:49:25,264 [INFO] Middleware:612 - instanceName : STMicroelectronics.X-CUBE-AI.10.0.0 bspName : COM Port check condition failed for : !SEMDeviceJjApplicationJjApplicationTemplate
2025-03-21 08:49:25,264 [INFO] Middleware:612 - instanceName : STMicroelectronics.X-CUBE-AI.10.0.0 bspName : COM Port check condition failed for : !SEMDeviceJjApplicationJjApplicationTemplate
2025-03-21 08:49:25,265 [INFO] Middleware:612 - instanceName : STMicroelectronics.X-CUBE-AI.10.0.0 bspName : COM Port check condition failed for : !SEMDeviceJjApplicationJjApplicationTemplate
2025-03-21 08:49:25,265 [INFO] Middleware:612 - instanceName : STMicroelectronics.X-CUBE-AI.10.0.0 bspName : COM Port check condition failed for : !SEMDeviceJjApplicationJjApplicationTemplate
2025-03-21 08:49:25,265 [INFO] Middleware:612 - instanceName : STMicroelectronics.X-CUBE-AI.10.0.0 bspName : COM Port check condition failed for : !SEMDeviceJjApplicationJjApplicationTemplate
2025-03-21 08:49:25,265 [INFO] Middleware:612 - instanceName : STMicroelectronics.X-CUBE-AI.10.0.0 bspName : COM Port check condition failed for : !SEMDeviceJjApplicationJjApplicationTemplate
2025-03-21 08:49:25,330 [INFO] Middleware:612 - instanceName : STMicroelectronics.X-CUBE-AI.10.0.0 bspName : COM Port check condition failed for : !SEMDeviceJjApplicationJjApplicationTemplate
2025-03-21 08:49:25,331 [INFO] Middleware:612 - instanceName : STMicroelectronics.X-CUBE-AI.10.0.0 bspName : COM Port check condition failed for : !SEMDeviceJjApplicationJjApplicationTemplate
2025-03-21 08:49:25,331 [INFO] Middleware:612 - instanceName : STMicroelectronics.X-CUBE-AI.10.0.0 bspName : COM Port check condition failed for : !SEMDeviceJjApplicationJjApplicationTemplate
2025-03-21 08:49:25,331 [INFO] Middleware:612 - instanceName : STMicroelectronics.X-CUBE-AI.10.0.0 bspName : COM Port check condition failed for : !SEMDeviceJjApplicationJjApplicationTemplate
2025-03-21 08:49:25,331 [INFO] Middleware:612 - instanceName : STMicroelectronics.X-CUBE-AI.10.0.0 bspName : COM Port check condition failed for : !SEMDeviceJjApplicationJjApplicationTemplate
2025-03-21 08:49:25,331 [INFO] Middleware:612 - instanceName : STMicroelectronics.X-CUBE-AI.10.0.0 bspName : COM Port check condition failed for : !SEMDeviceJjApplicationJjApplicationTemplate
2025-03-21 08:49:25,396 [INFO] Middleware:612 - instanceName : STMicroelectronics.X-CUBE-AI.10.0.0 bspName : COM Port check condition failed for : !SEMDeviceJjApplicationJjApplicationTemplate
2025-03-21 08:49:25,396 [INFO] Middleware:612 - instanceName : STMicroelectronics.X-CUBE-AI.10.0.0 bspName : COM Port check condition failed for : !SEMDeviceJjApplicationJjApplicationTemplate
2025-03-21 08:49:25,396 [INFO] Middleware:612 - instanceName : STMicroelectronics.X-CUBE-AI.10.0.0 bspName : COM Port check condition failed for : !SEMDeviceJjApplicationJjApplicationTemplate
2025-03-21 08:49:25,396 [INFO] Middleware:612 - instanceName : STMicroelectronics.X-CUBE-AI.10.0.0 bspName : COM Port check condition failed for : !SEMDeviceJjApplicationJjApplicationTemplate
2025-03-21 08:49:25,397 [INFO] Middleware:612 - instanceName : STMicroelectronics.X-CUBE-AI.10.0.0 bspName : COM Port check condition failed for : !SEMDeviceJjApplicationJjApplicationTemplate
2025-03-21 08:49:25,397 [INFO] Middleware:612 - instanceName : STMicroelectronics.X-CUBE-AI.10.0.0 bspName : COM Port check condition failed for : !SEMDeviceJjApplicationJjApplicationTemplate
2025-03-21 08:49:25,467 [INFO] Middleware:612 - instanceName : STMicroelectronics.X-CUBE-AI.10.0.0 bspName : COM Port check condition failed for : !SEMDeviceJjApplicationJjApplicationTemplate
2025-03-21 08:49:25,468 [INFO] Middleware:612 - instanceName : STMicroelectronics.X-CUBE-AI.10.0.0 bspName : COM Port check condition failed for : !SEMDeviceJjApplicationJjApplicationTemplate
2025-03-21 08:49:25,468 [INFO] Middleware:612 - instanceName : STMicroelectronics.X-CUBE-AI.10.0.0 bspName : COM Port check condition failed for : !SEMDeviceJjApplicationJjApplicationTemplate
2025-03-21 08:49:25,468 [INFO] Middleware:612 - instanceName : STMicroelectronics.X-CUBE-AI.10.0.0 bspName : COM Port check condition failed for : !SEMDeviceJjApplicationJjApplicationTemplate
2025-03-21 08:49:25,468 [INFO] Middleware:612 - instanceName : STMicroelectronics.X-CUBE-AI.10.0.0 bspName : COM Port check condition failed for : !SEMDeviceJjApplicationJjApplicationTemplate
2025-03-21 08:49:25,468 [INFO] Middleware:612 - instanceName : STMicroelectronics.X-CUBE-AI.10.0.0 bspName : COM Port check condition failed for : !SEMDeviceJjApplicationJjApplicationTemplate
2025-03-21 08:49:25,534 [INFO] Middleware:612 - instanceName : STMicroelectronics.X-CUBE-AI.10.0.0 bspName : COM Port check condition failed for : !SEMDeviceJjApplicationJjApplicationTemplate
2025-03-21 08:49:25,534 [INFO] Middleware:612 - instanceName : STMicroelectronics.X-CUBE-AI.10.0.0 bspName : COM Port check condition failed for : !SEMDeviceJjApplicationJjApplicationTemplate
2025-03-21 08:49:25,534 [INFO] Middleware:612 - instanceName : STMicroelectronics.X-CUBE-AI.10.0.0 bspName : COM Port check condition failed for : !SEMDeviceJjApplicationJjApplicationTemplate
2025-03-21 08:49:25,535 [INFO] Middleware:612 - instanceName : STMicroelectronics.X-CUBE-AI.10.0.0 bspName : COM Port check condition failed for : !SEMDeviceJjApplicationJjApplicationTemplate
2025-03-21 08:49:25,535 [INFO] Middleware:612 - instanceName : STMicroelectronics.X-CUBE-AI.10.0.0 bspName : COM Port check condition failed for : !SEMDeviceJjApplicationJjApplicationTemplate
2025-03-21 08:49:25,535 [INFO] Middleware:612 - instanceName : STMicroelectronics.X-CUBE-AI.10.0.0 bspName : COM Port check condition failed for : !SEMDeviceJjApplicationJjApplicationTemplate
2025-03-21 08:49:25,597 [INFO] Middleware:612 - instanceName : STMicroelectronics.X-CUBE-AI.10.0.0 bspName : COM Port check condition failed for : !SEMDeviceJjApplicationJjApplicationTemplate
2025-03-21 08:49:25,597 [INFO] Middleware:612 - instanceName : STMicroelectronics.X-CUBE-AI.10.0.0 bspName : COM Port check condition failed for : !SEMDeviceJjApplicationJjApplicationTemplate
2025-03-21 08:49:25,597 [INFO] Middleware:612 - instanceName : STMicroelectronics.X-CUBE-AI.10.0.0 bspName : COM Port check condition failed for : !SEMDeviceJjApplicationJjApplicationTemplate
2025-03-21 08:49:25,597 [INFO] Middleware:612 - instanceName : STMicroelectronics.X-CUBE-AI.10.0.0 bspName : COM Port check condition failed for : !SEMDeviceJjApplicationJjApplicationTemplate
2025-03-21 08:49:25,598 [INFO] Middleware:612 - instanceName : STMicroelectronics.X-CUBE-AI.10.0.0 bspName : COM Port check condition failed for : !SEMDeviceJjApplicationJjApplicationTemplate
2025-03-21 08:49:25,598 [INFO] Middleware:612 - instanceName : STMicroelectronics.X-CUBE-AI.10.0.0 bspName : COM Port check condition failed for : !SEMDeviceJjApplicationJjApplicationTemplate
2025-03-21 08:49:25,660 [INFO] Middleware:612 - instanceName : STMicroelectronics.X-CUBE-AI.10.0.0 bspName : COM Port check condition failed for : !SEMDeviceJjApplicationJjApplicationTemplate
2025-03-21 08:49:25,661 [INFO] Middleware:612 - instanceName : STMicroelectronics.X-CUBE-AI.10.0.0 bspName : COM Port check condition failed for : !SEMDeviceJjApplicationJjApplicationTemplate
2025-03-21 08:49:25,661 [INFO] Middleware:612 - instanceName : STMicroelectronics.X-CUBE-AI.10.0.0 bspName : COM Port check condition failed for : !SEMDeviceJjApplicationJjApplicationTemplate
2025-03-21 08:49:25,661 [INFO] Middleware:612 - instanceName : STMicroelectronics.X-CUBE-AI.10.0.0 bspName : COM Port check condition failed for : !SEMDeviceJjApplicationJjApplicationTemplate
2025-03-21 08:49:25,661 [INFO] Middleware:612 - instanceName : STMicroelectronics.X-CUBE-AI.10.0.0 bspName : COM Port check condition failed for : !SEMDeviceJjApplicationJjApplicationTemplate
2025-03-21 08:49:25,662 [INFO] Middleware:612 - instanceName : STMicroelectronics.X-CUBE-AI.10.0.0 bspName : COM Port check condition failed for : !SEMDeviceJjApplicationJjApplicationTemplate
2025-03-21 08:49:25,733 [INFO] Middleware:612 - instanceName : STMicroelectronics.X-CUBE-AI.10.0.0 bspName : COM Port check condition failed for : !SEMDeviceJjApplicationJjApplicationTemplate
2025-03-21 08:49:25,733 [INFO] Middleware:612 - instanceName : STMicroelectronics.X-CUBE-AI.10.0.0 bspName : COM Port check condition failed for : !SEMDeviceJjApplicationJjApplicationTemplate
2025-03-21 08:49:25,734 [INFO] Middleware:612 - instanceName : STMicroelectronics.X-CUBE-AI.10.0.0 bspName : COM Port check condition failed for : !SEMDeviceJjApplicationJjApplicationTemplate
2025-03-21 08:49:25,734 [INFO] Middleware:612 - instanceName : STMicroelectronics.X-CUBE-AI.10.0.0 bspName : COM Port check condition failed for : !SEMDeviceJjApplicationJjApplicationTemplate
2025-03-21 08:49:25,734 [INFO] Middleware:612 - instanceName : STMicroelectronics.X-CUBE-AI.10.0.0 bspName : COM Port check condition failed for : !SEMDeviceJjApplicationJjApplicationTemplate
2025-03-21 08:49:25,734 [INFO] Middleware:612 - instanceName : STMicroelectronics.X-CUBE-AI.10.0.0 bspName : COM Port check condition failed for : !SEMDeviceJjApplicationJjApplicationTemplate
2025-03-21 08:49:26,955 [INFO] BlockDiagram:2766 - set Specific Code input for plugin: SPI
2025-03-21 08:49:26,955 [INFO] BlockDiagram:2766 - set Specific Code input for plugin: SYS
2025-03-21 08:49:26,955 [INFO] BlockDiagram:2766 - set Specific Code input for plugin: RCC
2025-03-21 08:49:26,955 [INFO] BlockDiagram:2766 - set Specific Code input for plugin: I2C
2025-03-21 08:49:26,956 [INFO] BlockDiagram:2766 - set Specific Code input for plugin: SDMMC
2025-03-21 08:49:26,956 [INFO] BlockDiagram:2766 - set Specific Code input for plugin: USB_OTG_FS
2025-03-21 08:49:26,957 [INFO] BlockDiagram:2766 - set Specific Code input for plugin: NVIC
2025-03-21 08:49:26,957 [INFO] BlockDiagram:2766 - set Specific Code input for plugin: USART
2025-03-21 08:49:26,957 [INFO] BlockDiagram:2766 - set Specific Code input for plugin: USART
2025-03-21 08:49:26,957 [INFO] BlockDiagram:2766 - set Specific Code input for plugin: FMC
2025-03-21 08:49:26,957 [INFO] BlockDiagram:2766 - set Specific Code input for plugin: STMicroelectronics.X-CUBE-AI.10.0.0
2025-03-21 08:49:26,960 [INFO] BlockDiagram:2766 - set Specific Code input for plugin: GPIO
2025-03-21 08:49:26,961 [INFO] BlockDiagram:2766 - set Specific Code input for plugin: SAI
2025-03-21 08:49:26,981 [INFO] CodeGenerator:807 - code generatio: config db path: C:\ST\STM32CubeIDE_1.13.1\STM32CubeIDE\plugins\com.st.stm32cube.common.mx_6.12.0.202406281431\\db\
2025-03-21 08:49:27,538 [INFO] IP:3348 - RTE Config file name : RTE_Component
2025-03-21 08:49:27,539 [INFO] IP:3366 - RTE template : RTE_Components.ftl
2025-03-21 08:49:27,689 [INFO] CodeEngine:255 - oldGeneratedFile, C:\Users\hugoc\OneDrive\Documents\Hugo\ISMIN\Cours\S8\Ia_Data\IA_embarque\Github\IA_Embarque\CUBE_IDE\IA_Emb_Pablo_Hugo\MXTmpFiles\license.tmp_save
2025-03-21 08:49:28,590 [INFO] CodeEngine:279 - Generated code: C:\Users\hugoc\OneDrive\Documents\Hugo\ISMIN\Cours\S8\Ia_Data\IA_embarque\Github\IA_Embarque\CUBE_IDE\IA_Emb_Pablo_Hugo\MXTmpFiles\license.tmp
2025-03-21 08:49:29,689 [INFO] CodeEngine:255 - oldGeneratedFile, C:\Users\hugoc\OneDrive\Documents\Hugo\ISMIN\Cours\S8\Ia_Data\IA_embarque\Github\IA_Embarque\CUBE_IDE\IA_Emb_Pablo_Hugo\MXTmpFiles\gpio.tmp_save
2025-03-21 08:49:30,111 [INFO] CodeEngine:279 - Generated code: C:\Users\hugoc\OneDrive\Documents\Hugo\ISMIN\Cours\S8\Ia_Data\IA_embarque\Github\IA_Embarque\CUBE_IDE\IA_Emb_Pablo_Hugo\MXTmpFiles\gpio.tmp
2025-03-21 08:49:37,449 [WARN] IPConfigManager:3005 - Warning: the RefConfig PWREx_EnableUSBVoltageDetector is not available in your config.xml file
2025-03-21 08:49:37,488 [INFO] Middleware:1439 - No code input for Bsp Dependency
2025-03-21 08:49:37,490 [INFO] Middleware:1439 - No code input for Bsp Dependency
2025-03-21 08:49:37,491 [INFO] IP:3348 - RTE Config file name : RTE_Component
2025-03-21 08:49:37,491 [INFO] IP:3366 - RTE template : RTE_Components.ftl
2025-03-21 08:49:37,618 [INFO] CodeEngine:255 - oldGeneratedFile, C:\Users\hugoc\OneDrive\Documents\Hugo\ISMIN\Cours\S8\Ia_Data\IA_embarque\Github\IA_Embarque\CUBE_IDE\IA_Emb_Pablo_Hugo\MXTmpFiles\mx_fmc_HC.tmp_save
2025-03-21 08:49:37,936 [INFO] CodeEngine:279 - Generated code: C:\Users\hugoc\OneDrive\Documents\Hugo\ISMIN\Cours\S8\Ia_Data\IA_embarque\Github\IA_Embarque\CUBE_IDE\IA_Emb_Pablo_Hugo\MXTmpFiles\mx_fmc_HC.tmp
2025-03-21 08:49:38,035 [INFO] CodeEngine:255 - oldGeneratedFile, C:\Users\hugoc\OneDrive\Documents\Hugo\ISMIN\Cours\S8\Ia_Data\IA_embarque\Github\IA_Embarque\CUBE_IDE\IA_Emb_Pablo_Hugo\MXTmpFiles\mx_fmc_GV.tmp_save
2025-03-21 08:49:38,319 [INFO] CodeEngine:279 - Generated code: C:\Users\hugoc\OneDrive\Documents\Hugo\ISMIN\Cours\S8\Ia_Data\IA_embarque\Github\IA_Embarque\CUBE_IDE\IA_Emb_Pablo_Hugo\MXTmpFiles\mx_fmc_GV.tmp
2025-03-21 08:49:38,392 [INFO] CodeEngine:255 - oldGeneratedFile, C:\Users\hugoc\OneDrive\Documents\Hugo\ISMIN\Cours\S8\Ia_Data\IA_embarque\Github\IA_Embarque\CUBE_IDE\IA_Emb_Pablo_Hugo\MXTmpFiles\mx_fmc_MSP.tmp_save
2025-03-21 08:49:38,667 [INFO] CodeEngine:279 - Generated code: C:\Users\hugoc\OneDrive\Documents\Hugo\ISMIN\Cours\S8\Ia_Data\IA_embarque\Github\IA_Embarque\CUBE_IDE\IA_Emb_Pablo_Hugo\MXTmpFiles\mx_fmc_MSP.tmp
2025-03-21 08:49:38,843 [INFO] CodeEngine:255 - oldGeneratedFile, C:\Users\hugoc\OneDrive\Documents\Hugo\ISMIN\Cours\S8\Ia_Data\IA_embarque\Github\IA_Embarque\CUBE_IDE\IA_Emb_Pablo_Hugo\MXTmpFiles\sai_init.tmp_save
2025-03-21 08:49:39,077 [INFO] CodeEngine:279 - Generated code: C:\Users\hugoc\OneDrive\Documents\Hugo\ISMIN\Cours\S8\Ia_Data\IA_embarque\Github\IA_Embarque\CUBE_IDE\IA_Emb_Pablo_Hugo\MXTmpFiles\sai_init.tmp
2025-03-21 08:49:39,119 [INFO] CodeEngine:255 - oldGeneratedFile, C:\Users\hugoc\OneDrive\Documents\Hugo\ISMIN\Cours\S8\Ia_Data\IA_embarque\Github\IA_Embarque\CUBE_IDE\IA_Emb_Pablo_Hugo\MXTmpFiles\sai_GV.tmp_save
2025-03-21 08:49:39,341 [INFO] CodeEngine:279 - Generated code: C:\Users\hugoc\OneDrive\Documents\Hugo\ISMIN\Cours\S8\Ia_Data\IA_embarque\Github\IA_Embarque\CUBE_IDE\IA_Emb_Pablo_Hugo\MXTmpFiles\sai_GV.tmp
2025-03-21 08:49:39,416 [INFO] CodeEngine:255 - oldGeneratedFile, C:\Users\hugoc\OneDrive\Documents\Hugo\ISMIN\Cours\S8\Ia_Data\IA_embarque\Github\IA_Embarque\CUBE_IDE\IA_Emb_Pablo_Hugo\MXTmpFiles\sai_msp.tmp_save
2025-03-21 08:49:39,690 [INFO] CodeEngine:279 - Generated code: C:\Users\hugoc\OneDrive\Documents\Hugo\ISMIN\Cours\S8\Ia_Data\IA_embarque\Github\IA_Embarque\CUBE_IDE\IA_Emb_Pablo_Hugo\MXTmpFiles\sai_msp.tmp
2025-03-21 08:49:39,725 [INFO] Middleware:1439 - No code input for Bsp Dependency
2025-03-21 08:49:39,726 [INFO] Middleware:1439 - No code input for Bsp Dependency
2025-03-21 08:49:39,727 [INFO] IP:3348 - RTE Config file name : RTE_Component
2025-03-21 08:49:39,727 [INFO] IP:3366 - RTE template : RTE_Components.ftl
2025-03-21 08:49:39,854 [INFO] CodeEngine:255 - oldGeneratedFile, C:\Users\hugoc\OneDrive\Documents\Hugo\ISMIN\Cours\S8\Ia_Data\IA_embarque\Github\IA_Embarque\CUBE_IDE\IA_Emb_Pablo_Hugo\X-CUBE-AI\App\app_x-cube-ai.h_save
2025-03-21 08:49:40,230 [INFO] CodeEngine:279 - Generated code: C:\Users\hugoc\OneDrive\Documents\Hugo\ISMIN\Cours\S8\Ia_Data\IA_embarque\Github\IA_Embarque\CUBE_IDE\IA_Emb_Pablo_Hugo\X-CUBE-AI\App\app_x-cube-ai.h
2025-03-21 08:49:40,309 [INFO] CodeEngine:255 - oldGeneratedFile, C:\Users\hugoc\OneDrive\Documents\Hugo\ISMIN\Cours\S8\Ia_Data\IA_embarque\Github\IA_Embarque\CUBE_IDE\IA_Emb_Pablo_Hugo\X-CUBE-AI\constants_ai.h_save
2025-03-21 08:49:40,569 [INFO] CodeEngine:279 - Generated code: C:\Users\hugoc\OneDrive\Documents\Hugo\ISMIN\Cours\S8\Ia_Data\IA_embarque\Github\IA_Embarque\CUBE_IDE\IA_Emb_Pablo_Hugo\X-CUBE-AI\constants_ai.h
2025-03-21 08:49:40,647 [INFO] CodeEngine:255 - oldGeneratedFile, C:\Users\hugoc\OneDrive\Documents\Hugo\ISMIN\Cours\S8\Ia_Data\IA_embarque\Github\IA_Embarque\CUBE_IDE\IA_Emb_Pablo_Hugo\X-CUBE-AI\App\app_x-cube-ai.c_save
2025-03-21 08:49:40,955 [INFO] CodeEngine:279 - Generated code: C:\Users\hugoc\OneDrive\Documents\Hugo\ISMIN\Cours\S8\Ia_Data\IA_embarque\Github\IA_Embarque\CUBE_IDE\IA_Emb_Pablo_Hugo\X-CUBE-AI\App\app_x-cube-ai.c
2025-03-21 08:49:41,157 [INFO] CodeEngine:255 - oldGeneratedFile, C:\Users\hugoc\OneDrive\Documents\Hugo\ISMIN\Cours\S8\Ia_Data\IA_embarque\Github\IA_Embarque\CUBE_IDE\IA_Emb_Pablo_Hugo\Core\Src\stm32l4xx_it.c_save
2025-03-21 08:49:41,450 [INFO] CodeEngine:279 - Generated code: C:\Users\hugoc\OneDrive\Documents\Hugo\ISMIN\Cours\S8\Ia_Data\IA_embarque\Github\IA_Embarque\CUBE_IDE\IA_Emb_Pablo_Hugo\Core\Src\stm32l4xx_it.c
2025-03-21 08:49:41,511 [INFO] CodeEngine:255 - oldGeneratedFile, C:\Users\hugoc\OneDrive\Documents\Hugo\ISMIN\Cours\S8\Ia_Data\IA_embarque\Github\IA_Embarque\CUBE_IDE\IA_Emb_Pablo_Hugo\Core\Inc\stm32l4xx_it.h_save
2025-03-21 08:49:41,757 [INFO] CodeEngine:279 - Generated code: C:\Users\hugoc\OneDrive\Documents\Hugo\ISMIN\Cours\S8\Ia_Data\IA_embarque\Github\IA_Embarque\CUBE_IDE\IA_Emb_Pablo_Hugo\Core\Inc\stm32l4xx_it.h
2025-03-21 08:49:41,785 [INFO] IP:3348 - RTE Config file name : RTE_Component
2025-03-21 08:49:41,785 [INFO] IP:3366 - RTE template : RTE_Components.ftl
2025-03-21 08:49:41,785 [INFO] CodeGenerator:2153 - Add RTE Code Input 
2025-03-21 08:49:41,885 [INFO] CodeEngine:255 - oldGeneratedFile, C:\Users\hugoc\OneDrive\Documents\Hugo\ISMIN\Cours\S8\Ia_Data\IA_embarque\Github\IA_Embarque\CUBE_IDE\IA_Emb_Pablo_Hugo\Core\Inc\RTE_Components.h_save
2025-03-21 08:49:42,183 [INFO] CodeEngine:279 - Generated code: C:\Users\hugoc\OneDrive\Documents\Hugo\ISMIN\Cours\S8\Ia_Data\IA_embarque\Github\IA_Embarque\CUBE_IDE\IA_Emb_Pablo_Hugo\Core\Inc\RTE_Components.h
2025-03-21 08:49:42,328 [INFO] CodeEngine:255 - oldGeneratedFile, C:\Users\hugoc\OneDrive\Documents\Hugo\ISMIN\Cours\S8\Ia_Data\IA_embarque\Github\IA_Embarque\CUBE_IDE\IA_Emb_Pablo_Hugo\MXTmpFiles\sai_init.tmp_save
2025-03-21 08:49:42,576 [INFO] CodeEngine:279 - Generated code: C:\Users\hugoc\OneDrive\Documents\Hugo\ISMIN\Cours\S8\Ia_Data\IA_embarque\Github\IA_Embarque\CUBE_IDE\IA_Emb_Pablo_Hugo\MXTmpFiles\sai_init.tmp
2025-03-21 08:49:42,631 [INFO] CodeEngine:255 - oldGeneratedFile, C:\Users\hugoc\OneDrive\Documents\Hugo\ISMIN\Cours\S8\Ia_Data\IA_embarque\Github\IA_Embarque\CUBE_IDE\IA_Emb_Pablo_Hugo\MXTmpFiles\sai_GV.tmp_save
2025-03-21 08:49:43,176 [INFO] CodeEngine:279 - Generated code: C:\Users\hugoc\OneDrive\Documents\Hugo\ISMIN\Cours\S8\Ia_Data\IA_embarque\Github\IA_Embarque\CUBE_IDE\IA_Emb_Pablo_Hugo\MXTmpFiles\sai_GV.tmp
2025-03-21 08:49:43,256 [INFO] CodeEngine:255 - oldGeneratedFile, C:\Users\hugoc\OneDrive\Documents\Hugo\ISMIN\Cours\S8\Ia_Data\IA_embarque\Github\IA_Embarque\CUBE_IDE\IA_Emb_Pablo_Hugo\MXTmpFiles\sai_msp.tmp_save
2025-03-21 08:49:43,493 [INFO] CodeEngine:279 - Generated code: C:\Users\hugoc\OneDrive\Documents\Hugo\ISMIN\Cours\S8\Ia_Data\IA_embarque\Github\IA_Embarque\CUBE_IDE\IA_Emb_Pablo_Hugo\MXTmpFiles\sai_msp.tmp
2025-03-21 08:49:43,649 [INFO] CodeEngine:255 - oldGeneratedFile, C:\Users\hugoc\OneDrive\Documents\Hugo\ISMIN\Cours\S8\Ia_Data\IA_embarque\Github\IA_Embarque\CUBE_IDE\IA_Emb_Pablo_Hugo\MXTmpFiles\mx_fmc_HC.tmp_save
2025-03-21 08:49:43,880 [INFO] CodeEngine:279 - Generated code: C:\Users\hugoc\OneDrive\Documents\Hugo\ISMIN\Cours\S8\Ia_Data\IA_embarque\Github\IA_Embarque\CUBE_IDE\IA_Emb_Pablo_Hugo\MXTmpFiles\mx_fmc_HC.tmp
2025-03-21 08:49:43,967 [INFO] CodeEngine:255 - oldGeneratedFile, C:\Users\hugoc\OneDrive\Documents\Hugo\ISMIN\Cours\S8\Ia_Data\IA_embarque\Github\IA_Embarque\CUBE_IDE\IA_Emb_Pablo_Hugo\MXTmpFiles\mx_fmc_GV.tmp_save
2025-03-21 08:49:44,172 [INFO] CodeEngine:279 - Generated code: C:\Users\hugoc\OneDrive\Documents\Hugo\ISMIN\Cours\S8\Ia_Data\IA_embarque\Github\IA_Embarque\CUBE_IDE\IA_Emb_Pablo_Hugo\MXTmpFiles\mx_fmc_GV.tmp
2025-03-21 08:49:44,253 [INFO] CodeEngine:255 - oldGeneratedFile, C:\Users\hugoc\OneDrive\Documents\Hugo\ISMIN\Cours\S8\Ia_Data\IA_embarque\Github\IA_Embarque\CUBE_IDE\IA_Emb_Pablo_Hugo\MXTmpFiles\mx_fmc_MSP.tmp_save
2025-03-21 08:49:44,486 [INFO] CodeEngine:279 - Generated code: C:\Users\hugoc\OneDrive\Documents\Hugo\ISMIN\Cours\S8\Ia_Data\IA_embarque\Github\IA_Embarque\CUBE_IDE\IA_Emb_Pablo_Hugo\MXTmpFiles\mx_fmc_MSP.tmp
2025-03-21 08:49:44,644 [INFO] CodeEngine:255 - oldGeneratedFile, C:\Users\hugoc\OneDrive\Documents\Hugo\ISMIN\Cours\S8\Ia_Data\IA_embarque\Github\IA_Embarque\CUBE_IDE\IA_Emb_Pablo_Hugo\Core\Src\stm32l4xx_hal_msp.c_save
2025-03-21 08:49:45,050 [INFO] CodeEngine:279 - Generated code: C:\Users\hugoc\OneDrive\Documents\Hugo\ISMIN\Cours\S8\Ia_Data\IA_embarque\Github\IA_Embarque\CUBE_IDE\IA_Emb_Pablo_Hugo\Core\Src\stm32l4xx_hal_msp.c
2025-03-21 08:49:45,117 [INFO] CodeEngine:255 - oldGeneratedFile, C:\Users\hugoc\OneDrive\Documents\Hugo\ISMIN\Cours\S8\Ia_Data\IA_embarque\Github\IA_Embarque\CUBE_IDE\IA_Emb_Pablo_Hugo\MXTmpFiles\system.tmp_save
2025-03-21 08:49:45,322 [INFO] CodeEngine:279 - Generated code: C:\Users\hugoc\OneDrive\Documents\Hugo\ISMIN\Cours\S8\Ia_Data\IA_embarque\Github\IA_Embarque\CUBE_IDE\IA_Emb_Pablo_Hugo\MXTmpFiles\system.tmp
2025-03-21 08:49:45,455 [INFO] CodeEngine:311 - oldGeneratedFile, C:\Users\hugoc\OneDrive\Documents\Hugo\ISMIN\Cours\S8\Ia_Data\IA_embarque\Github\IA_Embarque\CUBE_IDE\IA_Emb_Pablo_Hugo\Core\Inc\stm32l4xx_hal_conf.h_save
2025-03-21 08:49:45,712 [INFO] CodeEngine:335 - Generated code: C:\Users\hugoc\OneDrive\Documents\Hugo\ISMIN\Cours\S8\Ia_Data\IA_embarque\Github\IA_Embarque\CUBE_IDE\IA_Emb_Pablo_Hugo\Core\Inc\stm32l4xx_hal_conf.h
2025-03-21 08:49:45,833 [WARN] IPConfigManager:3554 - IP not found : USB_OTG
2025-03-21 08:49:45,838 [WARN] CodeGenerator:4002 - IP not found : null
2025-03-21 08:49:45,944 [INFO] CodeEngine:255 - oldGeneratedFile, C:\Users\hugoc\OneDrive\Documents\Hugo\ISMIN\Cours\S8\Ia_Data\IA_embarque\Github\IA_Embarque\CUBE_IDE\IA_Emb_Pablo_Hugo\Core\Inc\main.h_save
2025-03-21 08:49:46,222 [INFO] CodeEngine:279 - Generated code: C:\Users\hugoc\OneDrive\Documents\Hugo\ISMIN\Cours\S8\Ia_Data\IA_embarque\Github\IA_Embarque\CUBE_IDE\IA_Emb_Pablo_Hugo\Core\Inc\main.h
2025-03-21 08:49:46,289 [INFO] CodeEngine:255 - oldGeneratedFile, C:\Users\hugoc\OneDrive\Documents\Hugo\ISMIN\Cours\S8\Ia_Data\IA_embarque\Github\IA_Embarque\CUBE_IDE\IA_Emb_Pablo_Hugo\Core\Src\main.c_save
2025-03-21 08:49:46,721 [INFO] CodeEngine:279 - Generated code: C:\Users\hugoc\OneDrive\Documents\Hugo\ISMIN\Cours\S8\Ia_Data\IA_embarque\Github\IA_Embarque\CUBE_IDE\IA_Emb_Pablo_Hugo\Core\Src\main.c
2025-03-21 08:49:49,439 [INFO] AInterface:317 - ModelName:model_v1; files:[C:\Users\hugoc\OneDrive\Documents\Hugo\ISMIN\Cours\S8\Ia_Data\IA_embarque\Github\IA_Embarque\COLAB\Model_V1.h5]; type:Keras; compression:None
2025-03-21 08:49:49,440 [INFO] AInterface:519 - workspaceTempDir: C:/Users/hugoc/AppData/Local/Temp/mxAI_workspace11062915426009258487870233854589
2025-03-21 08:49:49,441 [INFO] AInterface:1132 - Setting Env: C:/Users/hugoc/STM32Cube/Repository/Packs/STMicroelectronics/X-CUBE-AI/10.0.0/Utilities/windows
2025-03-21 08:49:49,475 [INFO] STM32CubeIDEBuilder:265 - Looking for gnu-tools-for-stm32 tools/bin/arm-none-eabi-gcc.exe in C:\ST\STM32CubeIDE_1.13.1\STM32CubeIDE
2025-03-21 08:49:49,525 [INFO] STM32CubeIDEBuilder:294 - checking C:\ST\STM32CubeIDE_1.13.1\STM32CubeIDE\plugins\com.st.stm32cube.ide.mcu.externaltools.gnu-tools-for-stm32.12.3.rel1.win32_1.0.200.202406191623\tools\bin\arm-none-eabi-gcc.exe
2025-03-21 08:49:49,528 [INFO] STM32CubeIDEBuilder:297 - ret=C:\ST\STM32CubeIDE_1.13.1\STM32CubeIDE\plugins\com.st.stm32cube.ide.mcu.externaltools.gnu-tools-for-stm32.12.3.rel1.win32_1.0.200.202406191623\tools\bin\arm-none-eabi-gcc.exe
2025-03-21 08:49:49,528 [INFO] STM32CubeIDEBuilder:311 - returning C:\ST\STM32CubeIDE_1.13.1\STM32CubeIDE\plugins\com.st.stm32cube.ide.mcu.externaltools.gnu-tools-for-stm32.12.3.rel1.win32_1.0.200.202406191623\tools\bin\arm-none-eabi-gcc.exe
2025-03-21 08:49:49,530 [INFO] AInterface:1189 - Custom PATH variable: C:/Users/hugoc/STM32Cube/Repository/Packs/STMicroelectronics/X-CUBE-AI/10.0.0/Utilities/windows;C:/Users/hugoc/STM32Cube/Repository/Packs/STMicroelectronics/X-CUBE-AI/10.0.0/Utilities/windows/mingw64/bin;C:/Users/hugoc/STM32Cube/Repository/Packs/STMicroelectronics/X-CUBE-AI/10.0.0/Utilities/windows/mingw64/libexec/gcc/x86_64-w64-mingw32/7.3.0;;C:\ST\STM32CubeIDE_1.13.1\STM32CubeIDE\plugins\com.st.stm32cube.ide.mcu.externaltools.gnu-tools-for-stm32.12.3.rel1.win32_1.0.200.202406191623\tools\bin
2025-03-21 08:49:49,531 [INFO] CmdLine:109 - Command: C:/Users/hugoc/STM32Cube/Repository/Packs/STMicroelectronics/X-CUBE-AI/10.0.0/Utilities/windows/stedgeai.exe generate --target stm32l4 --name model_v1 -m C:/Users/hugoc/OneDrive/Documents/Hugo/ISMIN/Cours/S8/Ia_Data/IA_embarque/Github/IA_Embarque/COLAB/Model_V1.h5 --compression none --verbosity 1 --workspace C:/Users/hugoc/AppData/Local/Temp/mxAI_workspace11062915426009258487870233854589 --output C:/Users/hugoc/.stm32cubemx/model_v1_output
2025-03-21 08:49:49,532 [INFO] AIModelDetailledView:2372 - Analysis status: pending
2025-03-21 08:49:53,035 [INFO] CmdLine:74 - ST Edge AI Core v2.0.0-20049
2025-03-21 08:50:27,102 [INFO] CmdLine:74 - Creating c (debug) info json file C:\Users\hugoc\AppData\Local\Temp\mxAI_workspace11062915426009258487870233854589\model_v1_c_info.json
2025-03-21 08:50:27,341 [INFO] CmdLine:74 -  
2025-03-21 08:50:27,341 [INFO] CmdLine:74 -  Exec/report summary (generate)
2025-03-21 08:50:27,342 [INFO] CmdLine:74 -  ----------------------------------------------------------------------------------------------------------------------------------------
2025-03-21 08:50:27,342 [INFO] CmdLine:74 -  model file         :   C:\Users\hugoc\OneDrive\Documents\Hugo\ISMIN\Cours\S8\Ia_Data\IA_embarque\Github\IA_Embarque\COLAB\Model_V1.h5   
2025-03-21 08:50:27,343 [INFO] CmdLine:74 -  type               :   keras                                                                                                            
2025-03-21 08:50:27,343 [INFO] CmdLine:74 -  c_name             :   model_v1                                                                                                         
2025-03-21 08:50:27,343 [INFO] CmdLine:74 -  compression        :   none                                                                                                             
2025-03-21 08:50:27,344 [INFO] CmdLine:74 -  options            :   allocate-inputs, allocate-outputs                                                                                
2025-03-21 08:50:27,344 [INFO] CmdLine:74 -  optimization       :   balanced                                                                                                         
2025-03-21 08:50:27,344 [INFO] CmdLine:74 -  target/series      :   stm32l4                                                                                                          
2025-03-21 08:50:27,345 [INFO] CmdLine:74 -  workspace dir      :   C:\Users\hugoc\AppData\Local\Temp\mxAI_workspace11062915426009258487870233854589                                 
2025-03-21 08:50:27,345 [INFO] CmdLine:74 -  output dir         :   C:\Users\hugoc\.stm32cubemx\model_v1_output                                                                      
2025-03-21 08:50:27,346 [INFO] CmdLine:74 -  model_fmt          :   float                                                                                                            
2025-03-21 08:50:27,347 [INFO] CmdLine:74 -  model_name         :   Model_V1                                                                                                         
2025-03-21 08:50:27,347 [INFO] CmdLine:74 -  model_hash         :   0x2ac21b7b6d50788773a4495e0a84f8a1                                                                               
2025-03-21 08:50:27,348 [INFO] CmdLine:74 -  params #           :   9,029 items (35.27 KiB)                                                                                          
2025-03-21 08:50:27,348 [INFO] CmdLine:74 -  ----------------------------------------------------------------------------------------------------------------------------------------
2025-03-21 08:50:27,349 [INFO] CmdLine:74 -  input 1/1          :   'input_0', f32(1x5), 20 Bytes, activations                                                                       
2025-03-21 08:50:27,350 [INFO] CmdLine:74 -  output 1/1         :   'dense_7', f32(1x5), 20 Bytes, activations                                                                       
2025-03-21 08:50:27,350 [INFO] CmdLine:74 -  macc               :   10,448                                                                                                           
2025-03-21 08:50:27,351 [INFO] CmdLine:74 -  weights (ro)       :   36,116 B (35.27 KiB) (1 segment)                                                                                 
2025-03-21 08:50:27,351 [INFO] CmdLine:74 -  activations (rw)   :   512 B (512 B) (1 segment) *                                                                                      
2025-03-21 08:50:27,352 [INFO] CmdLine:74 -  ram (total)        :   512 B (512 B) = 512 + 0 + 0                                                                                      
2025-03-21 08:50:27,352 [INFO] CmdLine:74 -  ----------------------------------------------------------------------------------------------------------------------------------------
2025-03-21 08:50:27,353 [INFO] CmdLine:74 -  (*) 'input'/'output' buffers can be used from the activations buffer
2025-03-21 08:50:27,357 [INFO] CmdLine:74 - Computing AI RT data/code size (target=stm32l4)..
2025-03-21 08:50:33,972 [INFO] CmdLine:74 -  Requested memory size by section - "stm32l4" target
2025-03-21 08:50:33,973 [INFO] CmdLine:74 -  ------------------------------ ------- -------- ------- -----
2025-03-21 08:50:33,974 [INFO] CmdLine:74 -  module                            text   rodata    data   bss
2025-03-21 08:50:33,975 [INFO] CmdLine:74 -  ------------------------------ ------- -------- ------- -----
2025-03-21 08:50:33,976 [INFO] CmdLine:74 -  NetworkRuntime1000_CM4_GCC.a     7,136        0       0     0
2025-03-21 08:50:33,977 [INFO] CmdLine:74 -  model_v1.o                         606       64   2,236   160
2025-03-21 08:50:33,978 [INFO] CmdLine:74 -  model_v1_data.o                     48       16      88     0
2025-03-21 08:50:33,979 [INFO] CmdLine:74 -  lib (toolchain)*                 1,432       24      12     0
2025-03-21 08:50:33,980 [INFO] CmdLine:74 -  ------------------------------ ------- -------- ------- -----
2025-03-21 08:50:33,980 [INFO] CmdLine:74 -  RT total**                       9,222      104   2,336   160
2025-03-21 08:50:33,981 [INFO] CmdLine:74 -  ------------------------------ ------- -------- ------- -----
2025-03-21 08:50:33,982 [INFO] CmdLine:74 -  weights                              0   36,120       0     0
2025-03-21 08:50:33,982 [INFO] CmdLine:74 -  activations                          0        0       0   512
2025-03-21 08:50:33,983 [INFO] CmdLine:74 -  io                                   0        0       0     0
2025-03-21 08:50:33,984 [INFO] CmdLine:74 -  ------------------------------ ------- -------- ------- -----
2025-03-21 08:50:33,985 [INFO] CmdLine:74 -  TOTAL                            9,222   36,224   2,336   672
2025-03-21 08:50:33,985 [INFO] CmdLine:74 -  ------------------------------ ------- -------- ------- -----
2025-03-21 08:50:33,986 [INFO] CmdLine:74 -  *  toolchain objects (libm/libgcc*)
2025-03-21 08:50:33,987 [INFO] CmdLine:74 -  ** RT AI runtime objects (kernels+infrastructure)
2025-03-21 08:50:33,989 [INFO] CmdLine:74 -   Summary - "stm32l4" target
2025-03-21 08:50:33,989 [INFO] CmdLine:74 -   ---------------------------------------------------
2025-03-21 08:50:33,990 [INFO] CmdLine:74 -                FLASH (ro)      %*   RAM (rw)       %
2025-03-21 08:50:33,991 [INFO] CmdLine:74 -   ---------------------------------------------------
2025-03-21 08:50:33,992 [INFO] CmdLine:74 -   RT total         11,662   24.4%      2,496   83.0%
2025-03-21 08:50:33,993 [INFO] CmdLine:74 -   ---------------------------------------------------
2025-03-21 08:50:33,994 [INFO] CmdLine:74 -   TOTAL            47,782              3,008
2025-03-21 08:50:33,995 [INFO] CmdLine:74 -   ---------------------------------------------------
2025-03-21 08:50:33,995 [INFO] CmdLine:74 -   *  rt/total
2025-03-21 08:50:33,996 [INFO] CmdLine:74 -  Generated files (7)
2025-03-21 08:50:33,997 [INFO] CmdLine:74 -  --------------------------------------------------------------------
2025-03-21 08:50:33,997 [INFO] CmdLine:74 -  C:\Users\hugoc\.stm32cubemx\model_v1_output\model_v1_data_params.h
2025-03-21 08:50:33,998 [INFO] CmdLine:74 -  C:\Users\hugoc\.stm32cubemx\model_v1_output\model_v1_data_params.c
2025-03-21 08:50:33,998 [INFO] CmdLine:74 -  C:\Users\hugoc\.stm32cubemx\model_v1_output\model_v1_data.h
2025-03-21 08:50:33,999 [INFO] CmdLine:74 -  C:\Users\hugoc\.stm32cubemx\model_v1_output\model_v1_data.c
2025-03-21 08:50:34,000 [INFO] CmdLine:74 -  C:\Users\hugoc\.stm32cubemx\model_v1_output\model_v1_config.h
2025-03-21 08:50:34,000 [INFO] CmdLine:74 -  C:\Users\hugoc\.stm32cubemx\model_v1_output\model_v1.h
2025-03-21 08:50:34,001 [INFO] CmdLine:74 -  C:\Users\hugoc\.stm32cubemx\model_v1_output\model_v1.c
2025-03-21 08:50:34,001 [INFO] CmdLine:74 - Creating txt report file C:\Users\hugoc\.stm32cubemx\model_v1_output\model_v1_generate_report.txt
2025-03-21 08:50:48,765 [INFO] CmdLine:74 - elapsed time (generate): 55.729s
2025-03-21 08:50:49,736 [INFO] CmdLine:142 - stedgeai exit with status: 0
2025-03-21 08:50:49,805 [INFO] AIModelDetailledView:2372 - Analysis status: done
2025-03-21 08:50:53,461 [INFO] ProjectBuilder:3249 - Time for Copy HAL[1] : 2106mS.
2025-03-21 08:50:53,462 [ERROR] Middleware:2969 - Invalid RefComponent list
2025-03-21 08:50:53,462 [ERROR] Middleware:2969 - Invalid RefComponent list
2025-03-21 08:50:53,462 [ERROR] Middleware:2969 - Invalid RefComponent list
2025-03-21 08:50:53,462 [ERROR] Middleware:2969 - Invalid RefComponent list
2025-03-21 08:50:53,462 [ERROR] Middleware:2969 - Invalid RefComponent list
2025-03-21 08:50:53,462 [ERROR] Middleware:2969 - Invalid RefComponent list
2025-03-21 08:50:53,462 [ERROR] Middleware:2969 - Invalid RefComponent list
2025-03-21 08:50:53,463 [ERROR] Middleware:2969 - Invalid RefComponent list
2025-03-21 08:50:53,463 [ERROR] Middleware:2969 - Invalid RefComponent list
2025-03-21 08:50:53,463 [ERROR] Middleware:2969 - Invalid RefComponent list
2025-03-21 08:50:53,463 [ERROR] Middleware:2969 - Invalid RefComponent list
2025-03-21 08:50:53,463 [ERROR] Middleware:2969 - Invalid RefComponent list
2025-03-21 08:50:53,463 [ERROR] Middleware:2969 - Invalid RefComponent list
2025-03-21 08:50:53,463 [ERROR] Middleware:2969 - Invalid RefComponent list
2025-03-21 08:50:53,463 [ERROR] Middleware:2969 - Invalid RefComponent list
2025-03-21 08:50:53,463 [ERROR] Middleware:2969 - Invalid RefComponent list
2025-03-21 08:50:53,464 [ERROR] Middleware:2969 - Invalid RefComponent list
2025-03-21 08:50:53,464 [ERROR] Middleware:2969 - Invalid RefComponent list
2025-03-21 08:50:53,464 [ERROR] Middleware:2969 - Invalid RefComponent list
2025-03-21 08:50:53,464 [ERROR] Middleware:2969 - Invalid RefComponent list
2025-03-21 08:50:53,464 [ERROR] Middleware:2969 - Invalid RefComponent list
2025-03-21 08:50:53,464 [ERROR] Middleware:2969 - Invalid RefComponent list
2025-03-21 08:50:53,464 [ERROR] Middleware:2969 - Invalid RefComponent list
2025-03-21 08:50:53,464 [ERROR] Middleware:2969 - Invalid RefComponent list
2025-03-21 08:50:53,464 [ERROR] Middleware:2969 - Invalid RefComponent list
2025-03-21 08:50:53,465 [ERROR] Middleware:2969 - Invalid RefComponent list
2025-03-21 08:50:53,465 [ERROR] Middleware:2969 - Invalid RefComponent list
2025-03-21 08:50:53,465 [ERROR] Middleware:2969 - Invalid RefComponent list
2025-03-21 08:50:53,465 [ERROR] Middleware:2969 - Invalid RefComponent list
2025-03-21 08:50:53,465 [ERROR] Middleware:2969 - Invalid RefComponent list
2025-03-21 08:50:53,465 [ERROR] Middleware:2969 - Invalid RefComponent list
2025-03-21 08:50:53,465 [ERROR] Middleware:2969 - Invalid RefComponent list
2025-03-21 08:50:53,465 [ERROR] Middleware:2969 - Invalid RefComponent list
2025-03-21 08:50:53,466 [ERROR] Middleware:2969 - Invalid RefComponent list
2025-03-21 08:50:53,466 [ERROR] Middleware:2969 - Invalid RefComponent list
2025-03-21 08:50:53,466 [ERROR] Middleware:2969 - Invalid RefComponent list
2025-03-21 08:50:53,466 [ERROR] Middleware:2969 - Invalid RefComponent list
2025-03-21 08:50:53,466 [ERROR] Middleware:2969 - Invalid RefComponent list
2025-03-21 08:50:53,466 [ERROR] Middleware:2969 - Invalid RefComponent list
2025-03-21 08:50:53,467 [ERROR] Middleware:2969 - Invalid RefComponent list
2025-03-21 08:50:53,467 [ERROR] Middleware:2969 - Invalid RefComponent list
2025-03-21 08:50:53,467 [ERROR] Middleware:2969 - Invalid RefComponent list
2025-03-21 08:50:53,467 [ERROR] Middleware:2969 - Invalid RefComponent list
2025-03-21 08:50:53,467 [ERROR] Middleware:2969 - Invalid RefComponent list
2025-03-21 08:50:53,467 [ERROR] Middleware:2969 - Invalid RefComponent list
2025-03-21 08:50:53,467 [ERROR] Middleware:2969 - Invalid RefComponent list
2025-03-21 08:50:53,467 [ERROR] Middleware:2969 - Invalid RefComponent list
2025-03-21 08:50:53,467 [ERROR] Middleware:2969 - Invalid RefComponent list
2025-03-21 08:50:53,468 [ERROR] Middleware:2969 - Invalid RefComponent list
2025-03-21 08:50:53,468 [ERROR] Middleware:2969 - Invalid RefComponent list
2025-03-21 08:50:53,468 [ERROR] Middleware:2969 - Invalid RefComponent list
2025-03-21 08:50:53,468 [ERROR] Middleware:2969 - Invalid RefComponent list
2025-03-21 08:50:53,468 [ERROR] Middleware:2969 - Invalid RefComponent list
2025-03-21 08:50:53,468 [ERROR] Middleware:2969 - Invalid RefComponent list
2025-03-21 08:50:53,468 [ERROR] Middleware:2969 - Invalid RefComponent list
2025-03-21 08:50:53,469 [ERROR] Middleware:2969 - Invalid RefComponent list
2025-03-21 08:50:53,469 [ERROR] Middleware:2969 - Invalid RefComponent list
2025-03-21 08:50:53,469 [ERROR] Middleware:2969 - Invalid RefComponent list
2025-03-21 08:50:53,469 [ERROR] Middleware:2969 - Invalid RefComponent list
2025-03-21 08:50:53,469 [ERROR] Middleware:2969 - Invalid RefComponent list
2025-03-21 08:50:53,469 [ERROR] Middleware:2969 - Invalid RefComponent list
2025-03-21 08:50:53,469 [ERROR] Middleware:2969 - Invalid RefComponent list
2025-03-21 08:50:53,470 [ERROR] Middleware:2969 - Invalid RefComponent list
2025-03-21 08:50:53,470 [ERROR] Middleware:2969 - Invalid RefComponent list
2025-03-21 08:50:53,470 [ERROR] Middleware:2969 - Invalid RefComponent list
2025-03-21 08:50:53,470 [ERROR] Middleware:2969 - Invalid RefComponent list
2025-03-21 08:50:53,470 [ERROR] Middleware:2969 - Invalid RefComponent list
2025-03-21 08:50:53,470 [ERROR] Middleware:2969 - Invalid RefComponent list
2025-03-21 08:50:53,470 [ERROR] Middleware:2969 - Invalid RefComponent list
2025-03-21 08:50:53,470 [ERROR] Middleware:2969 - Invalid RefComponent list
2025-03-21 08:50:53,539 [INFO] ProjectBuilder:4828 - Project Generator version: 4.4.0-B60
2025-03-21 08:50:53,789 [INFO] ConfigFileManager:1531 - The Die is : DIE470
2025-03-21 08:50:53,807 [INFO] ApiDbMcu:508 - Load IP Config File for FATFS
2025-03-21 08:50:53,827 [INFO] ApiDbMcu:508 - Load IP Config File for FREERTOS
2025-03-21 08:50:53,864 [INFO] ApiDbMcu:508 - Load IP Config File for TOUCHSENSING
2025-03-21 08:50:53,880 [INFO] ApiDbMcu:508 - Load IP Config File for USB_DEVICE
2025-03-21 08:50:53,894 [INFO] ApiDbMcu:508 - Load IP Config File for USB_HOST
2025-03-21 08:50:54,928 [INFO] LogOutputStream:77 - [STDOUT_REDIRECT] 
2025-03-21 08:51:01,368 [INFO] ProjectBuilder:5097 - Time for Generating toolchain IDE Files: 7826mS.
2025-03-21 08:51:01,372 [INFO] ProjectBuilder:3107 - Time for Copy CMSIS : 4mS.
2025-03-21 08:51:01,393 [INFO] ProjectBuilder:3107 - Time for Copy CMSIS : 1mS.
2025-03-21 08:58:05,029 [INFO] MainUpdater:2873 - connection check result : 10
2025-03-21 08:58:05,030 [INFO] MainUpdater:2873 - connection check result : 10
2025-03-21 08:58:05,152 [INFO] I2cTimingTraitement:330 - 0x30A175AB
2025-03-21 08:58:05,332 [INFO] MicroXplorer:468 - Change Database Path : 
2025-03-21 08:58:05,333 [INFO] MicroXplorer:498 - Change Database Version : DB.6.0.120
2025-03-21 08:58:05,366 [ERROR] ProjectManagerView:394 - 
java.lang.NullPointerException: Cannot invoke "javax.swing.JTextField.getText()" because the return value of "java.util.List.get(int)" is null
	at com.st.microxplorer.plugins.projectmanager.gui.ProjectChoiceTab$10.caretUpdate(ProjectChoiceTab.java:2622) ~[filemanager.jar:?]
	at javax.swing.text.JTextComponent.fireCaretUpdate(JTextComponent.java:412) ~[?:?]
	at javax.swing.text.JTextComponent$MutableCaretEvent.fire(JTextComponent.java:4491) ~[?:?]
	at javax.swing.text.JTextComponent$MutableCaretEvent.stateChanged(JTextComponent.java:4513) ~[?:?]
	at javax.swing.text.DefaultCaret.fireStateChanged(DefaultCaret.java:842) ~[?:?]
	at javax.swing.text.DefaultCaret.changeCaretPosition(DefaultCaret.java:1313) ~[?:?]
	at javax.swing.text.DefaultCaret.handleSetDot(DefaultCaret.java:1212) ~[?:?]
	at javax.swing.text.DefaultCaret.setDot(DefaultCaret.java:1193) ~[?:?]
	at javax.swing.text.DefaultCaret$Handler.insertUpdate(DefaultCaret.java:1789) ~[?:?]
	at javax.swing.text.AbstractDocument.fireInsertUpdate(AbstractDocument.java:226) ~[?:?]
	at javax.swing.text.AbstractDocument.handleInsertString(AbstractDocument.java:780) ~[?:?]
	at javax.swing.text.AbstractDocument.insertString(AbstractDocument.java:739) ~[?:?]
	at javax.swing.text.PlainDocument.insertString(PlainDocument.java:131) ~[?:?]
	at javax.swing.text.AbstractDocument.replace(AbstractDocument.java:698) ~[?:?]
	at javax.swing.text.JTextComponent.setText(JTextComponent.java:1729) ~[?:?]
	at com.st.microxplorer.plugins.projectmanager.gui.ProjectChoiceTab.createHeapStackFields(ProjectChoiceTab.java:972) ~[filemanager.jar:?]
	at com.st.microxplorer.plugins.projectmanager.gui.ProjectChoiceTab.buildLinkSettingsPanel(ProjectChoiceTab.java:3597) ~[filemanager.jar:?]
	at com.st.microxplorer.plugins.projectmanager.gui.ProjectChoiceTab.defineWindowsFields(ProjectChoiceTab.java:1940) ~[filemanager.jar:?]
	at com.st.microxplorer.plugins.projectmanager.gui.ProjectChoiceTab.updateSettings(ProjectChoiceTab.java:550) ~[filemanager.jar:?]
	at com.st.microxplorer.plugins.projectmanager.gui.ProjectSettingsPanel.UpdateDialog(ProjectSettingsPanel.java:245) ~[filemanager.jar:?]
	at com.st.microxplorer.plugins.projectmanager.ProjectManagerView.propertyChange(ProjectManagerView.java:391) ~[filemanager.jar:?]
	at java.beans.PropertyChangeSupport.fire(PropertyChangeSupport.java:343) ~[?:?]
	at java.beans.PropertyChangeSupport.firePropertyChange(PropertyChangeSupport.java:335) ~[?:?]
	at java.beans.PropertyChangeSupport.firePropertyChange(PropertyChangeSupport.java:268) ~[?:?]
	at com.st.microxplorer.util.MXPropertyChangeSupport.firePropertyChange(MXPropertyChangeSupport.java:54) ~[STM32CubeMX.jar:?]
	at com.st.microxplorer.mxsystem.MxSystem.closeConfig(MxSystem.java:900) ~[STM32CubeMX.jar:?]
	at com.st.microxplorer.maingui.MainPanel.closeConfig(MainPanel.java:781) ~[STM32CubeMX.jar:?]
	at com.st.microxplorer.plugins.filemanager.engine.OpenFileManager.loadConfigurationFile(OpenFileManager.java:265) ~[filemanager.jar:?]
	at com.st.microxplorer.plugins.filemanager.engine.MainFileManager.userLoadConfig(MainFileManager.java:352) ~[filemanager.jar:?]
	at com.st.microxplorer.plugins.filemanager.engine.MainFileManager.userLoadConfig(MainFileManager.java:330) ~[filemanager.jar:?]
	at com.st.microxplorer.plugins.filemanager.FileManagerView.getSpecificTask(FileManagerView.java:246) ~[filemanager.jar:?]
	at com.st.stm32cube.common.mx.editor.CubeMxEditor.getMxTabbedPaneInstance(CubeMxEditor.java:1198) ~[com.st.stm32cube.common.mx_6.12.0.202406281431/:?]
	at com.st.stm32cube.common.mx.editor.CubeMxEditor$12$1.createSwingComponent(CubeMxEditor.java:1068) ~[com.st.stm32cube.common.mx_6.12.0.202406281431/:?]
	at com.st.stm32cube.common.mx.oss.core.awtswtbridge.EmbeddedSwingComposite.doComponentCreation(EmbeddedSwingComposite.java:492) ~[com.st.stm32cube.common.mx.oss_6.12.0.202406281431/:?]
	at com.st.stm32cube.common.mx.oss.core.awtswtbridge.EmbeddedSwingComposite$4.run(EmbeddedSwingComposite.java:291) ~[com.st.stm32cube.common.mx.oss_6.12.0.202406281431/:?]
	at com.st.stm32cube.common.mx.oss.core.awtswtbridge.AwtEnvironment$2.run(AwtEnvironment.java:166) ~[com.st.stm32cube.common.mx.oss_6.12.0.202406281431/:?]
	at java.awt.event.InvocationEvent.dispatch(InvocationEvent.java:318) ~[?:?]
	at java.awt.EventQueue.dispatchEventImpl(EventQueue.java:773) ~[?:?]
	at java.awt.EventQueue$4.run(EventQueue.java:720) ~[?:?]
	at java.awt.EventQueue$4.run(EventQueue.java:714) ~[?:?]
	at java.security.AccessController.doPrivileged(AccessController.java:399) ~[?:?]
	at java.security.ProtectionDomain$JavaSecurityAccessImpl.doIntersectionPrivilege(ProtectionDomain.java:86) ~[?:?]
	at java.awt.EventQueue.dispatchEvent(EventQueue.java:742) ~[?:?]
	at java.awt.EventDispatchThread.pumpOneEventForFilters(EventDispatchThread.java:203) ~[?:?]
	at java.awt.EventDispatchThread.pumpEventsForFilter(EventDispatchThread.java:124) ~[?:?]
	at java.awt.EventDispatchThread.pumpEventsForHierarchy(EventDispatchThread.java:113) ~[?:?]
	at java.awt.EventDispatchThread.pumpEvents(EventDispatchThread.java:109) ~[?:?]
	at java.awt.EventDispatchThread.pumpEvents(EventDispatchThread.java:101) ~[?:?]
	at java.awt.EventDispatchThread.run(EventDispatchThread.java:90) ~[?:?]
2025-03-21 08:58:05,390 [WARN] ThirdParty:871 - waiting for thirdparty lock release [close project]
2025-03-21 08:58:05,390 [INFO] ThirdParty:873 - entering critical section [close project]
2025-03-21 08:58:05,391 [INFO] ThirdParty:883 - exiting critical section [close project]
2025-03-21 08:58:05,395 [INFO] PinOutPanel:1561 - setPackage(No Configuration,No Configuration)
2025-03-21 08:58:05,399 [INFO] AI:968 - onDisable adding AI com.st.microxplorer.plugins.ip.ai.AI@2d3b1676 on STMicroelectronics.X-CUBE-AI.10.0.0
2025-03-21 08:58:05,426 [INFO] UtilMem:75 - Begin LoadConfig() Used Memory: 869689344 Bytes (1073741824)
2025-03-21 08:58:05,429 [INFO] MicroXplorer:468 - Change Database Path : 
2025-03-21 08:58:05,429 [INFO] MicroXplorer:498 - Change Database Version : DB.6.0.120
2025-03-21 08:58:05,429 [INFO] OpenFileManager:332 - Change cursor
2025-03-21 08:58:05,498 [INFO] RulesReader:64 - Compatibility file has been processed (297 Rules)
2025-03-21 08:58:05,509 [INFO] Mcu:2032 - Initializing MCU STM32L4R9A(G-I)Ix STM32L4R9AIIx STM32L4R9AII6
2025-03-21 08:58:13,313 [INFO] Context:742 - Trying to add GPIOservice into a context  which must be forbidden
2025-03-21 08:58:14,306 [INFO] ApiDbMcu:508 - Load IP Config File for STMicroelectronics.X-CUBE-AI.10.0.0
2025-03-21 08:58:14,805 [INFO] RtosManager:555 - Registered RTOS mode: class=CMSIS, group=RTOS, mode=CMSIS_V1, owner=FREERTOS
2025-03-21 08:58:14,805 [INFO] RtosManager:555 - Registered RTOS mode: class=CMSIS, group=RTOS2, mode=CMSIS_V2, owner=FREERTOS
2025-03-21 08:58:14,805 [INFO] RtosManager:555 - Registered RTOS mode: class=RTOS, group=Core, mode=CMSIS_V1, owner=FREERTOS
2025-03-21 08:58:14,805 [INFO] RtosManager:555 - Registered RTOS mode: class=RTOS, group=Core, mode=CMSIS_V2, owner=FREERTOS
2025-03-21 08:58:14,806 [WARN] ModelIntegratedComponent:184 - Missing modes for component STMicroelectronics:FreeRTOS:0.0.1:STMicroelectronics:RTOS:FreeRTOS:Core:::10.2.0:
2025-03-21 08:58:14,815 [WARN] ModelIntegratedComponent:63 - No mode defined for component null
2025-03-21 08:58:14,815 [WARN] ModelIntegratedComponent:63 - No mode defined for component null
2025-03-21 08:58:14,815 [WARN] ModelIntegratedComponent:63 - No mode defined for component null
2025-03-21 08:58:14,815 [WARN] ModelIntegratedComponent:63 - No mode defined for component null
2025-03-21 08:58:14,815 [WARN] ModelIntegratedComponent:63 - No mode defined for component null
2025-03-21 08:58:14,815 [WARN] ModelIntegratedComponent:63 - No mode defined for component null
2025-03-21 08:58:14,815 [WARN] ModelIntegratedComponent:63 - No mode defined for component null
2025-03-21 08:58:14,815 [WARN] ModelIntegratedComponent:63 - No mode defined for component null
2025-03-21 08:58:14,816 [WARN] ModelIntegratedComponent:63 - No mode defined for component null
2025-03-21 08:58:14,816 [WARN] ModelIntegratedComponent:63 - No mode defined for component null
2025-03-21 08:58:14,816 [WARN] ModelIntegratedComponent:63 - No mode defined for component null
2025-03-21 08:58:14,816 [WARN] ModelIntegratedComponent:63 - No mode defined for component null
2025-03-21 08:58:14,816 [WARN] ModelIntegratedComponent:63 - No mode defined for component null
2025-03-21 08:58:14,816 [WARN] ModelIntegratedComponent:63 - No mode defined for component null
2025-03-21 08:58:14,816 [WARN] ModelIntegratedComponent:63 - No mode defined for component null
2025-03-21 08:58:14,816 [WARN] ModelIntegratedComponent:63 - No mode defined for component null
2025-03-21 08:58:14,816 [WARN] ModelIntegratedComponent:63 - No mode defined for component null
2025-03-21 08:58:14,816 [WARN] ModelIntegratedComponent:63 - No mode defined for component null
2025-03-21 08:58:14,816 [WARN] ModelIntegratedComponent:63 - No mode defined for component null
2025-03-21 08:58:14,816 [WARN] ModelIntegratedComponent:63 - No mode defined for component null
2025-03-21 08:58:14,817 [WARN] ModelIntegratedComponent:63 - No mode defined for component null
2025-03-21 08:58:14,817 [WARN] ModelIntegratedComponent:63 - No mode defined for component null
2025-03-21 08:58:14,817 [WARN] ModelIntegratedComponent:63 - No mode defined for component null
2025-03-21 08:58:14,817 [WARN] ModelIntegratedComponent:63 - No mode defined for component null
2025-03-21 08:58:14,817 [WARN] ModelIntegratedComponent:63 - No mode defined for component null
2025-03-21 08:58:14,817 [WARN] ModelIntegratedComponent:63 - No mode defined for component null
2025-03-21 08:58:14,817 [WARN] ModelIntegratedComponent:63 - No mode defined for component null
2025-03-21 08:58:14,817 [WARN] ModelIntegratedComponent:63 - No mode defined for component null
2025-03-21 08:58:14,817 [WARN] ModelIntegratedComponent:63 - No mode defined for component null
2025-03-21 08:58:14,817 [WARN] ModelIntegratedComponent:63 - No mode defined for component null
2025-03-21 08:58:14,817 [WARN] ModelIntegratedComponent:63 - No mode defined for component null
2025-03-21 08:58:14,817 [WARN] ModelIntegratedComponent:63 - No mode defined for component null
2025-03-21 08:58:14,818 [WARN] ModelIntegratedComponent:63 - No mode defined for component null
2025-03-21 08:58:14,818 [WARN] ModelIntegratedComponent:63 - No mode defined for component null
2025-03-21 08:58:14,818 [WARN] ModelIntegratedComponent:63 - No mode defined for component null
2025-03-21 08:58:14,818 [WARN] ModelPack:524 - Component already loaded: STMicroelectronics:HAL Drivers:0.0.0:STMicroelectronics:Device:STMicro_Driver:XSPI:HAL::0.0.1:HAL_XSPI
2025-03-21 08:58:15,909 [INFO] Middleware:612 - instanceName : STMicroelectronics.X-CUBE-AI.10.0.0 bspName : COM Port check condition failed for : !SEMDeviceJjApplicationJjApplicationTemplate
2025-03-21 08:58:15,909 [INFO] Middleware:612 - instanceName : STMicroelectronics.X-CUBE-AI.10.0.0 bspName : COM Port check condition failed for : !SEMDeviceJjApplicationJjApplicationTemplate
2025-03-21 08:58:15,909 [INFO] Middleware:612 - instanceName : STMicroelectronics.X-CUBE-AI.10.0.0 bspName : COM Port check condition failed for : !SEMDeviceJjApplicationJjApplicationTemplate
2025-03-21 08:58:15,959 [INFO] ThirdPartyModel:298 - Start build external matchings
2025-03-21 08:58:19,376 [INFO] ThirdPartyModel:316 - End build external matchings
2025-03-21 08:58:19,429 [INFO] ImportTextPane:205 - (OptionalMessage_ERROR) IP (RCC) : Parameter (DSIFreq_Value) has invalid value (64000000)
2025-03-21 08:58:19,429 [INFO] ImportTextPane:205 - (OptionalMessage_ERROR) IP (RCC) : Parameter (DSIRXEscFreq_Value) has invalid value (100000000)
2025-03-21 08:58:19,429 [INFO] ImportTextPane:205 - (OptionalMessage_ERROR) IP (RCC) : Invalid parameter (FamilyName)
2025-03-21 08:58:19,430 [INFO] ImportTextPane:205 - (OptionalMessage_ERROR) IP (RCC) : Invalid parameter (LTDCCLKoutputFreq_Value)
2025-03-21 08:58:19,430 [INFO] ImportTextPane:205 - (OptionalMessage_ERROR) IP (RCC) : Parameter (PLLDSIFreq_Value) has invalid value (512000000)
2025-03-21 08:58:19,430 [INFO] ImportTextPane:205 - (OptionalMessage_ERROR) IP (RCC) : Parameter (PLLDSIVCOFreq_Value) has invalid value (1024000000)
2025-03-21 08:58:19,431 [INFO] ImportTextPane:205 - (OptionalMessage_ERROR) IP (RCC) : Invalid parameter (SDIOFreq_Value)
2025-03-21 08:58:19,438 [INFO] ImportTextPane:205 - (OptionalMessage_ERROR) IP (STMicroelectronics.X-CUBE-AI.10.0.0) : Parameter (ModelName) has Id (e7202a7dc3442564aff9ae2f839d331ee249c720a91223bedd371705b8eea04d) currently not set
2025-03-21 08:58:19,438 [INFO] ImportTextPane:205 - (OptionalMessage_ERROR) IP (STMicroelectronics.X-CUBE-AI.10.0.0) : Parameter (ModelKind) has Id (e7202a7dc3442564aff9ae2f839d331ee249c720a91223bedd371705b8eea04d) currently not set
2025-03-21 08:58:19,439 [INFO] ImportTextPane:205 - (OptionalMessage_ERROR) IP (STMicroelectronics.X-CUBE-AI.10.0.0) : Parameter (ModelCompression) has Id (e7202a7dc3442564aff9ae2f839d331ee249c720a91223bedd371705b8eea04d) currently not set
2025-03-21 08:58:19,439 [INFO] ImportTextPane:205 - (OptionalMessage_ERROR) IP (STMicroelectronics.X-CUBE-AI.10.0.0) : Parameter (ModelStructureFile) has Id (e7202a7dc3442564aff9ae2f839d331ee249c720a91223bedd371705b8eea04d) currently not set
2025-03-21 08:58:19,439 [INFO] ImportTextPane:205 - (OptionalMessage_ERROR) IP (STMicroelectronics.X-CUBE-AI.10.0.0) : Invalid parameter (LatestDirectoryUsed)
2025-03-21 08:58:19,439 [INFO] ImportTextPane:205 - (OptionalMessage_ERROR) IP (STMicroelectronics.X-CUBE-AI.10.0.0) : Invalid parameter (ValidationInputFileHistory)
2025-03-21 08:58:19,439 [INFO] ImportTextPane:205 - (OptionalMessage_ERROR) IP (STMicroelectronics.X-CUBE-AI.10.0.0) : Parameter (ModelActualCompression) has Id (e7202a7dc3442564aff9ae2f839d331ee249c720a91223bedd371705b8eea04d) currently not set
2025-03-21 08:58:19,439 [INFO] ImportTextPane:205 - (OptionalMessage_ERROR) IP (STMicroelectronics.X-CUBE-AI.10.0.0) : Parameter (ModelFlashOccupation) has Id (e7202a7dc3442564aff9ae2f839d331ee249c720a91223bedd371705b8eea04d) currently not set
2025-03-21 08:58:19,439 [INFO] ImportTextPane:205 - (OptionalMessage_ERROR) IP (STMicroelectronics.X-CUBE-AI.10.0.0) : Parameter (ModelMacc) has Id (e7202a7dc3442564aff9ae2f839d331ee249c720a91223bedd371705b8eea04d) currently not set
2025-03-21 08:58:19,439 [INFO] ImportTextPane:205 - (OptionalMessage_ERROR) IP (STMicroelectronics.X-CUBE-AI.10.0.0) : Parameter (ModelRamOccupation) has Id (e7202a7dc3442564aff9ae2f839d331ee249c720a91223bedd371705b8eea04d) currently not set
2025-03-21 08:58:19,439 [INFO] ImportTextPane:205 - (OptionalMessage_ERROR) IP (STMicroelectronics.X-CUBE-AI.10.0.0) : Parameter (ModelType) has Id (e7202a7dc3442564aff9ae2f839d331ee249c720a91223bedd371705b8eea04d) currently not set
2025-03-21 08:58:19,439 [INFO] ImportTextPane:205 - (OptionalMessage_ERROR) IP (STMicroelectronics.X-CUBE-AI.10.0.0) : Invalid parameter (ValidationOutputFileHistory)
2025-03-21 08:58:19,440 [INFO] ImportTextPane:205 - (OptionalMessage_ERROR) IP (STMicroelectronics.X-CUBE-AI.10.0.0) : Invalid parameter (ValidationInputFile)
2025-03-21 08:58:19,440 [INFO] ImportTextPane:205 - (OptionalMessage_ERROR) IP (STMicroelectronics.X-CUBE-AI.10.0.0) : Invalid parameter (ValidationOutputFile)
2025-03-21 08:58:19,440 [INFO] ImportTextPane:205 - (OptionalMessage_ERROR) IP (STMicroelectronics.X-CUBE-AI.10.0.0) : Invalid parameter (useInputAllocation)
2025-03-21 08:58:19,440 [INFO] ImportTextPane:205 - (OptionalMessage_ERROR) IP (STMicroelectronics.X-CUBE-AI.10.0.0) : Invalid parameter (useOutputAllocation)
2025-03-21 08:58:19,440 [INFO] ImportTextPane:205 - (OptionalMessage_ERROR) IP (STMicroelectronics.X-CUBE-AI.10.0.0) : Invalid parameter (customLayerConfigEnabled)
2025-03-21 08:58:19,440 [INFO] ImportTextPane:205 - (OptionalMessage_ERROR) IP (STMicroelectronics.X-CUBE-AI.10.0.0) : Invalid parameter (noOnnxIoTranspose)
2025-03-21 08:58:19,440 [INFO] ImportTextPane:205 - (OptionalMessage_ERROR) IP (STMicroelectronics.X-CUBE-AI.10.0.0) : Invalid parameter (MaximumNumberOfInputLayer)
2025-03-21 08:58:19,440 [INFO] ImportTextPane:205 - (OptionalMessage_ERROR) IP (STMicroelectronics.X-CUBE-AI.10.0.0) : Invalid parameter (MaximumNumberOfOutputLayer)
2025-03-21 08:58:20,526 [INFO] UtilMem:75 - End LoadConfig() Used Memory: 917916152 Bytes (1073741824)
2025-03-21 08:58:20,559 [WARN] ThirdParty:833 - waiting for thirdparty lock release [change project]
2025-03-21 08:58:20,559 [INFO] ThirdParty:835 - entering critical section [change project]
2025-03-21 08:58:20,559 [INFO] ThirdParty:1030 - CMSIS Pack Vendor :STMicroelectronics USBPD 4.1
2025-03-21 08:58:20,559 [INFO] ThirdParty:1030 - CMSIS Pack Vendor :STMicroelectronics X-CUBE-GNSS1 6.0.0
2025-03-21 08:58:20,559 [INFO] ThirdParty:1030 - CMSIS Pack Vendor :STMicroelectronics USB_HOST 2.0.0
2025-03-21 08:58:20,559 [INFO] ThirdParty:1030 - CMSIS Pack Vendor :STMicroelectronics FP-SNS-MOTENVWB1 1.4.0
2025-03-21 08:58:20,559 [INFO] ThirdParty:1030 - CMSIS Pack Vendor :STMicroelectronics X-CUBE-AZRTOS-F4 1.1.0
2025-03-21 08:58:20,560 [INFO] ThirdParty:1030 - CMSIS Pack Vendor :STMicroelectronics LIBJPEG 8.0.0
2025-03-21 08:58:20,560 [INFO] ThirdParty:1030 - CMSIS Pack Vendor :STMicroelectronics FP-ATR-ASTRA1 2.0.2
2025-03-21 08:58:20,560 [INFO] ThirdParty:1030 - CMSIS Pack Vendor :STMicroelectronics FP-ATR-ASTRA1 2.0.1
2025-03-21 08:58:20,560 [INFO] ThirdParty:1030 - CMSIS Pack Vendor :wolfSSL I-CUBE-wolfSSL 5.6.3
2025-03-21 08:58:20,560 [INFO] ThirdParty:1030 - CMSIS Pack Vendor :STMicroelectronics X-CUBE-SMBUS 2.1.0
2025-03-21 08:58:20,560 [INFO] ThirdParty:1030 - CMSIS Pack Vendor :STMicroelectronics X-CUBE-WB05N 1.1.0
2025-03-21 08:58:20,560 [INFO] ThirdParty:1030 - CMSIS Pack Vendor :STMicroelectronics X-CUBE-ISPU 2.1.0
2025-03-21 08:58:20,560 [INFO] ThirdParty:1030 - CMSIS Pack Vendor :STMicroelectronics X-CUBE-FREERTOS 1.2.0
2025-03-21 08:58:20,560 [INFO] ThirdParty:1030 - CMSIS Pack Vendor :STMicroelectronics X-CUBE-TOUCHGFX 4.23.1
2025-03-21 08:58:20,560 [INFO] ThirdParty:1030 - CMSIS Pack Vendor :STMicroelectronics X-CUBE-TOUCHGFX 4.23.0
2025-03-21 08:58:20,560 [INFO] ThirdParty:1030 - CMSIS Pack Vendor :STMicroelectronics X-CUBE-TOUCHGFX 4.23.2
2025-03-21 08:58:20,560 [INFO] ThirdParty:1030 - CMSIS Pack Vendor :STMicroelectronics X-CUBE-AZRTOS-F7 1.1.0
2025-03-21 08:58:20,560 [INFO] ThirdParty:1030 - CMSIS Pack Vendor :STMicroelectronics X-CUBE-AZRTOS-L5 2.0.0
2025-03-21 08:58:20,560 [INFO] ThirdParty:1030 - CMSIS Pack Vendor :STMicroelectronics USB_DEVICE 2.0.0
2025-03-21 08:58:20,561 [INFO] ThirdParty:1030 - CMSIS Pack Vendor :STMicroelectronics X-CUBE-EEPRMA1 4.2.0
2025-03-21 08:58:20,561 [INFO] ThirdParty:1030 - CMSIS Pack Vendor :STMicroelectronics X-CUBE-NFC6 3.1.0
2025-03-21 08:58:20,561 [INFO] ThirdParty:1030 - CMSIS Pack Vendor :ITTIA_DB I-CUBE-ITTIADB 8.8.0
2025-03-21 08:58:20,561 [INFO] ThirdParty:1030 - CMSIS Pack Vendor :STMicroelectronics FP-SNS-MOTENV1 4.3.2
2025-03-21 08:58:20,561 [INFO] ThirdParty:1030 - CMSIS Pack Vendor :STMicroelectronics X-CUBE-MEMS1 11.0.0
2025-03-21 08:58:20,561 [INFO] ThirdParty:1030 - CMSIS Pack Vendor :STMicroelectronics FreeRTOS 0.0.1
2025-03-21 08:58:20,561 [INFO] ThirdParty:1030 - CMSIS Pack Vendor :STMicroelectronics X-CUBE-BLEMGR 2.0.0
2025-03-21 08:58:20,561 [INFO] ThirdParty:1030 - CMSIS Pack Vendor :STMicroelectronics X-CUBE-DPower 1.2.0
2025-03-21 08:58:20,561 [INFO] ThirdParty:1030 - CMSIS Pack Vendor :STMicroelectronics FP-SNS-FLIGHT1 5.0.2
2025-03-21 08:58:20,561 [INFO] ThirdParty:1030 - CMSIS Pack Vendor :STMicroelectronics X-CUBE-AI 9.0.0
2025-03-21 08:58:20,561 [INFO] ThirdParty:1030 - CMSIS Pack Vendor :STMicroelectronics X-CUBE-AZRTOS-H7 3.1.0
2025-03-21 08:58:20,561 [INFO] ThirdParty:1030 - CMSIS Pack Vendor :STMicroelectronics PDM2PCM 3.3.0
2025-03-21 08:58:20,561 [INFO] ThirdParty:1030 - CMSIS Pack Vendor :STMicroelectronics X-CUBE-DISPLAY 3.0.0
2025-03-21 08:58:20,561 [INFO] ThirdParty:1030 - CMSIS Pack Vendor :STMicroelectronics X-CUBE-BLE1 7.0.0
2025-03-21 08:58:20,561 [INFO] ThirdParty:1030 - CMSIS Pack Vendor :STMicroelectronics X-CUBE-NFC10 1.0.0
2025-03-21 08:58:20,561 [INFO] ThirdParty:1030 - CMSIS Pack Vendor :STMicroelectronics X-CUBE-BLEMGR 4.0.0
2025-03-21 08:58:20,561 [INFO] ThirdParty:1030 - CMSIS Pack Vendor :STMicroelectronics HAL Drivers 0.0.0
2025-03-21 08:58:20,561 [INFO] ThirdParty:1030 - CMSIS Pack Vendor :emotas I-CUBE-CANOPEN 1.3.0
2025-03-21 08:58:20,561 [INFO] ThirdParty:1030 - CMSIS Pack Vendor :STMicroelectronics X-CUBE-FREERTOS 1.3.0
2025-03-21 08:58:20,561 [INFO] ThirdParty:1030 - CMSIS Pack Vendor :STMicroelectronics X-CUBE-NFC7 1.0.1
2025-03-21 08:58:20,561 [INFO] ThirdParty:1030 - CMSIS Pack Vendor :STMicroelectronics MBEDTLS 2.14.1
2025-03-21 08:58:20,562 [INFO] ThirdParty:1030 - CMSIS Pack Vendor :STMicroelectronics X-CUBE-TOUCHGFX 4.22.1
2025-03-21 08:58:20,562 [INFO] ThirdParty:1030 - CMSIS Pack Vendor :wolfSSL I-CUBE-wolfTPM 3.2.0
2025-03-21 08:58:20,562 [INFO] ThirdParty:1030 - CMSIS Pack Vendor :STMicroelectronics X-CUBE-NFC6 3.0.0
2025-03-21 08:58:20,562 [INFO] ThirdParty:1030 - CMSIS Pack Vendor :STMicroelectronics X-CUBE-EEPRMA1 4.1.0
2025-03-21 08:58:20,562 [INFO] ThirdParty:1030 - CMSIS Pack Vendor :STMicroelectronics X-CUBE-BLEMGR 3.1.0
2025-03-21 08:58:20,562 [INFO] ThirdParty:1030 - CMSIS Pack Vendor :STMicroelectronics X-CUBE-AI 10.0.0
2025-03-21 08:58:20,562 [INFO] ThirdParty:1030 - CMSIS Pack Vendor :STMicroelectronics FP-SNS-SMARTAG2 1.2.0
2025-03-21 08:58:20,562 [INFO] ThirdParty:1030 - CMSIS Pack Vendor :STMicroelectronics X-CUBE-MEMS1 11.1.0
2025-03-21 08:58:20,562 [INFO] ThirdParty:1030 - CMSIS Pack Vendor :STMicroelectronics X-CUBE-AZRTOS-WL 2.0.0
2025-03-21 08:58:20,562 [INFO] ThirdParty:1030 - CMSIS Pack Vendor :STMicroelectronics FP-SNS-MOTENV1 5.0.0
2025-03-21 08:58:20,562 [INFO] ThirdParty:1030 - CMSIS Pack Vendor :STMicroelectronics USB_DEVICE 1.0.0
2025-03-21 08:58:20,562 [INFO] ThirdParty:1030 - CMSIS Pack Vendor :STMicroelectronics X-CUBE-AI 8.1.0
2025-03-21 08:58:20,562 [INFO] ThirdParty:1030 - CMSIS Pack Vendor :wolfSSL I-CUBE-wolfMQTT 1.19.0
2025-03-21 08:58:20,562 [INFO] ThirdParty:1030 - CMSIS Pack Vendor :STMicroelectronics X-CUBE-AZRTOS-L4 2.0.0
2025-03-21 08:58:20,562 [INFO] ThirdParty:1030 - CMSIS Pack Vendor :STMicroelectronics ThreadX 0.0.2
2025-03-21 08:58:20,563 [INFO] ThirdParty:1030 - CMSIS Pack Vendor :WES I-CUBE-Cesium 1.3.0
2025-03-21 08:58:20,563 [INFO] ThirdParty:1030 - CMSIS Pack Vendor :STMicroelectronics lwIP 2.1.2
2025-03-21 08:58:20,563 [INFO] ThirdParty:1030 - CMSIS Pack Vendor :STMicroelectronics X-CUBE-SFXS2LP1 4.0.0
2025-03-21 08:58:20,563 [INFO] ThirdParty:1030 - CMSIS Pack Vendor :STMicroelectronics X-CUBE-BLE2 3.3.0
2025-03-21 08:58:20,563 [INFO] ThirdParty:1030 - CMSIS Pack Vendor :STMicroelectronics PDM2PCM 3.2.0
2025-03-21 08:58:20,563 [INFO] ThirdParty:1030 - CMSIS Pack Vendor :STMicroelectronics X-CUBE-ISPU 1.1.0
2025-03-21 08:58:20,563 [INFO] ThirdParty:1030 - CMSIS Pack Vendor :STMicroelectronics X-CUBE-AZRTOS-H7 3.3.0
2025-03-21 08:58:20,563 [INFO] ThirdParty:1030 - CMSIS Pack Vendor :STMicroelectronics X-CUBE-NFC9 1.0.0
2025-03-21 08:58:20,563 [INFO] ThirdParty:1030 - CMSIS Pack Vendor :STMicroelectronics X-CUBE-BLE1 7.1.0
2025-03-21 08:58:20,563 [INFO] ThirdParty:1030 - CMSIS Pack Vendor :STMicroelectronics USB_DEVICE 3.0.0
2025-03-21 08:58:20,563 [INFO] ThirdParty:1030 - CMSIS Pack Vendor :STMicroelectronics X-CUBE-TCPP 4.1.0
2025-03-21 08:58:20,563 [INFO] ThirdParty:1030 - CMSIS Pack Vendor :STMicroelectronics X-CUBE-IPS 3.0.0
2025-03-21 08:58:20,563 [INFO] ThirdParty:1030 - CMSIS Pack Vendor :STMicroelectronics X-CUBE-AZRTOS-WB 2.0.0
2025-03-21 08:58:20,563 [INFO] ThirdParty:1030 - CMSIS Pack Vendor :STMicroelectronics X-CUBE-GNSS1 7.0.0
2025-03-21 08:58:20,564 [INFO] ThirdParty:1030 - CMSIS Pack Vendor :STMicroelectronics X-CUBE-GNSS1 7.0.1
2025-03-21 08:58:20,564 [INFO] ThirdParty:1030 - CMSIS Pack Vendor :STMicroelectronics X-CUBE-TOUCHGFX 4.25.0
2025-03-21 08:58:20,564 [INFO] ThirdParty:1030 - CMSIS Pack Vendor :STMicroelectronics FP-SNS-STBOX1 2.0.0
2025-03-21 08:58:20,564 [INFO] ThirdParty:1030 - CMSIS Pack Vendor :STMicroelectronics X-CUBE-ALGOBUILD 1.3.0
2025-03-21 08:58:20,564 [INFO] ThirdParty:1030 - CMSIS Pack Vendor :STMicroelectronics X-CUBE-AZRTOS-G0 1.1.0
2025-03-21 08:58:20,564 [INFO] ThirdParty:1030 - CMSIS Pack Vendor :STMicroelectronics X-CUBE-SAFEA1 1.2.2
2025-03-21 08:58:20,564 [INFO] ThirdParty:1030 - CMSIS Pack Vendor :STMicroelectronics X-CUBE-NFC4 3.0.0
2025-03-21 08:58:20,564 [INFO] ThirdParty:1030 - CMSIS Pack Vendor :STMicroelectronics X-CUBE-SUBG2 5.0.0
2025-03-21 08:58:20,564 [INFO] ThirdParty:1030 - CMSIS Pack Vendor :STMicroelectronics X-CUBE-AZRTOS-H7RS 1.1.0
2025-03-21 08:58:20,564 [INFO] ThirdParty:1030 - CMSIS Pack Vendor :STMicroelectronics STM32_WPAN 1.0.0
2025-03-21 08:58:20,564 [INFO] ThirdParty:1030 - CMSIS Pack Vendor :wolfSSL I-CUBE-wolfMQTT 1.18.0
2025-03-21 08:58:20,564 [INFO] ThirdParty:1030 - CMSIS Pack Vendor :EmbeddedOffice I-CUBE-FS-RTOS 1.0.1
2025-03-21 08:58:20,564 [INFO] ThirdParty:1030 - CMSIS Pack Vendor :STMicroelectronics lwIP 2.0.3
2025-03-21 08:58:20,564 [INFO] ThirdParty:1030 - CMSIS Pack Vendor :STMicroelectronics USB_HOST 1.0.0
2025-03-21 08:58:20,565 [INFO] ThirdParty:1030 - CMSIS Pack Vendor :STMicroelectronics X-CUBE-TOF1 3.3.1
2025-03-21 08:58:20,565 [INFO] ThirdParty:1030 - CMSIS Pack Vendor :STMicroelectronics X-CUBE-AZRTOS-G4 2.0.0
2025-03-21 08:58:20,565 [INFO] ThirdParty:1030 - CMSIS Pack Vendor :STMicroelectronics PDM2PCM 3.1.0
2025-03-21 08:58:20,565 [INFO] ThirdParty:1030 - CMSIS Pack Vendor :Infineon AIROC-Wi-Fi-Bluetooth-STM32 1.5.1
2025-03-21 08:58:20,565 [INFO] ThirdParty:1030 - CMSIS Pack Vendor :STMicroelectronics X-CUBE-BLEMGR 3.0.0
2025-03-21 08:58:20,565 [INFO] ThirdParty:1030 - CMSIS Pack Vendor :RealThread X-CUBE-RT-Thread_Nano 4.1.1
2025-03-21 08:58:20,565 [INFO] ThirdParty:1030 - CMSIS Pack Vendor :STMicroelectronics FP-SNS-MOTENVWB1 1.3.1
2025-03-21 08:58:20,565 [INFO] ThirdParty:1030 - CMSIS Pack Vendor :STMicroelectronics FP-ATR-SIGFOX1 3.2.0
2025-03-21 08:58:20,565 [INFO] ThirdParty:1030 - CMSIS Pack Vendor :quantropi X-CUBE-qispace-sdk-base 1.9.3
2025-03-21 08:58:20,565 [INFO] ThirdParty:1030 - CMSIS Pack Vendor :STMicroelectronics X-CUBE-ISPU 2.0.0
2025-03-21 08:58:20,565 [INFO] ThirdParty:1030 - CMSIS Pack Vendor :STMicroelectronics X-CUBE-EEPRMA1 5.1.0
2025-03-21 08:58:20,565 [INFO] ThirdParty:1030 - CMSIS Pack Vendor :STMicroelectronics MBEDTLS 2.16.2
2025-03-21 08:58:20,565 [INFO] ThirdParty:1030 - CMSIS Pack Vendor :STMicroelectronics X-CUBE-ALS 1.0.2
2025-03-21 08:58:20,565 [INFO] ThirdParty:1030 - CMSIS Pack Vendor :STMicroelectronics X-CUBE-MEMS1 10.0.0
2025-03-21 08:58:20,566 [INFO] ThirdParty:1030 - CMSIS Pack Vendor :STMicroelectronics X-CUBE-FREERTOS 1.1.0
2025-03-21 08:58:20,566 [INFO] ThirdParty:1030 - CMSIS Pack Vendor :STMicroelectronics X-CUBE-TOUCHGFX 4.24.0
2025-03-21 08:58:20,566 [INFO] ThirdParty:1030 - CMSIS Pack Vendor :STMicroelectronics X-CUBE-TOUCHGFX 4.24.2
2025-03-21 08:58:20,566 [INFO] ThirdParty:1030 - CMSIS Pack Vendor :STMicroelectronics X-CUBE-TOUCHGFX 4.24.1
2025-03-21 08:58:20,566 [INFO] ThirdParty:1030 - CMSIS Pack Vendor :portGmbH I-Cube-SoM-uGOAL 1.1.0
2025-03-21 08:58:20,566 [INFO] ThirdParty:1030 - CMSIS Pack Vendor :STMicroelectronics X-CUBE-ALS 1.0.1
2025-03-21 08:58:20,566 [INFO] ThirdParty:1030 - CMSIS Pack Vendor :STMicroelectronics ThreadX 1.0.0
2025-03-21 08:58:20,566 [INFO] ThirdParty:1030 - CMSIS Pack Vendor :SEGGER I-CUBE-embOS 1.3.1
2025-03-21 08:58:20,567 [INFO] ThirdParty:1030 - CMSIS Pack Vendor :STMicroelectronics X-CUBE-ALGOBUILD 1.4.0
2025-03-21 08:58:20,567 [INFO] ThirdParty:1030 - CMSIS Pack Vendor :STMicroelectronics X-CUBE-AZRTOS-H7RS 1.0.0
2025-03-21 08:58:20,567 [INFO] ThirdParty:1030 - CMSIS Pack Vendor :STMicroelectronics FP-ATR-ASTRA1 2.0.0
2025-03-21 08:58:20,567 [INFO] ThirdParty:1030 - CMSIS Pack Vendor :STMicroelectronics X-CUBE-TOF1 3.4.2
2025-03-21 08:58:20,567 [INFO] ThirdParty:1030 - CMSIS Pack Vendor :STMicroelectronics X-CUBE-AI 9.1.0
2025-03-21 08:58:20,567 [INFO] ThirdParty:1030 - CMSIS Pack Vendor :STMicroelectronics X-CUBE-TOF1 3.4.0
2025-03-21 08:58:20,567 [INFO] ThirdParty:1030 - CMSIS Pack Vendor :STMicroelectronics X-CUBE-TOF1 3.4.1
2025-03-21 08:58:20,567 [INFO] ThirdParty:1030 - CMSIS Pack Vendor :STMicroelectronics X-CUBE-AZRTOS-H7 3.2.0
2025-03-21 08:58:20,568 [INFO] ThirdParty:1030 - CMSIS Pack Vendor :wolfSSL I-CUBE-wolfSSH 1.4.17
2025-03-21 08:58:20,568 [INFO] ThirdParty:841 - exiting critical section [change project]
2025-03-21 08:58:21,065 [INFO] PinOutPanel:1561 - setPackage(No Configuration,No Configuration)
2025-03-21 08:58:21,069 [INFO] PinOutPanel:1561 - setPackage(STM32L4R9AIIx,UFBGA169)
2025-03-21 08:58:22,090 [INFO] UtilMem:75 - Before build in PCC Used Memory: 881847976 Bytes (1073741824)
2025-03-21 08:58:22,955 [INFO] UtilMem:75 - After build in PCC Used Memory: 902823936 Bytes (1073741824)
2025-03-21 08:58:22,955 [INFO] Middleware:612 - instanceName : STMicroelectronics.X-CUBE-AI.10.0.0 bspName : COM Port check condition failed for : !SEMDeviceJjApplicationJjApplicationTemplate
2025-03-21 08:58:22,956 [INFO] Middleware:612 - instanceName : STMicroelectronics.X-CUBE-AI.10.0.0 bspName : COM Port check condition failed for : !SEMDeviceJjApplicationJjApplicationTemplate
2025-03-21 08:58:22,956 [INFO] Middleware:612 - instanceName : STMicroelectronics.X-CUBE-AI.10.0.0 bspName : COM Port check condition failed for : !SEMDeviceJjApplicationJjApplicationTemplate
2025-03-21 08:58:23,004 [INFO] IPUIPlugin:80 - create IPUIPlugin
2025-03-21 08:58:23,004 [INFO] IPUIPlugin:80 - create IPUIPlugin
2025-03-21 08:58:23,004 [INFO] IPUIPlugin:80 - create IPUIPlugin
2025-03-21 08:58:23,005 [INFO] IPUIPlugin:80 - create IPUIPlugin
2025-03-21 08:58:23,005 [INFO] IPUIPlugin:80 - create IPUIPlugin
2025-03-21 08:58:23,005 [INFO] IPUIPlugin:80 - create IPUIPlugin
2025-03-21 08:58:23,006 [INFO] IPUIPlugin:80 - create IPUIPlugin
2025-03-21 08:58:23,006 [INFO] IPUIPlugin:80 - create IPUIPlugin
2025-03-21 08:58:23,007 [INFO] IPUIPlugin:80 - create IPUIPlugin
2025-03-21 08:58:23,007 [INFO] IPUIPlugin:80 - create IPUIPlugin
2025-03-21 08:58:23,008 [INFO] IPUIPlugin:80 - create IPUIPlugin
2025-03-21 08:58:23,008 [INFO] IPUIPlugin:80 - create IPUIPlugin
2025-03-21 08:58:23,008 [INFO] IPUIPlugin:80 - create IPUIPlugin
2025-03-21 08:58:23,008 [INFO] IPUIPlugin:80 - create IPUIPlugin
2025-03-21 08:58:23,008 [INFO] IPUIPlugin:80 - create IPUIPlugin
2025-03-21 08:58:23,009 [INFO] IPUIPlugin:80 - create IPUIPlugin
2025-03-21 08:58:23,009 [INFO] IPUIPlugin:80 - create IPUIPlugin
2025-03-21 08:58:23,009 [INFO] IPUIPlugin:80 - create IPUIPlugin
2025-03-21 08:58:23,009 [INFO] IPUIPlugin:80 - create IPUIPlugin
2025-03-21 08:58:23,009 [INFO] IPUIPlugin:80 - create IPUIPlugin
2025-03-21 08:58:23,010 [INFO] IPUIPlugin:80 - create IPUIPlugin
2025-03-21 08:58:23,010 [INFO] IPUIPlugin:80 - create IPUIPlugin
2025-03-21 08:58:23,011 [INFO] IPUIPlugin:80 - create IPUIPlugin
2025-03-21 08:58:23,011 [INFO] IPUIPlugin:80 - create IPUIPlugin
2025-03-21 08:58:23,012 [INFO] IPUIPlugin:80 - create IPUIPlugin
2025-03-21 08:58:23,012 [INFO] IPUIPlugin:80 - create IPUIPlugin
2025-03-21 08:58:23,012 [INFO] IPUIPlugin:80 - create IPUIPlugin
2025-03-21 08:58:23,012 [INFO] IPUIPlugin:80 - create IPUIPlugin
2025-03-21 08:58:23,014 [INFO] IPUIPlugin:80 - create IPUIPlugin
2025-03-21 08:58:23,014 [INFO] IPUIPlugin:80 - create IPUIPlugin
2025-03-21 08:58:23,015 [INFO] IPUIPlugin:80 - create IPUIPlugin
2025-03-21 08:58:23,015 [INFO] IPUIPlugin:80 - create IPUIPlugin
2025-03-21 08:58:23,015 [INFO] IPUIPlugin:80 - create IPUIPlugin
2025-03-21 08:58:23,016 [INFO] IPUIPlugin:80 - create IPUIPlugin
2025-03-21 08:58:23,016 [INFO] IPUIPlugin:80 - create IPUIPlugin
2025-03-21 08:58:23,017 [INFO] IPUIPlugin:80 - create IPUIPlugin
2025-03-21 08:58:23,017 [INFO] IPUIPlugin:80 - create IPUIPlugin
2025-03-21 08:58:23,019 [INFO] IPUIPlugin:80 - create IPUIPlugin
2025-03-21 08:58:23,019 [INFO] IPUIPlugin:80 - create IPUIPlugin
2025-03-21 08:58:23,020 [INFO] IPUIPlugin:80 - create IPUIPlugin
2025-03-21 08:58:23,021 [INFO] IPUIPlugin:80 - create IPUIPlugin
2025-03-21 08:58:23,022 [INFO] IPUIPlugin:80 - create IPUIPlugin
2025-03-21 08:58:23,024 [INFO] IPUIPlugin:80 - create IPUIPlugin
2025-03-21 08:58:23,025 [INFO] IPUIPlugin:80 - create IPUIPlugin
2025-03-21 08:58:23,026 [INFO] IPUIPlugin:80 - create IPUIPlugin
2025-03-21 08:58:23,026 [INFO] IPUIPlugin:80 - create IPUIPlugin
2025-03-21 08:58:23,027 [INFO] IPUIPlugin:80 - create IPUIPlugin
2025-03-21 08:58:23,027 [INFO] IPUIPlugin:80 - create IPUIPlugin
2025-03-21 08:58:23,028 [INFO] IPUIPlugin:80 - create IPUIPlugin
2025-03-21 08:58:23,029 [INFO] IPUIPlugin:80 - create IPUIPlugin
2025-03-21 08:58:23,029 [INFO] IPUIPlugin:80 - create IPUIPlugin
2025-03-21 08:58:23,030 [INFO] IPUIPlugin:80 - create IPUIPlugin
2025-03-21 08:58:23,030 [INFO] IPUIPlugin:80 - create IPUIPlugin
2025-03-21 08:58:23,031 [INFO] IPUIPlugin:80 - create IPUIPlugin
2025-03-21 08:58:23,032 [INFO] IPUIPlugin:80 - create IPUIPlugin
2025-03-21 08:58:23,033 [INFO] IPUIPlugin:80 - create IPUIPlugin
2025-03-21 08:58:23,033 [INFO] IPUIPlugin:80 - create IPUIPlugin
2025-03-21 08:58:23,034 [INFO] IPUIPlugin:80 - create IPUIPlugin
2025-03-21 08:58:23,035 [INFO] IPUIPlugin:80 - create IPUIPlugin
2025-03-21 08:58:23,036 [INFO] IPUIPlugin:80 - create IPUIPlugin
2025-03-21 08:58:23,037 [INFO] IPUIPlugin:80 - create IPUIPlugin
2025-03-21 08:58:23,038 [INFO] IPUIPlugin:80 - create IPUIPlugin
2025-03-21 08:58:23,039 [INFO] IPUIPlugin:80 - create IPUIPlugin
2025-03-21 08:58:23,040 [INFO] IPUIPlugin:80 - create IPUIPlugin
2025-03-21 08:58:23,041 [INFO] IPUIPlugin:80 - create IPUIPlugin
2025-03-21 08:58:23,042 [INFO] AI:968 - onDisable adding AI com.st.microxplorer.plugins.ip.ai.AI@62a22e24 on STMicroelectronics.X-CUBE-AI.10.0.0
2025-03-21 08:58:23,313 [INFO] CADModel:165 - CPN selected for project levelSTM32L4R9AII6
2025-03-21 08:58:23,313 [INFO] CADModel:114 - Register for checkConnection events
2025-03-21 08:58:23,366 [INFO] OpenFileManager:363 - Restore cursor
2025-03-21 08:58:24,357 [INFO] AIMainUI:1270 - Restoring parameters from IP...
2025-03-21 08:58:24,357 [INFO] AIMainUI:1393 - No old model detected
2025-03-21 08:58:24,366 [ERROR] N6Profiles:77 - java.io.FileNotFoundException: C:\Users\hugoc\STM32Cube\Repository\Packs\STMicroelectronics\X-CUBE-AI\10.0.0\scripts\N6_scripts\user_neuralart.json (Le chemin d’accès spécifié est introuvable)
2025-03-21 08:58:24,376 [INFO] AInterface:114 - AInterface using toolDir: C:/Users/hugoc/STM32Cube/Repository/Packs/STMicroelectronics/X-CUBE-AI/10.0.0/Utilities/windows
2025-03-21 08:58:24,384 [INFO] AIModelDetailledView:2372 - Analysis status: -
2025-03-21 08:58:24,386 [INFO] AIModelDetailledView:930 - Selected model: Keras
2025-03-21 08:58:24,475 [INFO] AIModelDetailledView:2372 - Analysis status: done
2025-03-21 08:58:45,483 [ERROR] LogOutputStream:75 - [STDERR_REDIRECT] 
2025-03-21 08:58:45,494 [ERROR] LogOutputStream:75 - [STDERR_REDIRECT] 
2025-03-21 08:59:21,899 [INFO] Activator:176 - 


2025-03-21 08:59:21,905 [INFO] Activator:177 - !SESSION log4j initialized
2025-03-21 08:59:37,056 [INFO] LogOutputStream:77 - [STDOUT_REDIRECT] 
2025-03-21 08:59:56,628 [INFO] ApplicationProperties:184 - Using Application install path: C:\ST\STM32CubeIDE_1.13.1\STM32CubeIDE\plugins\com.st.stm32cube.common.mx_6.12.0.202406281431
2025-03-21 08:59:56,674 [INFO] DbMcusXml:78 - Set database path to: C:\ST\STM32CubeIDE_1.13.1\STM32CubeIDE\plugins\com.st.stm32cube.common.mx_6.12.0.202406281431\\db\/mcu/
2025-03-21 08:59:56,675 [INFO] ApiDb:274 - Set plugin database path to: C:\ST\STM32CubeIDE_1.13.1\STM32CubeIDE\plugins\com.st.stm32cube.common.mx_6.12.0.202406281431\\db\/plugins/boardmanager/
2025-03-21 08:59:56,676 [WARN] ApiDb:259 - Overriding images path with different value:  => C:\ST\STM32CubeIDE_1.13.1\STM32CubeIDE\plugins\com.st.stm32cube.common.mx_6.12.0.202406281431\\db\/plugins/mcufinder/images/
2025-03-21 08:59:56,702 [INFO] ApiDb:250 - Set database path to: C:\Users\hugoc\.stmcufinder\plugins\mcufinder//mcu/
2025-03-21 08:59:56,705 [INFO] DbMcusAds:125 - Set database path to: C:\Users\hugoc\.stmcufinder\plugins\mcufinder//mcu/
2025-03-21 08:59:56,726 [INFO] CrossReferenceDbSqlite:203 - Set database path to: C:\Users\hugoc\.stmcufinder\plugins\mcufinder//mcu/cs/
2025-03-21 08:59:57,020 [INFO] RulesReader:64 - Compatibility file has been processed (297 Rules)
2025-03-21 08:59:57,321 [INFO] DbMcusXml:78 - Set database path to: C:\ST\STM32CubeIDE_1.13.1\STM32CubeIDE\plugins\com.st.stm32cube.common.mx_6.12.0.202406281431\\db\/mcu/
2025-03-21 08:59:57,322 [INFO] ApiDb:274 - Set plugin database path to: C:\ST\STM32CubeIDE_1.13.1\STM32CubeIDE\plugins\com.st.stm32cube.common.mx_6.12.0.202406281431\\db\/plugins/boardmanager/
2025-03-21 08:59:57,322 [INFO] ApiDb:261 - Set plugin images path to: C:\ST\STM32CubeIDE_1.13.1\STM32CubeIDE\plugins\com.st.stm32cube.common.mx_6.12.0.202406281431\\db\/plugins/mcufinder/images/
2025-03-21 08:59:57,323 [WARN] DbFile:41 - Overriding database path with different value: C:\Users\hugoc\.stmcufinder\plugins\mcufinder/ => C:\Users\hugoc\.stmcufinder\plugins\mcufinder
2025-03-21 08:59:57,323 [INFO] ApiDb:250 - Set database path to: C:\Users\hugoc\.stmcufinder\plugins\mcufinder//mcu/
2025-03-21 08:59:57,323 [WARN] DbFile:41 - Overriding database path with different value: C:\Users\hugoc\.stmcufinder\plugins\mcufinder/ => C:\Users\hugoc\.stmcufinder\plugins\mcufinder
2025-03-21 08:59:57,324 [INFO] DbMcusAds:125 - Set database path to: C:\Users\hugoc\.stmcufinder\plugins\mcufinder//mcu/
2025-03-21 08:59:57,324 [WARN] DbFile:41 - Overriding database path with different value: C:\Users\hugoc\.stmcufinder\plugins\mcufinder/ => C:\Users\hugoc\.stmcufinder\plugins\mcufinder
2025-03-21 08:59:57,324 [WARN] DbFile:41 - Overriding database path with different value: C:\Users\hugoc\.stmcufinder\plugins\mcufinder/ => C:\Users\hugoc\.stmcufinder\plugins\mcufinder
2025-03-21 08:59:57,324 [INFO] CrossReferenceDbSqlite:203 - Set database path to: C:\Users\hugoc\.stmcufinder\plugins\mcufinder//mcu/cs/
2025-03-21 08:59:57,581 [INFO] MainPanel:268 - HeapMemory: 591396864
2025-03-21 08:59:57,851 [INFO] DbMcusXml:78 - Set database path to: C:\ST\STM32CubeIDE_1.13.1\STM32CubeIDE\plugins\com.st.stm32cube.common.mx_6.12.0.202406281431\\db\/mcu/
2025-03-21 08:59:57,851 [INFO] ApiDb:274 - Set plugin database path to: C:\ST\STM32CubeIDE_1.13.1\STM32CubeIDE\plugins\com.st.stm32cube.common.mx_6.12.0.202406281431\\db\/plugins/boardmanager/
2025-03-21 08:59:57,852 [INFO] ApiDb:261 - Set plugin images path to: C:\ST\STM32CubeIDE_1.13.1\STM32CubeIDE\plugins\com.st.stm32cube.common.mx_6.12.0.202406281431\\db\/plugins/mcufinder/images/
2025-03-21 08:59:57,853 [WARN] DbFile:41 - Overriding database path with different value: C:\Users\hugoc\.stmcufinder\plugins\mcufinder/ => C:\Users\hugoc\.stmcufinder\plugins\mcufinder
2025-03-21 08:59:57,853 [INFO] ApiDb:250 - Set database path to: C:\Users\hugoc\.stmcufinder\plugins\mcufinder//mcu/
2025-03-21 08:59:57,854 [WARN] DbFile:41 - Overriding database path with different value: C:\Users\hugoc\.stmcufinder\plugins\mcufinder/ => C:\Users\hugoc\.stmcufinder\plugins\mcufinder
2025-03-21 08:59:57,854 [INFO] DbMcusAds:125 - Set database path to: C:\Users\hugoc\.stmcufinder\plugins\mcufinder//mcu/
2025-03-21 08:59:57,854 [WARN] DbFile:41 - Overriding database path with different value: C:\Users\hugoc\.stmcufinder\plugins\mcufinder/ => C:\Users\hugoc\.stmcufinder\plugins\mcufinder
2025-03-21 08:59:57,854 [WARN] DbFile:41 - Overriding database path with different value: C:\Users\hugoc\.stmcufinder\plugins\mcufinder/ => C:\Users\hugoc\.stmcufinder\plugins\mcufinder
2025-03-21 08:59:57,855 [INFO] CrossReferenceDbSqlite:203 - Set database path to: C:\Users\hugoc\.stmcufinder\plugins\mcufinder//mcu/cs/
2025-03-21 08:59:57,916 [INFO] ApplicationProperties:184 - Using Application install path: C:\ST\STM32CubeIDE_1.13.1\STM32CubeIDE\plugins\com.st.stm32cube.common.mx_6.12.0.202406281431
2025-03-21 08:59:57,920 [INFO] PluginManage:196 - Search for loadable plugins [exclusion list=, ]
2025-03-21 08:59:57,926 [INFO] PluginManage:310 - Check plugin analytics
2025-03-21 08:59:58,425 [INFO] AnalyticsPlugin:253 - Accepted Software Licenses: 
2025-03-21 08:59:58,425 [INFO] AnalyticsPlugin:255 - Accepted CMSIS Pack Licenses: 
2025-03-21 08:59:58,426 [INFO] AnalyticsPlugin:257 - Accepted Firmware Licenses: 
2025-03-21 08:59:58,428 [INFO] PluginManage:359 - Loaded plugin analytics (category:tool,tabindex:-1)
2025-03-21 08:59:58,429 [INFO] PluginManage:310 - Check plugin cadmodel
2025-03-21 08:59:58,439 [INFO] CADModel:105 - Init CAD model plugin
2025-03-21 08:59:58,440 [INFO] PluginManage:359 - Loaded plugin cadmodel (category:power,tabindex:5)
2025-03-21 08:59:58,441 [INFO] PluginManage:310 - Check plugin clock
2025-03-21 08:59:58,467 [INFO] PluginManage:359 - Loaded plugin clock (category:base,tabindex:2)
2025-03-21 08:59:58,468 [INFO] PluginManage:310 - Check plugin ddr
2025-03-21 08:59:58,475 [INFO] PluginManage:359 - Loaded plugin ddr (category:tool,tabindex:6)
2025-03-21 08:59:58,476 [INFO] PluginManage:310 - Check plugin filemanager
2025-03-21 08:59:58,835 [INFO] PluginManage:359 - Loaded plugin filemanager (category:base,tabindex:10)
2025-03-21 08:59:58,836 [INFO] PluginManage:310 - Check plugin ipmanager
2025-03-21 08:59:58,860 [INFO] PluginManage:359 - Loaded plugin ipmanager (category:base,tabindex:5)
2025-03-21 08:59:58,862 [INFO] PluginManage:310 - Check plugin lpbam
2025-03-21 08:59:58,881 [INFO] PluginManage:359 - Loaded plugin lpbam (category:base,tabindex:0)
2025-03-21 08:59:58,882 [INFO] PluginManage:310 - Check plugin memorymap
2025-03-21 08:59:58,915 [INFO] PluginManage:359 - Loaded plugin memorymap (category:base,tabindex:4)
2025-03-21 08:59:58,915 [INFO] PluginManage:310 - Check plugin pinoutandconfiguration
2025-03-21 08:59:58,935 [INFO] PluginManage:359 - Loaded plugin pinoutandconfiguration (category:base,tabindex:1)
2025-03-21 08:59:58,936 [INFO] PluginManage:310 - Check plugin pinoutconfig
2025-03-21 08:59:59,145 [WARN] SupportedApi:132 - Cannot load RTOS API schema: s4s-elt-must-match.1: The content of 'definitions' must match (annotation?, (simpleType | complexType)?, (unique | key | keyref)*)). A problem was found starting at: attribute.
2025-03-21 08:59:59,529 [INFO] PluginManage:359 - Loaded plugin pinoutconfig (category:base,tabindex:0)
2025-03-21 08:59:59,529 [INFO] PluginManage:310 - Check plugin power
2025-03-21 08:59:59,555 [INFO] PluginManage:359 - Loaded plugin power (category:power,tabindex:4)
2025-03-21 08:59:59,555 [INFO] PluginManage:310 - Check plugin projectmanager
2025-03-21 08:59:59,599 [INFO] PluginManage:359 - Loaded plugin projectmanager (category:projectmanager,tabindex:4)
2025-03-21 08:59:59,599 [INFO] PluginManage:310 - Check plugin rif
2025-03-21 08:59:59,618 [INFO] PluginManage:359 - Loaded plugin rif (category:base,tabindex:3)
2025-03-21 08:59:59,620 [INFO] PluginManage:310 - Check plugin thirdparty
2025-03-21 08:59:59,967 [WARN] IntegrityCheckThread:84 - waiting for thirdparty lock release [integrity check]
2025-03-21 08:59:59,967 [INFO] IntegrityCheckThread:86 - entering critical section [integrity check]
2025-03-21 08:59:59,967 [INFO] PluginManage:359 - Loaded plugin thirdparty (category:base,tabindex:-1)
2025-03-21 08:59:59,968 [INFO] PluginManage:310 - Check plugin tools
2025-03-21 08:59:59,968 [INFO] ThirdPartyUpdaterWithRetryManager:70 - Updater plugin not ready yet. [1/15]
2025-03-21 08:59:59,974 [INFO] PluginManage:359 - Loaded plugin tools (category:base,tabindex:7)
2025-03-21 08:59:59,975 [INFO] PluginManage:310 - Check plugin tutovideos
2025-03-21 09:00:00,420 [INFO] PluginManage:359 - Loaded plugin tutovideos (category:base,tabindex:-1)
2025-03-21 09:00:00,420 [INFO] PluginManage:310 - Check plugin updater
2025-03-21 09:00:00,461 [INFO] PluginManage:359 - Loaded plugin updater (category:base,tabindex:12)
2025-03-21 09:00:00,461 [INFO] PluginManage:310 - Check plugin userauth
2025-03-21 09:00:00,474 [INFO] UserAuth:113 - Init User Auth plugin
2025-03-21 09:00:00,475 [INFO] PluginManage:359 - Loaded plugin userauth (category:base,tabindex:14)
2025-03-21 09:00:00,476 [INFO] PluginManage:283 - PluginManage : Loaded plugins [18]
2025-03-21 09:00:01,112 [INFO] PinOutPanel:1561 - setPackage(No Configuration,No Configuration)
2025-03-21 09:00:01,397 [INFO] CADModel:165 - CPN selected for project level
2025-03-21 09:00:01,398 [INFO] CADModel:114 - Register for checkConnection events
2025-03-21 09:00:01,436 [INFO] IPUIPlugin:80 - create IPUIPlugin
2025-03-21 09:00:01,436 [INFO] PluginManager:220 - loadIPPluginJar : add adc
2025-03-21 09:00:01,443 [INFO] IPUIPlugin:80 - create IPUIPlugin
2025-03-21 09:00:01,444 [INFO] PluginManager:220 - loadIPPluginJar : add aes
2025-03-21 09:00:01,451 [INFO] IPUIPlugin:80 - create IPUIPlugin
2025-03-21 09:00:01,451 [INFO] PluginManager:220 - loadIPPluginJar : add can
2025-03-21 09:00:01,457 [INFO] IPUIPlugin:80 - create IPUIPlugin
2025-03-21 09:00:01,458 [INFO] PluginManager:220 - loadIPPluginJar : add comp
2025-03-21 09:00:01,465 [INFO] IPUIPlugin:80 - create IPUIPlugin
2025-03-21 09:00:01,466 [INFO] PluginManager:220 - loadIPPluginJar : add cryp
2025-03-21 09:00:01,475 [INFO] IPUIPlugin:80 - create IPUIPlugin
2025-03-21 09:00:01,476 [INFO] PluginManager:220 - loadIPPluginJar : add ddr_ctrl_phy
2025-03-21 09:00:01,484 [INFO] IPUIPlugin:80 - create IPUIPlugin
2025-03-21 09:00:01,484 [INFO] PluginManager:220 - loadIPPluginJar : add dfsdm
2025-03-21 09:00:01,496 [INFO] IPUIPlugin:80 - create IPUIPlugin
2025-03-21 09:00:01,497 [INFO] PluginManager:220 - loadIPPluginJar : add dma
2025-03-21 09:00:01,505 [INFO] IPUIPlugin:80 - create IPUIPlugin
2025-03-21 09:00:01,505 [INFO] PluginManager:220 - loadIPPluginJar : add dma3
2025-03-21 09:00:01,513 [INFO] IPUIPlugin:80 - create IPUIPlugin
2025-03-21 09:00:01,513 [INFO] PluginManager:220 - loadIPPluginJar : add extmemmanager
2025-03-21 09:00:01,519 [INFO] IPUIPlugin:80 - create IPUIPlugin
2025-03-21 09:00:01,519 [INFO] PluginManager:220 - loadIPPluginJar : add fatfs
2025-03-21 09:00:01,530 [INFO] IPUIPlugin:80 - create IPUIPlugin
2025-03-21 09:00:01,530 [INFO] PluginManager:220 - loadIPPluginJar : add fmc
2025-03-21 09:00:01,542 [INFO] IPUIPlugin:80 - create IPUIPlugin
2025-03-21 09:00:01,542 [INFO] PluginManager:220 - loadIPPluginJar : add freertos
2025-03-21 09:00:01,547 [INFO] IPUIPlugin:80 - create IPUIPlugin
2025-03-21 09:00:01,547 [INFO] PluginManager:220 - loadIPPluginJar : add genericplugin
2025-03-21 09:00:01,553 [INFO] IPUIPlugin:80 - create IPUIPlugin
2025-03-21 09:00:01,553 [INFO] PluginManager:220 - loadIPPluginJar : add gfxmmu
2025-03-21 09:00:01,564 [INFO] IPUIPlugin:80 - create IPUIPlugin
2025-03-21 09:00:01,564 [INFO] PluginManager:220 - loadIPPluginJar : add gic
2025-03-21 09:00:01,573 [INFO] IPUIPlugin:80 - create IPUIPlugin
2025-03-21 09:00:01,574 [INFO] PluginManager:220 - loadIPPluginJar : add gpio
2025-03-21 09:00:01,581 [INFO] IPUIPlugin:80 - create IPUIPlugin
2025-03-21 09:00:01,581 [INFO] PluginManager:220 - loadIPPluginJar : add gtzc
2025-03-21 09:00:01,587 [INFO] IPUIPlugin:80 - create IPUIPlugin
2025-03-21 09:00:01,588 [INFO] PluginManager:220 - loadIPPluginJar : add hash
2025-03-21 09:00:01,595 [INFO] IPUIPlugin:80 - create IPUIPlugin
2025-03-21 09:00:01,595 [INFO] PluginManager:220 - loadIPPluginJar : add i2c
2025-03-21 09:00:01,603 [INFO] IPUIPlugin:80 - create IPUIPlugin
2025-03-21 09:00:01,604 [INFO] PluginManager:220 - loadIPPluginJar : add i2s
2025-03-21 09:00:01,611 [INFO] IPUIPlugin:80 - create IPUIPlugin
2025-03-21 09:00:01,611 [INFO] PluginManager:220 - loadIPPluginJar : add i3c
2025-03-21 09:00:01,619 [INFO] IPUIPlugin:80 - create IPUIPlugin
2025-03-21 09:00:01,620 [INFO] PluginManager:220 - loadIPPluginJar : add ipddr
2025-03-21 09:00:01,635 [INFO] IPUIPlugin:80 - create IPUIPlugin
2025-03-21 09:00:01,636 [INFO] PluginManager:220 - loadIPPluginJar : add linkedlist
2025-03-21 09:00:01,643 [INFO] IPUIPlugin:80 - create IPUIPlugin
2025-03-21 09:00:01,644 [INFO] PluginManager:220 - loadIPPluginJar : add lorawan
2025-03-21 09:00:01,651 [INFO] IPUIPlugin:80 - create IPUIPlugin
2025-03-21 09:00:01,651 [INFO] PluginManager:220 - loadIPPluginJar : add ltdc
2025-03-21 09:00:01,664 [INFO] IPUIPlugin:80 - create IPUIPlugin
2025-03-21 09:00:01,664 [INFO] PluginManager:220 - loadIPPluginJar : add mdma
2025-03-21 09:00:01,672 [INFO] IPUIPlugin:80 - create IPUIPlugin
2025-03-21 09:00:01,672 [INFO] PluginManager:220 - loadIPPluginJar : add nvic
2025-03-21 09:00:01,680 [INFO] IPUIPlugin:80 - create IPUIPlugin
2025-03-21 09:00:01,680 [INFO] PluginManager:220 - loadIPPluginJar : add opamp
2025-03-21 09:00:01,688 [INFO] IPUIPlugin:80 - create IPUIPlugin
2025-03-21 09:00:01,688 [INFO] PluginManager:220 - loadIPPluginJar : add openamp
2025-03-21 09:00:01,697 [INFO] IPUIPlugin:80 - create IPUIPlugin
2025-03-21 09:00:01,697 [INFO] PluginManager:220 - loadIPPluginJar : add pdm2pcm
2025-03-21 09:00:01,712 [INFO] IPUIPlugin:80 - create IPUIPlugin
2025-03-21 09:00:01,718 [INFO] PluginManager:220 - loadIPPluginJar : add plateformsettings
2025-03-21 09:00:01,723 [INFO] IPUIPlugin:80 - create IPUIPlugin
2025-03-21 09:00:01,723 [INFO] PluginManager:220 - loadIPPluginJar : add quadspi
2025-03-21 09:00:01,728 [INFO] IPUIPlugin:80 - create IPUIPlugin
2025-03-21 09:00:01,730 [INFO] PluginManager:220 - loadIPPluginJar : add radio
2025-03-21 09:00:01,741 [INFO] IPUIPlugin:80 - create IPUIPlugin
2025-03-21 09:00:01,741 [INFO] PluginManager:220 - loadIPPluginJar : add resmgrutility
2025-03-21 09:00:01,749 [INFO] IPUIPlugin:80 - create IPUIPlugin
2025-03-21 09:00:01,749 [INFO] PluginManager:220 - loadIPPluginJar : add sai
2025-03-21 09:00:01,755 [INFO] IPUIPlugin:80 - create IPUIPlugin
2025-03-21 09:00:01,756 [INFO] PluginManager:220 - loadIPPluginJar : add spi
2025-03-21 09:00:01,768 [INFO] IPUIPlugin:80 - create IPUIPlugin
2025-03-21 09:00:01,769 [INFO] PluginManager:220 - loadIPPluginJar : add stm32_wpan
2025-03-21 09:00:01,773 [INFO] IPUIPlugin:80 - create IPUIPlugin
2025-03-21 09:00:01,774 [INFO] PluginManager:220 - loadIPPluginJar : add tim
2025-03-21 09:00:01,781 [INFO] IPUIPlugin:80 - create IPUIPlugin
2025-03-21 09:00:01,782 [INFO] PluginManager:220 - loadIPPluginJar : add touchsensing
2025-03-21 09:00:01,788 [INFO] IPUIPlugin:80 - create IPUIPlugin
2025-03-21 09:00:01,788 [INFO] PluginManager:220 - loadIPPluginJar : add tracer_emb
2025-03-21 09:00:01,794 [INFO] IPUIPlugin:80 - create IPUIPlugin
2025-03-21 09:00:01,794 [INFO] PluginManager:220 - loadIPPluginJar : add ts
2025-03-21 09:00:01,800 [INFO] IPUIPlugin:80 - create IPUIPlugin
2025-03-21 09:00:01,800 [INFO] PluginManager:220 - loadIPPluginJar : add tsc
2025-03-21 09:00:01,806 [INFO] IPUIPlugin:80 - create IPUIPlugin
2025-03-21 09:00:01,806 [INFO] PluginManager:220 - loadIPPluginJar : add ucpd
2025-03-21 09:00:01,813 [INFO] IPUIPlugin:80 - create IPUIPlugin
2025-03-21 09:00:01,814 [INFO] PluginManager:220 - loadIPPluginJar : add usart
2025-03-21 09:00:01,821 [INFO] IPUIPlugin:80 - create IPUIPlugin
2025-03-21 09:00:01,821 [INFO] PluginManager:220 - loadIPPluginJar : add usbx
2025-03-21 09:00:02,072 [INFO] CADModel:165 - CPN selected for project level
2025-03-21 09:00:02,073 [INFO] CADModel:114 - Register for checkConnection events
2025-03-21 09:00:02,073 [FATAL] Updater:334 - Updater called before beeing initialized
2025-03-21 09:00:02,073 [ERROR] CADModel:125 - Updater not yet initialized, retry later 
2025-03-21 09:00:02,419 [INFO] CADModel:165 - CPN selected for project level
2025-03-21 09:00:02,419 [INFO] CADModel:114 - Register for checkConnection events
2025-03-21 09:00:02,420 [FATAL] Updater:334 - Updater called before beeing initialized
2025-03-21 09:00:02,420 [ERROR] CADModel:125 - Updater not yet initialized, retry later 
2025-03-21 09:00:02,426 [FATAL] Updater:334 - Updater called before beeing initialized
2025-03-21 09:00:02,729 [FATAL] Updater:334 - Updater called before beeing initialized
2025-03-21 09:00:02,739 [INFO] DbMcusAds:53 - JSON generation date=Thu Mar 06 15:54:21 CET 2025 (1741272861825)
2025-03-21 09:00:02,739 [FATAL] Updater:334 - Updater called before beeing initialized
2025-03-21 09:00:02,845 [WARN] DetailPanel:346 - Failed to get advertising image, set to default
2025-03-21 09:00:02,970 [INFO] ThirdPartyUpdaterWithRetryManager:70 - Updater plugin not ready yet. [2/15]
2025-03-21 09:00:03,176 [FATAL] Updater:334 - Updater called before beeing initialized
2025-03-21 09:00:03,180 [FATAL] Updater:334 - Updater called before beeing initialized
2025-03-21 09:00:03,180 [FATAL] Updater:334 - Updater called before beeing initialized
2025-03-21 09:00:03,181 [WARN] DetailPanel:346 - Failed to get advertising image, set to default
2025-03-21 09:00:03,182 [FATAL] Updater:334 - Updater called before beeing initialized
2025-03-21 09:00:03,311 [ERROR] Updater:1164 - MainUpdater not yet initialized. External WinMGr cannot be set.
2025-03-21 09:00:03,316 [INFO] Updater:1100 - Updater Version found : 6.12.0
2025-03-21 09:00:03,355 [INFO] ApplicationProperties:184 - Using Application install path: C:\ST\STM32CubeIDE_1.13.1\STM32CubeIDE\plugins\com.st.stm32cube.common.mx_6.12.0.202406281431
2025-03-21 09:00:04,956 [ERROR] LogOutputStream:75 - [STDERR_REDIRECT] Mar 21, 2025 9:00:04 AM java.util.prefs.WindowsPreferences <init>
2025-03-21 09:00:04,965 [ERROR] LogOutputStream:75 - [STDERR_REDIRECT] WARNING: Could not open/create prefs root node Software\JavaSoft\Prefs at root 0xffffffff80000002. Windows RegCreateKeyEx(...) returned error code 5.
2025-03-21 09:00:04,965 [ERROR] LogOutputStream:75 - [STDERR_REDIRECT] 
2025-03-21 09:00:05,844 [INFO] MainUpdater:2873 - connection check result : 10
2025-03-21 09:00:05,847 [INFO] MainUpdater:290 - Updater Check For Update Now.
2025-03-21 09:00:05,847 [INFO] MicroXplorer:498 - Change Database Version : DB.6.0.120
2025-03-21 09:00:05,865 [INFO] McuFinderGlobals:63 - Set McuFinder mode to 2 (CubeIDE integrated)
2025-03-21 09:00:05,869 [INFO] UserAuth:417 - Internet connection configuration mode: 1
2025-03-21 09:00:05,919 [INFO] JxBrowserEngine:152 - Initiate JxBrowser Engine with user profile folder
2025-03-21 09:00:05,973 [WARN] MainUpdater:1194 - Updater busy. Cannot search thirdparties
2025-03-21 09:00:05,974 [INFO] ThirdPartyUpdaterWithRetryManager:96 - Updater plugin is busy. [1/15]
2025-03-21 09:00:06,242 [INFO] CheckServerUpdateThread:120 - End of CheckServer Thread
2025-03-21 09:00:08,657 [INFO] WebApp:167 - Instantiating new browser for Auth
2025-03-21 09:00:10,091 [WARN] PackLoader:240 - Cannot read IP mode file for STMicroelectronics.FP-SNS-MOTENVWB1.1.4.0
2025-03-21 09:00:10,111 [WARN] PackLoader:240 - Cannot read IP mode file for STMicroelectronics.FP-ATR-ASTRA1.2.0.2
2025-03-21 09:00:10,135 [WARN] PackLoader:240 - Cannot read IP mode file for STMicroelectronics.FP-ATR-ASTRA1.2.0.1
2025-03-21 09:00:10,154 [WARN] PackLoader:240 - Cannot read IP mode file for STMicroelectronics.X-CUBE-SMBUS.2.1.0
2025-03-21 09:00:10,173 [WARN] PackLoader:240 - Cannot read IP mode file for STMicroelectronics.X-CUBE-WB05N.1.1.0
2025-03-21 09:00:10,188 [WARN] PackLoader:240 - Cannot read IP mode file for STMicroelectronics.X-CUBE-TOUCHGFX.4.23.1
2025-03-21 09:00:10,197 [WARN] PackLoader:240 - Cannot read IP mode file for STMicroelectronics.X-CUBE-TOUCHGFX.4.23.0
2025-03-21 09:00:10,206 [WARN] PackLoader:240 - Cannot read IP mode file for STMicroelectronics.X-CUBE-TOUCHGFX.4.23.2
2025-03-21 09:00:10,278 [WARN] PackLoader:240 - Cannot read IP mode file for STMicroelectronics.X-CUBE-AZRTOS-F7.1.1.0
2025-03-21 09:00:10,303 [WARN] PackLoader:240 - Cannot read IP mode file for STMicroelectronics.FP-SNS-MOTENV1.4.3.2
2025-03-21 09:00:10,441 [WARN] PackLoader:240 - Cannot read IP mode file for STMicroelectronics.X-CUBE-MEMS1.11.0.0
2025-03-21 09:00:10,719 [WARN] PackLoader:240 - Cannot read IP mode file for STMicroelectronics.FP-SNS-FLIGHT1.5.0.2
2025-03-21 09:00:10,735 [WARN] PackLoader:240 - Cannot read IP mode file for STMicroelectronics.X-CUBE-DISPLAY.3.0.0
2025-03-21 09:00:10,754 [WARN] PackLoader:240 - Cannot read IP mode file for STMicroelectronics.X-CUBE-BLE1.7.0.0
2025-03-21 09:00:10,771 [WARN] PackLoader:240 - Cannot read IP mode file for STMicroelectronics.X-CUBE-NFC10.1.0.0
2025-03-21 09:00:10,793 [WARN] PackLoader:240 - Cannot read IP mode file for STMicroelectronics.X-CUBE-BLEMGR.4.0.0
2025-03-21 09:00:10,813 [WARN] PackLoader:240 - Cannot read IP mode file for emotas.I-CUBE-CANOPEN.1.3.0
2025-03-21 09:00:10,820 [WARN] PackLoader:240 - Cannot read IP mode file for STMicroelectronics.X-CUBE-TOUCHGFX.4.22.1
2025-03-21 09:00:10,836 [WARN] PackLoader:240 - Cannot read IP mode file for STMicroelectronics.X-CUBE-BLEMGR.3.1.0
2025-03-21 09:00:10,855 [WARN] PackLoader:240 - Cannot read IP mode file for STMicroelectronics.X-CUBE-AI.10.0.0
2025-03-21 09:00:11,083 [WARN] PackLoader:240 - Cannot read IP mode file for STMicroelectronics.FP-SNS-SMARTAG2.1.2.0
2025-03-21 09:00:11,091 [ERROR] Engine:466 - C:\Users\hugoc\.stm32cubemx\thirdparties\pdsc\STMicroelectronics.FP-SNS-FLIGHT1.5.1.0.pdsc: PDSC version is not supported
2025-03-21 09:00:11,178 [WARN] PackLoader:240 - Cannot read IP mode file for STMicroelectronics.X-CUBE-MEMS1.11.1.0
2025-03-21 09:00:11,424 [INFO] LogOutputStream:77 - [STDOUT_REDIRECT] 1 : Invalid condition id : UX_CORESTACK_Condition cause : null
2025-03-21 09:00:11,425 [INFO] LogOutputStream:77 - [STDOUT_REDIRECT] 1 : Invalid condition id : UX_CORESTACK_Condition cause : null
2025-03-21 09:00:11,428 [INFO] LogOutputStream:77 - [STDOUT_REDIRECT] 1 : Invalid condition id : UX_CORESTACK_Condition cause : null
2025-03-21 09:00:11,433 [INFO] LogOutputStream:77 - [STDOUT_REDIRECT] 1 : Invalid condition id : UX_CORESTACK_Condition cause : null
2025-03-21 09:00:11,437 [INFO] LogOutputStream:77 - [STDOUT_REDIRECT] 1 : Invalid condition id : UX_CORESTACK_Condition cause : null
2025-03-21 09:00:11,443 [WARN] PackLoader:240 - Cannot read IP mode file for STMicroelectronics.X-CUBE-AZRTOS-WL.2.0.0
2025-03-21 09:00:11,454 [WARN] PackLoader:240 - Cannot read IP mode file for STMicroelectronics.FP-SNS-MOTENV1.5.0.0
2025-03-21 09:00:11,468 [WARN] PackLoader:240 - Cannot read IP mode file for wolfSSL.I-CUBE-wolfMQTT.1.19.0
2025-03-21 09:00:11,489 [WARN] PackLoader:240 - Cannot read IP mode file for WES.I-CUBE-Cesium.1.3.0
2025-03-21 09:00:11,502 [WARN] PackLoader:240 - Cannot read IP mode file for STMicroelectronics.X-CUBE-BLE2.3.3.0
2025-03-21 09:00:11,516 [WARN] PackLoader:240 - Cannot read IP mode file for STMicroelectronics.X-CUBE-NFC9.1.0.0
2025-03-21 09:00:11,527 [WARN] PackLoader:240 - Cannot read IP mode file for STMicroelectronics.X-CUBE-BLE1.7.1.0
2025-03-21 09:00:11,543 [WARN] PackLoader:240 - Cannot read IP mode file for STMicroelectronics.X-CUBE-TCPP.4.1.0
2025-03-21 09:00:11,558 [WARN] PackLoader:240 - Cannot read IP mode file for STMicroelectronics.X-CUBE-ALGOBUILD.1.3.0
2025-03-21 09:00:11,597 [WARN] PackLoader:240 - Cannot read IP mode file for STMicroelectronics.X-CUBE-AZRTOS-G0.1.1.0
2025-03-21 09:00:11,616 [WARN] PackLoader:240 - Cannot read IP mode file for STMicroelectronics.X-CUBE-SAFEA1.1.2.2
2025-03-21 09:00:11,631 [WARN] PackLoader:240 - Cannot read IP mode file for STMicroelectronics.X-CUBE-NFC4.3.0.0
2025-03-21 09:00:11,642 [WARN] PackLoader:240 - Cannot read IP mode file for wolfSSL.I-CUBE-wolfMQTT.1.18.0
2025-03-21 09:00:11,662 [WARN] PackLoader:240 - Cannot read IP mode file for EmbeddedOffice.I-CUBE-FS-RTOS.1.0.1
2025-03-21 09:00:11,663 [ERROR] ConditionMgr:805 - Attr not supported : Dmpu
2025-03-21 09:00:11,663 [ERROR] ConditionMgr:805 - Attr not supported : Dmpu
2025-03-21 09:00:11,663 [ERROR] ConditionMgr:805 - Attr not supported : Dmpu
2025-03-21 09:00:11,664 [ERROR] ConditionMgr:805 - Attr not supported : Dmpu
2025-03-21 09:00:11,664 [ERROR] ConditionMgr:805 - Attr not supported : Dmpu
2025-03-21 09:00:11,664 [ERROR] ConditionMgr:805 - Attr not supported : Dmpu
2025-03-21 09:00:11,664 [ERROR] ConditionMgr:805 - Attr not supported : Dmpu
2025-03-21 09:00:11,664 [ERROR] ConditionMgr:805 - Attr not supported : Dmpu
2025-03-21 09:00:11,664 [ERROR] ConditionMgr:805 - Attr not supported : Dmpu
2025-03-21 09:00:11,665 [ERROR] ConditionMgr:805 - Attr not supported : Dmpu
2025-03-21 09:00:11,665 [ERROR] ConditionMgr:805 - Attr not supported : Dmpu
2025-03-21 09:00:11,665 [ERROR] ConditionMgr:805 - Attr not supported : Dmpu
2025-03-21 09:00:11,665 [ERROR] ConditionMgr:805 - Attr not supported : Dmpu
2025-03-21 09:00:11,666 [ERROR] ConditionMgr:805 - Attr not supported : Dmpu
2025-03-21 09:00:11,666 [ERROR] ConditionMgr:805 - Attr not supported : Dmpu
2025-03-21 09:00:11,666 [ERROR] ConditionMgr:805 - Attr not supported : Dmpu
2025-03-21 09:00:11,666 [ERROR] ConditionMgr:805 - Attr not supported : Dmpu
2025-03-21 09:00:11,666 [ERROR] ConditionMgr:805 - Attr not supported : Dmpu
2025-03-21 09:00:11,666 [ERROR] ConditionMgr:805 - Attr not supported : Dmpu
2025-03-21 09:00:11,667 [ERROR] ConditionMgr:805 - Attr not supported : Dmpu
2025-03-21 09:00:11,667 [ERROR] ConditionMgr:805 - Attr not supported : Dmpu
2025-03-21 09:00:11,667 [ERROR] ConditionMgr:805 - Attr not supported : Dmpu
2025-03-21 09:00:11,667 [ERROR] ConditionMgr:805 - Attr not supported : Dmpu
2025-03-21 09:00:11,667 [ERROR] ConditionMgr:805 - Attr not supported : Dmpu
2025-03-21 09:00:11,667 [ERROR] ConditionMgr:805 - Attr not supported : Dmpu
2025-03-21 09:00:11,668 [ERROR] ConditionMgr:805 - Attr not supported : Dmpu
2025-03-21 09:00:11,668 [ERROR] ConditionMgr:805 - Attr not supported : Dmpu
2025-03-21 09:00:11,668 [ERROR] ConditionMgr:805 - Attr not supported : Dmpu
2025-03-21 09:00:11,668 [ERROR] ConditionMgr:805 - Attr not supported : Dmpu
2025-03-21 09:00:11,668 [ERROR] ConditionMgr:805 - Attr not supported : Dmpu
2025-03-21 09:00:11,668 [ERROR] ConditionMgr:805 - Attr not supported : Dmpu
2025-03-21 09:00:11,669 [ERROR] ConditionMgr:805 - Attr not supported : Dmpu
2025-03-21 09:00:11,669 [ERROR] ConditionMgr:805 - Attr not supported : Dmpu
2025-03-21 09:00:11,669 [ERROR] ConditionMgr:805 - Attr not supported : Dmpu
2025-03-21 09:00:11,669 [ERROR] ConditionMgr:805 - Attr not supported : Dmpu
2025-03-21 09:00:11,669 [ERROR] ConditionMgr:805 - Attr not supported : Dmpu
2025-03-21 09:00:11,669 [ERROR] ConditionMgr:805 - Attr not supported : Dmpu
2025-03-21 09:00:11,670 [ERROR] ConditionMgr:805 - Attr not supported : Dmpu
2025-03-21 09:00:11,670 [ERROR] ConditionMgr:805 - Attr not supported : Dmpu
2025-03-21 09:00:11,670 [ERROR] ConditionMgr:805 - Attr not supported : Dmpu
2025-03-21 09:00:11,670 [ERROR] ConditionMgr:805 - Attr not supported : Dmpu
2025-03-21 09:00:11,670 [ERROR] ConditionMgr:805 - Attr not supported : Dmpu
2025-03-21 09:00:11,670 [ERROR] ConditionMgr:805 - Attr not supported : Dmpu
2025-03-21 09:00:11,670 [ERROR] ConditionMgr:805 - Attr not supported : Dmpu
2025-03-21 09:00:11,671 [ERROR] ConditionMgr:805 - Attr not supported : Dmpu
2025-03-21 09:00:11,671 [ERROR] ConditionMgr:805 - Attr not supported : Dmpu
2025-03-21 09:00:11,671 [ERROR] ConditionMgr:805 - Attr not supported : Dmpu
2025-03-21 09:00:11,671 [ERROR] ConditionMgr:805 - Attr not supported : Dmpu
2025-03-21 09:00:11,671 [ERROR] ConditionMgr:805 - Attr not supported : Dmpu
2025-03-21 09:00:11,672 [ERROR] ConditionMgr:805 - Attr not supported : Dmpu
2025-03-21 09:00:11,672 [ERROR] ConditionMgr:805 - Attr not supported : Dmpu
2025-03-21 09:00:11,672 [ERROR] ConditionMgr:805 - Attr not supported : Dmpu
2025-03-21 09:00:11,672 [ERROR] ConditionMgr:805 - Attr not supported : Dmpu
2025-03-21 09:00:11,672 [ERROR] ConditionMgr:805 - Attr not supported : Dmpu
2025-03-21 09:00:11,672 [ERROR] ConditionMgr:805 - Attr not supported : Dmpu
2025-03-21 09:00:11,672 [ERROR] ConditionMgr:805 - Attr not supported : Dmpu
2025-03-21 09:00:11,673 [ERROR] ConditionMgr:805 - Attr not supported : Dmpu
2025-03-21 09:00:11,673 [ERROR] ConditionMgr:805 - Attr not supported : Dmpu
2025-03-21 09:00:11,673 [ERROR] ConditionMgr:805 - Attr not supported : Dmpu
2025-03-21 09:00:11,673 [ERROR] ConditionMgr:805 - Attr not supported : Dmpu
2025-03-21 09:00:11,673 [ERROR] ConditionMgr:805 - Attr not supported : Dmpu
2025-03-21 09:00:11,673 [ERROR] ConditionMgr:805 - Attr not supported : Dmpu
2025-03-21 09:00:11,674 [ERROR] ConditionMgr:805 - Attr not supported : Dmpu
2025-03-21 09:00:11,674 [ERROR] ConditionMgr:805 - Attr not supported : Dmpu
2025-03-21 09:00:11,691 [WARN] PackLoader:240 - Cannot read IP mode file for STMicroelectronics.X-CUBE-BLEMGR.3.0.0
2025-03-21 09:00:11,704 [ERROR] Engine:466 - C:\Users\hugoc\.stm32cubemx\thirdparties\pdsc\STMicroelectronics.X-CUBE-TCPP.4.2.0.pdsc: PDSC version is not supported
2025-03-21 09:00:11,719 [WARN] PackLoader:240 - Cannot read IP mode file for RealThread.X-CUBE-RT-Thread_Nano.4.1.1
2025-03-21 09:00:11,738 [WARN] PackLoader:240 - Cannot read IP mode file for STMicroelectronics.FP-ATR-SIGFOX1.3.2.0
2025-03-21 09:00:11,762 [WARN] ConditionMgr:438 - getConditionDescription Invalid condition id : Cortex-A Device cause : null
2025-03-21 09:00:11,944 [WARN] ConditionMgr:1039 - genDependencies : Invalid condition id : Cortex-A Device cause : null
2025-03-21 09:00:11,945 [WARN] ConditionMgr:1039 - genDependencies : Invalid condition id : Cortex-A Device cause : null
2025-03-21 09:00:11,946 [WARN] ConditionMgr:1039 - genDependencies : Invalid condition id : Cortex-A Device cause : null
2025-03-21 09:00:11,963 [WARN] PackLoader:240 - Cannot read IP mode file for STMicroelectronics.X-CUBE-EEPRMA1.5.1.0
2025-03-21 09:00:12,021 [WARN] PackLoader:240 - Cannot read IP mode file for SEGGER.I-CUBE-embOS.1.3.1
2025-03-21 09:00:12,098 [WARN] PackLoader:240 - Cannot read IP mode file for STMicroelectronics.X-CUBE-ALGOBUILD.1.4.0
2025-03-21 09:00:12,106 [WARN] PackLoader:240 - Cannot read IP mode file for STMicroelectronics.X-CUBE-AI.9.1.0
2025-03-21 09:00:12,118 [WARN] PackLoader:240 - Cannot read IP mode file for STMicroelectronics.X-CUBE-GNSS1.6.0.0
2025-03-21 09:00:12,151 [WARN] PackLoader:240 - Cannot read IP mode file for STMicroelectronics.X-CUBE-AZRTOS-F4.1.1.0
2025-03-21 09:00:12,165 [WARN] PackLoader:240 - Cannot read IP mode file for wolfSSL.I-CUBE-wolfSSL.5.6.3
2025-03-21 09:00:12,175 [WARN] PackLoader:240 - Cannot read IP mode file for STMicroelectronics.X-CUBE-ISPU.2.1.0
2025-03-21 09:00:12,188 [WARN] PackLoader:240 - Cannot read IP mode file for STMicroelectronics.X-CUBE-FREERTOS.1.2.0
2025-03-21 09:00:12,222 [WARN] PackLoader:240 - Cannot read IP mode file for STMicroelectronics.X-CUBE-AZRTOS-L5.2.0.0
2025-03-21 09:00:12,236 [WARN] PackLoader:240 - Cannot read IP mode file for STMicroelectronics.X-CUBE-EEPRMA1.4.2.0
2025-03-21 09:00:12,254 [WARN] PackLoader:240 - Cannot read IP mode file for STMicroelectronics.X-CUBE-NFC6.3.1.0
2025-03-21 09:00:12,272 [WARN] PackLoader:240 - Cannot read IP mode file for ITTIA_DB.I-CUBE-ITTIADB.8.8.0
2025-03-21 09:00:12,284 [WARN] PackLoader:240 - Cannot read IP mode file for STMicroelectronics.X-CUBE-BLEMGR.2.0.0
2025-03-21 09:00:12,299 [WARN] PackLoader:240 - Cannot read IP mode file for STMicroelectronics.X-CUBE-DPower.1.2.0
2025-03-21 09:00:12,310 [WARN] PackLoader:240 - Cannot read IP mode file for STMicroelectronics.X-CUBE-AI.9.0.0
2025-03-21 09:00:12,341 [WARN] ConditionMgr:438 - getConditionDescription Invalid condition id : UX DEVICE CLASS RTOS Condition cause : null
2025-03-21 09:00:12,342 [WARN] ConditionMgr:438 - getConditionDescription Invalid condition id : UX DEVICE CLASS RTOS Condition cause : null
2025-03-21 09:00:12,347 [WARN] PackLoader:240 - Cannot read IP mode file for STMicroelectronics.X-CUBE-AZRTOS-H7.3.1.0
2025-03-21 09:00:12,349 [WARN] ConditionMgr:1039 - genDependencies : Invalid condition id : UX DEVICE CLASS RTOS Condition cause : null
2025-03-21 09:00:12,349 [WARN] ConditionMgr:1039 - genDependencies : Invalid condition id : UX DEVICE CLASS RTOS Condition cause : null
2025-03-21 09:00:12,350 [WARN] ConditionMgr:1039 - genDependencies : Invalid condition id : UX DEVICE CLASS RTOS Condition cause : null
2025-03-21 09:00:12,351 [WARN] ConditionMgr:1039 - genDependencies : Invalid condition id : UX DEVICE CLASS RTOS Condition cause : null
2025-03-21 09:00:12,351 [WARN] ConditionMgr:1039 - genDependencies : Invalid condition id : UX DEVICE CLASS RTOS Condition cause : null
2025-03-21 09:00:12,362 [WARN] PackLoader:240 - Cannot read IP mode file for STMicroelectronics.X-CUBE-FREERTOS.1.3.0
2025-03-21 09:00:12,374 [WARN] PackLoader:240 - Cannot read IP mode file for STMicroelectronics.X-CUBE-NFC7.1.0.1
2025-03-21 09:00:12,385 [WARN] PackLoader:240 - Cannot read IP mode file for wolfSSL.I-CUBE-wolfTPM.3.2.0
2025-03-21 09:00:12,397 [WARN] PackLoader:240 - Cannot read IP mode file for STMicroelectronics.X-CUBE-NFC6.3.0.0
2025-03-21 09:00:12,410 [WARN] PackLoader:240 - Cannot read IP mode file for STMicroelectronics.X-CUBE-EEPRMA1.4.1.0
2025-03-21 09:00:12,419 [WARN] PackLoader:240 - Cannot read IP mode file for STMicroelectronics.X-CUBE-AI.8.1.0
2025-03-21 09:00:12,478 [WARN] ConditionMgr:438 - getConditionDescription Invalid condition id : LAN8742 Phy interface Condition cause : null
2025-03-21 09:00:12,479 [WARN] PackLoader:240 - Cannot read IP mode file for STMicroelectronics.X-CUBE-AZRTOS-L4.2.0.0
2025-03-21 09:00:12,481 [WARN] ConditionMgr:1039 - genDependencies : Invalid condition id : LAN8742 Phy interface Condition cause : null
2025-03-21 09:00:12,482 [WARN] ConditionMgr:1039 - genDependencies : Invalid condition id : LAN8742 Phy interface Condition cause : null
2025-03-21 09:00:12,483 [WARN] ConditionMgr:1039 - genDependencies : Invalid condition id : LAN8742 Phy interface Condition cause : null
2025-03-21 09:00:12,498 [WARN] PackLoader:240 - Cannot read IP mode file for STMicroelectronics.X-CUBE-SFXS2LP1.4.0.0
2025-03-21 09:00:12,509 [WARN] PackLoader:240 - Cannot read IP mode file for STMicroelectronics.X-CUBE-ISPU.1.1.0
2025-03-21 09:00:12,543 [WARN] PackLoader:240 - Cannot read IP mode file for STMicroelectronics.X-CUBE-AZRTOS-H7.3.3.0
2025-03-21 09:00:12,571 [WARN] PackLoader:240 - Cannot read IP mode file for STMicroelectronics.X-CUBE-IPS.3.0.0
2025-03-21 09:00:12,602 [WARN] ConditionMgr:438 - getConditionDescription Invalid condition id : UX DEVICE CLASS RTOS Condition cause : null
2025-03-21 09:00:12,602 [WARN] ConditionMgr:438 - getConditionDescription Invalid condition id : UX DEVICE CLASS RTOS Condition cause : null
2025-03-21 09:00:12,606 [WARN] PackLoader:240 - Cannot read IP mode file for STMicroelectronics.X-CUBE-AZRTOS-WB.2.0.0
2025-03-21 09:00:12,608 [WARN] ConditionMgr:1039 - genDependencies : Invalid condition id : UX DEVICE CLASS RTOS Condition cause : null
2025-03-21 09:00:12,608 [WARN] ConditionMgr:1039 - genDependencies : Invalid condition id : UX DEVICE CLASS RTOS Condition cause : null
2025-03-21 09:00:12,609 [WARN] ConditionMgr:1039 - genDependencies : Invalid condition id : UX DEVICE CLASS RTOS Condition cause : null
2025-03-21 09:00:12,609 [WARN] ConditionMgr:1039 - genDependencies : Invalid condition id : UX DEVICE CLASS RTOS Condition cause : null
2025-03-21 09:00:12,609 [WARN] ConditionMgr:1039 - genDependencies : Invalid condition id : UX DEVICE CLASS RTOS Condition cause : null
2025-03-21 09:00:12,619 [WARN] PackLoader:240 - Cannot read IP mode file for STMicroelectronics.X-CUBE-GNSS1.7.0.0
2025-03-21 09:00:12,631 [WARN] PackLoader:240 - Cannot read IP mode file for STMicroelectronics.X-CUBE-GNSS1.7.0.1
2025-03-21 09:00:12,639 [WARN] PackLoader:240 - Cannot read IP mode file for STMicroelectronics.X-CUBE-TOUCHGFX.4.25.0
2025-03-21 09:00:12,653 [WARN] PackLoader:240 - Cannot read IP mode file for STMicroelectronics.FP-SNS-STBOX1.2.0.0
2025-03-21 09:00:12,676 [WARN] PackLoader:240 - Cannot read IP mode file for STMicroelectronics.X-CUBE-SUBG2.5.0.0
2025-03-21 09:00:12,718 [WARN] PackLoader:240 - Cannot read IP mode file for STMicroelectronics.X-CUBE-AZRTOS-H7RS.1.1.0
2025-03-21 09:00:12,742 [WARN] PackLoader:240 - Cannot read IP mode file for STMicroelectronics.X-CUBE-TOF1.3.3.1
2025-03-21 09:00:12,785 [WARN] PackLoader:240 - Cannot read IP mode file for STMicroelectronics.X-CUBE-AZRTOS-G4.2.0.0
2025-03-21 09:00:12,813 [WARN] PackLoader:240 - Cannot read IP mode file for Infineon.AIROC-Wi-Fi-Bluetooth-STM32.1.5.1
2025-03-21 09:00:12,826 [WARN] PackLoader:240 - Cannot read IP mode file for STMicroelectronics.FP-SNS-MOTENVWB1.1.3.1
2025-03-21 09:00:12,836 [WARN] PackLoader:240 - Cannot read IP mode file for STMicroelectronics.X-CUBE-ISPU.2.0.0
2025-03-21 09:00:12,846 [ERROR] Engine:466 - C:\Users\hugoc\.stm32cubemx\thirdparties\pdsc\STMicroelectronics.X-CUBE-IPS.3.1.0.pdsc: PDSC version is not supported
2025-03-21 09:00:12,857 [WARN] PackLoader:240 - Cannot read IP mode file for STMicroelectronics.X-CUBE-ALS.1.0.2
2025-03-21 09:00:12,925 [WARN] PackLoader:240 - Cannot read IP mode file for STMicroelectronics.X-CUBE-MEMS1.10.0.0
2025-03-21 09:00:13,147 [WARN] PackLoader:240 - Cannot read IP mode file for STMicroelectronics.X-CUBE-FREERTOS.1.1.0
2025-03-21 09:00:13,161 [WARN] PackLoader:240 - Cannot read IP mode file for STMicroelectronics.X-CUBE-TOUCHGFX.4.24.0
2025-03-21 09:00:13,169 [WARN] PackLoader:240 - Cannot read IP mode file for STMicroelectronics.X-CUBE-TOUCHGFX.4.24.2
2025-03-21 09:00:13,183 [WARN] PackLoader:240 - Cannot read IP mode file for STMicroelectronics.X-CUBE-TOUCHGFX.4.24.1
2025-03-21 09:00:13,200 [WARN] PackLoader:240 - Cannot read IP mode file for portGmbH.I-Cube-SoM-uGOAL.1.1.0
2025-03-21 09:00:13,211 [WARN] PackLoader:240 - Cannot read IP mode file for STMicroelectronics.X-CUBE-ALS.1.0.1
2025-03-21 09:00:13,212 [INFO] WebApp:448 - Apply proxy settings
2025-03-21 09:00:13,213 [INFO] WebApp:533 - Chromium requires no authentication
2025-03-21 09:00:13,240 [INFO] WebApp:476 - Direct internet connection detected
2025-03-21 09:00:13,242 [WARN] PackLoader:240 - Cannot read IP mode file for STMicroelectronics.X-CUBE-AZRTOS-H7RS.1.0.0
2025-03-21 09:00:13,253 [WARN] PackLoader:240 - Cannot read IP mode file for STMicroelectronics.FP-ATR-ASTRA1.2.0.0
2025-03-21 09:00:13,270 [WARN] PackLoader:240 - Cannot read IP mode file for STMicroelectronics.X-CUBE-TOF1.3.4.2
2025-03-21 09:00:13,310 [WARN] PackLoader:240 - Cannot read IP mode file for STMicroelectronics.X-CUBE-TOF1.3.4.0
2025-03-21 09:00:13,343 [WARN] PackLoader:240 - Cannot read IP mode file for STMicroelectronics.X-CUBE-TOF1.3.4.1
2025-03-21 09:00:13,379 [INFO] WebApp:869 - Register for checkConnection events
2025-03-21 09:00:13,379 [INFO] WebApp:448 - Apply proxy settings
2025-03-21 09:00:13,380 [INFO] WebApp:533 - Chromium requires no authentication
2025-03-21 09:00:13,382 [INFO] WebApp:476 - Direct internet connection detected
2025-03-21 09:00:13,412 [WARN] PackLoader:240 - Cannot read IP mode file for STMicroelectronics.X-CUBE-AZRTOS-H7.3.2.0
2025-03-21 09:00:13,429 [WARN] PackLoader:240 - Cannot read IP mode file for wolfSSL.I-CUBE-wolfSSH.1.4.17
2025-03-21 09:00:13,430 [INFO] ThirdParty:978 - Integrity check success = true
2025-03-21 09:00:13,431 [INFO] IntegrityCheckThread:100 - exiting critical section [integrity check]
2025-03-21 09:00:13,431 [INFO] IntegrityCheckThread:103 - End integrity checks thread
2025-03-21 09:00:14,150 [INFO] WebApp:186 - Connection restablished
2025-03-21 09:00:14,222 [INFO] WebApp:220 - Starting web application
2025-03-21 09:00:14,222 [INFO] WebApp:578 - Web application path used C:\ST\STM32CubeIDE_1.13.1\STM32CubeIDE\plugins\com.st.stm32cube.common.mx_6.12.0.202406281431\db\plugins\mcufinder\reactClient1\index.html
2025-03-21 09:00:14,820 [INFO] UserAuth:417 - Internet connection configuration mode: 1
2025-03-21 09:00:28,728 [INFO] McuFinderGlobals:63 - Set McuFinder mode to 2 (CubeIDE integrated)
2025-03-21 09:00:28,760 [INFO] MainUpdater:2873 - connection check result : 10
2025-03-21 09:00:28,764 [INFO] MainUpdater:2873 - connection check result : 10
2025-03-21 09:00:28,974 [INFO] RulesReader:64 - Compatibility file has been processed (297 Rules)
2025-03-21 09:00:29,015 [INFO] RulesReader:64 - Compatibility file has been processed (297 Rules)
2025-03-21 09:00:29,024 [INFO] MicroXplorer:468 - Change Database Path : 
2025-03-21 09:00:29,025 [INFO] MicroXplorer:498 - Change Database Version : DB.6.0.120
2025-03-21 09:00:29,036 [WARN] ThirdParty:871 - waiting for thirdparty lock release [close project]
2025-03-21 09:00:29,036 [INFO] ThirdParty:873 - entering critical section [close project]
2025-03-21 09:00:29,038 [INFO] ThirdParty:883 - exiting critical section [close project]
2025-03-21 09:00:29,041 [INFO] PinOutPanel:1561 - setPackage(No Configuration,No Configuration)
2025-03-21 09:00:29,050 [INFO] UtilMem:75 - Begin LoadConfig() Used Memory: 431366208 Bytes (591396864)
2025-03-21 09:00:29,055 [INFO] MicroXplorer:468 - Change Database Path : 
2025-03-21 09:00:29,055 [INFO] MicroXplorer:498 - Change Database Version : DB.6.0.120
2025-03-21 09:00:29,055 [INFO] OpenFileManager:332 - Change cursor
2025-03-21 09:00:29,081 [INFO] ThirdPartyDownloadManager:103 - Found SW packSTMicroelectronics.X-CUBE-AI.10.0.0up-to-date on disk
2025-03-21 09:00:29,158 [INFO] Mcu:2032 - Initializing MCU STM32L4R9A(G-I)Ix STM32L4R9AIIx STM32L4R9AII6
2025-03-21 09:00:42,100 [INFO] Context:742 - Trying to add GPIOservice into a context  which must be forbidden
2025-03-21 09:00:43,651 [INFO] ApiDbMcu:508 - Load IP Config File for STMicroelectronics.X-CUBE-AI.10.0.0
2025-03-21 09:00:44,640 [INFO] RtosManager:555 - Registered RTOS mode: class=CMSIS, group=RTOS, mode=CMSIS_V1, owner=FREERTOS
2025-03-21 09:00:44,641 [INFO] RtosManager:555 - Registered RTOS mode: class=CMSIS, group=RTOS2, mode=CMSIS_V2, owner=FREERTOS
2025-03-21 09:00:44,641 [INFO] RtosManager:555 - Registered RTOS mode: class=RTOS, group=Core, mode=CMSIS_V1, owner=FREERTOS
2025-03-21 09:00:44,641 [INFO] RtosManager:555 - Registered RTOS mode: class=RTOS, group=Core, mode=CMSIS_V2, owner=FREERTOS
2025-03-21 09:00:44,642 [WARN] ModelIntegratedComponent:184 - Missing modes for component STMicroelectronics:FreeRTOS:0.0.1:STMicroelectronics:RTOS:FreeRTOS:Core:::10.2.0:
2025-03-21 09:00:44,659 [WARN] ModelIntegratedComponent:63 - No mode defined for component null
2025-03-21 09:00:44,659 [WARN] ModelIntegratedComponent:63 - No mode defined for component null
2025-03-21 09:00:44,660 [WARN] ModelIntegratedComponent:63 - No mode defined for component null
2025-03-21 09:00:44,660 [WARN] ModelIntegratedComponent:63 - No mode defined for component null
2025-03-21 09:00:44,660 [WARN] ModelIntegratedComponent:63 - No mode defined for component null
2025-03-21 09:00:44,660 [WARN] ModelIntegratedComponent:63 - No mode defined for component null
2025-03-21 09:00:44,660 [WARN] ModelIntegratedComponent:63 - No mode defined for component null
2025-03-21 09:00:44,660 [WARN] ModelIntegratedComponent:63 - No mode defined for component null
2025-03-21 09:00:44,661 [WARN] ModelIntegratedComponent:63 - No mode defined for component null
2025-03-21 09:00:44,661 [WARN] ModelIntegratedComponent:63 - No mode defined for component null
2025-03-21 09:00:44,661 [WARN] ModelIntegratedComponent:63 - No mode defined for component null
2025-03-21 09:00:44,661 [WARN] ModelIntegratedComponent:63 - No mode defined for component null
2025-03-21 09:00:44,661 [WARN] ModelIntegratedComponent:63 - No mode defined for component null
2025-03-21 09:00:44,661 [WARN] ModelIntegratedComponent:63 - No mode defined for component null
2025-03-21 09:00:44,661 [WARN] ModelIntegratedComponent:63 - No mode defined for component null
2025-03-21 09:00:44,661 [WARN] ModelIntegratedComponent:63 - No mode defined for component null
2025-03-21 09:00:44,662 [WARN] ModelIntegratedComponent:63 - No mode defined for component null
2025-03-21 09:00:44,662 [WARN] ModelIntegratedComponent:63 - No mode defined for component null
2025-03-21 09:00:44,662 [WARN] ModelIntegratedComponent:63 - No mode defined for component null
2025-03-21 09:00:44,662 [WARN] ModelIntegratedComponent:63 - No mode defined for component null
2025-03-21 09:00:44,662 [WARN] ModelIntegratedComponent:63 - No mode defined for component null
2025-03-21 09:00:44,662 [WARN] ModelIntegratedComponent:63 - No mode defined for component null
2025-03-21 09:00:44,662 [WARN] ModelIntegratedComponent:63 - No mode defined for component null
2025-03-21 09:00:44,663 [WARN] ModelIntegratedComponent:63 - No mode defined for component null
2025-03-21 09:00:44,663 [WARN] ModelIntegratedComponent:63 - No mode defined for component null
2025-03-21 09:00:44,663 [WARN] ModelIntegratedComponent:63 - No mode defined for component null
2025-03-21 09:00:44,663 [WARN] ModelIntegratedComponent:63 - No mode defined for component null
2025-03-21 09:00:44,663 [WARN] ModelIntegratedComponent:63 - No mode defined for component null
2025-03-21 09:00:44,663 [WARN] ModelIntegratedComponent:63 - No mode defined for component null
2025-03-21 09:00:44,663 [WARN] ModelIntegratedComponent:63 - No mode defined for component null
2025-03-21 09:00:44,664 [WARN] ModelIntegratedComponent:63 - No mode defined for component null
2025-03-21 09:00:44,664 [WARN] ModelIntegratedComponent:63 - No mode defined for component null
2025-03-21 09:00:44,664 [WARN] ModelIntegratedComponent:63 - No mode defined for component null
2025-03-21 09:00:44,664 [WARN] ModelIntegratedComponent:63 - No mode defined for component null
2025-03-21 09:00:44,664 [WARN] ModelIntegratedComponent:63 - No mode defined for component null
2025-03-21 09:00:44,665 [WARN] ModelPack:524 - Component already loaded: STMicroelectronics:HAL Drivers:0.0.0:STMicroelectronics:Device:STMicro_Driver:XSPI:HAL::0.0.1:HAL_XSPI
2025-03-21 09:00:45,481 [INFO] IPUIPlugin:80 - create IPUIPlugin
2025-03-21 09:00:45,525 [INFO] PluginManager:220 - loadIPPluginJar : add ai.10.0.0
2025-03-21 09:00:47,241 [INFO] Middleware:612 - instanceName : STMicroelectronics.X-CUBE-AI.10.0.0 bspName : COM Port check condition failed for : !SEMDeviceJjApplicationJjApplicationTemplate
2025-03-21 09:00:47,242 [INFO] Middleware:612 - instanceName : STMicroelectronics.X-CUBE-AI.10.0.0 bspName : COM Port check condition failed for : !SEMDeviceJjApplicationJjApplicationTemplate
2025-03-21 09:00:47,242 [INFO] Middleware:612 - instanceName : STMicroelectronics.X-CUBE-AI.10.0.0 bspName : COM Port check condition failed for : !SEMDeviceJjApplicationJjApplicationTemplate
2025-03-21 09:00:47,293 [INFO] ThirdPartyModel:298 - Start build external matchings
2025-03-21 09:00:51,084 [INFO] ThirdPartyModel:316 - End build external matchings
2025-03-21 09:00:51,222 [INFO] ImportTextPane:205 - (OptionalMessage_ERROR) IP (RCC) : Parameter (DSIFreq_Value) has invalid value (64000000)
2025-03-21 09:00:51,222 [INFO] ImportTextPane:205 - (OptionalMessage_ERROR) IP (RCC) : Parameter (DSIRXEscFreq_Value) has invalid value (100000000)
2025-03-21 09:00:51,223 [INFO] ImportTextPane:205 - (OptionalMessage_ERROR) IP (RCC) : Invalid parameter (FamilyName)
2025-03-21 09:00:51,223 [INFO] ImportTextPane:205 - (OptionalMessage_ERROR) IP (RCC) : Invalid parameter (LTDCCLKoutputFreq_Value)
2025-03-21 09:00:51,224 [INFO] ImportTextPane:205 - (OptionalMessage_ERROR) IP (RCC) : Parameter (PLLDSIFreq_Value) has invalid value (512000000)
2025-03-21 09:00:51,224 [INFO] ImportTextPane:205 - (OptionalMessage_ERROR) IP (RCC) : Parameter (PLLDSIVCOFreq_Value) has invalid value (1024000000)
2025-03-21 09:00:51,226 [INFO] ImportTextPane:205 - (OptionalMessage_ERROR) IP (RCC) : Invalid parameter (SDIOFreq_Value)
2025-03-21 09:00:51,242 [INFO] ImportTextPane:205 - (OptionalMessage_ERROR) IP (STMicroelectronics.X-CUBE-AI.10.0.0) : Parameter (ModelName) has Id (e7202a7dc3442564aff9ae2f839d331ee249c720a91223bedd371705b8eea04d) currently not set
2025-03-21 09:00:51,242 [INFO] ImportTextPane:205 - (OptionalMessage_ERROR) IP (STMicroelectronics.X-CUBE-AI.10.0.0) : Parameter (ModelKind) has Id (e7202a7dc3442564aff9ae2f839d331ee249c720a91223bedd371705b8eea04d) currently not set
2025-03-21 09:00:51,242 [INFO] ImportTextPane:205 - (OptionalMessage_ERROR) IP (STMicroelectronics.X-CUBE-AI.10.0.0) : Parameter (ModelCompression) has Id (e7202a7dc3442564aff9ae2f839d331ee249c720a91223bedd371705b8eea04d) currently not set
2025-03-21 09:00:51,243 [INFO] ImportTextPane:205 - (OptionalMessage_ERROR) IP (STMicroelectronics.X-CUBE-AI.10.0.0) : Parameter (ModelStructureFile) has Id (e7202a7dc3442564aff9ae2f839d331ee249c720a91223bedd371705b8eea04d) currently not set
2025-03-21 09:00:51,243 [INFO] ImportTextPane:205 - (OptionalMessage_ERROR) IP (STMicroelectronics.X-CUBE-AI.10.0.0) : Invalid parameter (LatestDirectoryUsed)
2025-03-21 09:00:51,243 [INFO] ImportTextPane:205 - (OptionalMessage_ERROR) IP (STMicroelectronics.X-CUBE-AI.10.0.0) : Invalid parameter (ValidationInputFileHistory)
2025-03-21 09:00:51,243 [INFO] ImportTextPane:205 - (OptionalMessage_ERROR) IP (STMicroelectronics.X-CUBE-AI.10.0.0) : Parameter (ModelActualCompression) has Id (e7202a7dc3442564aff9ae2f839d331ee249c720a91223bedd371705b8eea04d) currently not set
2025-03-21 09:00:51,243 [INFO] ImportTextPane:205 - (OptionalMessage_ERROR) IP (STMicroelectronics.X-CUBE-AI.10.0.0) : Parameter (ModelFlashOccupation) has Id (e7202a7dc3442564aff9ae2f839d331ee249c720a91223bedd371705b8eea04d) currently not set
2025-03-21 09:00:51,244 [INFO] ImportTextPane:205 - (OptionalMessage_ERROR) IP (STMicroelectronics.X-CUBE-AI.10.0.0) : Parameter (ModelMacc) has Id (e7202a7dc3442564aff9ae2f839d331ee249c720a91223bedd371705b8eea04d) currently not set
2025-03-21 09:00:51,244 [INFO] ImportTextPane:205 - (OptionalMessage_ERROR) IP (STMicroelectronics.X-CUBE-AI.10.0.0) : Parameter (ModelRamOccupation) has Id (e7202a7dc3442564aff9ae2f839d331ee249c720a91223bedd371705b8eea04d) currently not set
2025-03-21 09:00:51,244 [INFO] ImportTextPane:205 - (OptionalMessage_ERROR) IP (STMicroelectronics.X-CUBE-AI.10.0.0) : Parameter (ModelType) has Id (e7202a7dc3442564aff9ae2f839d331ee249c720a91223bedd371705b8eea04d) currently not set
2025-03-21 09:00:51,244 [INFO] ImportTextPane:205 - (OptionalMessage_ERROR) IP (STMicroelectronics.X-CUBE-AI.10.0.0) : Invalid parameter (ValidationOutputFileHistory)
2025-03-21 09:00:51,244 [INFO] ImportTextPane:205 - (OptionalMessage_ERROR) IP (STMicroelectronics.X-CUBE-AI.10.0.0) : Invalid parameter (ValidationInputFile)
2025-03-21 09:00:51,245 [INFO] ImportTextPane:205 - (OptionalMessage_ERROR) IP (STMicroelectronics.X-CUBE-AI.10.0.0) : Invalid parameter (ValidationOutputFile)
2025-03-21 09:00:51,245 [INFO] ImportTextPane:205 - (OptionalMessage_ERROR) IP (STMicroelectronics.X-CUBE-AI.10.0.0) : Invalid parameter (useInputAllocation)
2025-03-21 09:00:51,245 [INFO] ImportTextPane:205 - (OptionalMessage_ERROR) IP (STMicroelectronics.X-CUBE-AI.10.0.0) : Invalid parameter (useOutputAllocation)
2025-03-21 09:00:51,245 [INFO] ImportTextPane:205 - (OptionalMessage_ERROR) IP (STMicroelectronics.X-CUBE-AI.10.0.0) : Invalid parameter (customLayerConfigEnabled)
2025-03-21 09:00:51,245 [INFO] ImportTextPane:205 - (OptionalMessage_ERROR) IP (STMicroelectronics.X-CUBE-AI.10.0.0) : Invalid parameter (noOnnxIoTranspose)
2025-03-21 09:00:51,245 [INFO] ImportTextPane:205 - (OptionalMessage_ERROR) IP (STMicroelectronics.X-CUBE-AI.10.0.0) : Invalid parameter (MaximumNumberOfInputLayer)
2025-03-21 09:00:51,245 [INFO] ImportTextPane:205 - (OptionalMessage_ERROR) IP (STMicroelectronics.X-CUBE-AI.10.0.0) : Invalid parameter (MaximumNumberOfOutputLayer)
2025-03-21 09:00:51,246 [INFO] ImportTextPane:205 - (OptionalMessage_ERROR) IP (STMicroelectronics.X-CUBE-AI.10.0.0) : Parameter (copyWeightToRam) has Id (e7202a7dc3442564aff9ae2f839d331ee249c720a91223bedd371705b8eea04d) currently not set
2025-03-21 09:00:51,246 [INFO] ImportTextPane:205 - (OptionalMessage_ERROR) IP (STMicroelectronics.X-CUBE-AI.10.0.0) : Invalid parameter (useInputAllocation)
2025-03-21 09:00:51,246 [INFO] ImportTextPane:205 - (OptionalMessage_ERROR) IP (STMicroelectronics.X-CUBE-AI.10.0.0) : Invalid parameter (useOutputAllocation)
2025-03-21 09:00:51,246 [INFO] ImportTextPane:205 - (OptionalMessage_ERROR) IP (STMicroelectronics.X-CUBE-AI.10.0.0) : Invalid parameter (customLayerConfigEnabled)
2025-03-21 09:00:51,246 [INFO] ImportTextPane:205 - (OptionalMessage_ERROR) IP (STMicroelectronics.X-CUBE-AI.10.0.0) : Invalid parameter (noOnnxIoTranspose)
2025-03-21 09:00:52,888 [INFO] ApiDb:581 - Connected to CubeFinder SQLite database (C:\Users\hugoc\.stmcufinder\plugins\mcufinder\mcu\cube-finder-db.db)
2025-03-21 09:00:53,264 [INFO] ApiDb:668 - CubeFinder database Data Model version=2.1
2025-03-21 09:00:53,264 [INFO] ApiDb:669 - CubeFinder database Configuration version=3.0.39
2025-03-21 09:00:53,265 [INFO] ApiDb:670 - CubeFinder database generation date=2025-03-07 (1741340029)
2025-03-21 09:00:53,266 [INFO] ApiDb:671 - CubeFinder database FW Pack versions=[FP-ATR-ASTRA1_V2.0.0, FP-SNS-FLIGHT1_V5.0.2, FP-SNS-MOTENV1_V5.0.0, FP-SNS-MOTENVWB1_V1.4.0, FP-SNS-SMARTAG2_V1.2.0, FP-SNS-STBOX1_V2.0.0, STM32Cube_FW_C0_V1.4.0, STM32Cube_FW_F4_V1.28.1, STM32Cube_FW_F7_V1.17.2, STM32Cube_FW_G0_V1.6.2, STM32Cube_FW_G4_V1.6.1, STM32Cube_FW_H5_V1.5.0, STM32Cube_FW_H7RS_V1.2.0, STM32Cube_FW_H7_V1.12.1, STM32Cube_FW_L0_V1.12.2, STM32Cube_FW_L4_V1.18.1, STM32Cube_FW_L5_V1.5.1, STM32Cube_FW_N6_V1.1.0, STM32Cube_FW_U0_V1.2.0, STM32Cube_FW_U3_V1.1.0, STM32Cube_FW_U5_V1.7.0, STM32Cube_FW_WB0_V1.2.0, STM32Cube_FW_WBA_V1.6.0, STM32Cube_FW_WB_V1.22.0, STM32Cube_FW_WL3_V1.1.0, STM32Cube_FW_WL_V1.3.1, X-CUBE-ALGOBUILD_V1.4.0, X-CUBE-ALS_V1.0.2, X-CUBE-AZRTOS-F4_V1.1.0, X-CUBE-AZRTOS-F7_V1.1.0, X-CUBE-AZRTOS-G0_V1.1.0, X-CUBE-AZRTOS-G4_V2.0.0, X-CUBE-AZRTOS-H7RS_V1.0.0, X-CUBE-AZRTOS-H7_V3.3.0, X-CUBE-AZRTOS-L4_V2.0.0, X-CUBE-AZRTOS-L5_V2.0.0, X-CUBE-AZRTOS-WB_V2.0.0, X-CUBE-AZRTOS-WL_V2.0.0, X-CUBE-BLE1_V7.1.0, X-CUBE-BLE2_V3.3.0, X-CUBE-BLEMGR_V4.0.0, X-CUBE-EEPRMA1_V5.1.0, X-CUBE-FREERTOS_V1.3.0, X-CUBE-GNSS1_V6.0.0, X-CUBE-MEMS1_V11.1.0, X-CUBE-NFC4_V3.0.0, X-CUBE-NFC7_V1.0.1, X-CUBE-SFXS2LP1_V4.0.0, X-CUBE-SUBG2_V5.0.0, X-CUBE-TOF1_V3.4.2]
2025-03-21 09:00:53,585 [INFO] DbBoardsSqlite:226 - include board P-NUCLEO-WB55-NUCLEO as a kit item of type 'Nucleo-64'
2025-03-21 09:00:53,586 [INFO] DbBoardsSqlite:226 - include board P-NUCLEO-WB55-USBDONGLE as a kit item of type 'Nucleo USB Dongle'
2025-03-21 09:00:53,587 [INFO] DbBoardsSqlite:226 - include board STEVAL-IDP005V1 as a kit item of type 'Evaluation Board'
2025-03-21 09:00:53,588 [INFO] DbBoardsSqlite:226 - include board STEVAL-IDP005V2 as a kit item of type 'Evaluation Board'
2025-03-21 09:00:54,778 [INFO] ApiDb:240 - Found 646 in-development CPN: [B-G473E-ZEST1S, B-WB1M-WPAN1, B-WL5M-SUBG1, NUCLEO-C031C6, NUCLEO-C071RB, NUCLEO-H503RB, NUCLEO-H533RE, NUCLEO-H563ZI, NUCLEO-H7S3L8, NUCLEO-U031R8, NUCLEO-U083RC, NUCLEO-U545RE-Q, NUCLEO-U5A5ZJ-Q, NUCLEO-WB05KZ, NUCLEO-WB07CC, NUCLEO-WB09KE, NUCLEO-WBA52CG, NUCLEO-WBA55CG, STEVAL-PROTEUS1, STEVAL-SMARTAG2, STEVAL-STWINBX1, STM320518-EVAL, STM32C0116-DK, STM32C011D6Y3TR, STM32C011D6Y6TR, STM32C011F4P3, STM32C011F4P6, STM32C011F4U3, STM32C011F4U6TR, STM32C011F6P3, STM32C011F6P6, STM32C011F6U3, STM32C011F6U6TR, STM32C011J4M3, STM32C011J4M6, STM32C011J6M3, STM32C011J6M6, STM32C0316-DK, STM32C031C4T3, STM32C031C4T6, STM32C031C4U3, STM32C031C4U6, STM32C031C6T3, STM32C031C6T6, STM32C031C6U3, STM32C031C6U6, STM32C031F4P3, STM32C031F4P6, STM32C031F6P3, STM32C031F6P6, STM32C031G4U3, STM32C031G4U6, STM32C031G6U3, STM32C031G6U6, STM32C031K4T3, STM32C031K4T6, STM32C031K4U3, STM32C031K4U6, STM32C031K6T3, STM32C031K6T6, STM32C031K6U3, STM32C031K6U6, STM32C071C8T6, STM32C071C8T6N, STM32C071C8U6, STM32C071C8U6N, STM32C071CBT6, STM32C071CBT6N, STM32C071CBU6, STM32C071CBU6N, STM32C071F8P6, STM32C071F8P6N, STM32C071FBP6, STM32C071FBP6N, STM32C071FBY6TR, STM32C071G8U6, STM32C071G8U6N, STM32C071GBU6, STM32C071GBU6N, STM32C071K8T6, STM32C071K8T6N, STM32C071K8U6, STM32C071K8U6N, STM32C071KBT6, STM32C071KBT6N, STM32C071KBU6, STM32C071KBU6N, STM32C071R8T6, STM32C071R8T6N, STM32C071RBI6N, STM32C071RBT6, STM32C071RBT6N, STM32G071K8TXN, STM32G071K8UXN, STM32G081GBU6N, STM32G081KBT6N, STM32G081KBUXN, STM32G0B1CCT6N, STM32G0B1KCT6, STM32G0B1NEY6TR, STM32G0B1RCT6N, STM32G0C1CCT6, STM32G0C1CCT6N, STM32G0C1CCU6N, STM32G0C1CET6N, STM32G0C1CEU6N, STM32G0C1KCT6, STM32G0C1NEY6TR, STM32G0C1RCI6N, STM32G0C1RCT6N, STM32G0C1REI6N, STM32G0C1RET6N, STM32G0C1VCI6, STM32G0C1VEI6, STM32G411C6T3, STM32G411C6T6, STM32G411C6U3, STM32G411C6U6, STM32G411C8T3, STM32G411C8T6, STM32G411C8U3, STM32G411C8U6, STM32G411CBT3, STM32G411CBT6, STM32G411CBU3, STM32G411CBU6, STM32G411K6T3, STM32G411K6T6, STM32G411K6U3, STM32G411K6U6, STM32G411K8T3, STM32G411K8T6, STM32G411K8U3, STM32G411K8U6, STM32G411KBT3, STM32G411KBT6, STM32G411KBU3, STM32G411KBU6, STM32G411M6T3, STM32G411M6T6, STM32G411M8T3, STM32G411M8T6, STM32G411MBT3, STM32G411MBT6, STM32G411R6T3, STM32G411R6T6, STM32G411R8T3, STM32G411R8T6, STM32G411RBT3, STM32G411RBT6, STM32G414CBT3, STM32G414CBT6, STM32G414CBU3, STM32G414CBU6, STM32G414CCT3, STM32G414CCT6, STM32G414CCU3, STM32G414CCU6, STM32G414MBT3, STM32G414MBT6, STM32G414MCT3, STM32G414MCT6, STM32G414RBT3, STM32G414RBT6, STM32G414RCT3, STM32G414RCT6, STM32G414VBT3, STM32G414VBT6, STM32G414VCT3, STM32G414VCT6, STM32G431CBT3Z, STM32G431RBT3Z, STM32G471CCT6, STM32G471CCU6, STM32G471CET3, STM32G471CET6, STM32G471CEU3, STM32G471CEU6, STM32G471MCT6, STM32G471MET3, STM32G471MET6, STM32G471MEY6TR, STM32G471QCT6, STM32G471QET3, STM32G471RCT6, STM32G471RET3, STM32G471RET6, STM32G471VCH6, STM32G471VCI6, STM32G471VCT6, STM32G471VEH3, STM32G471VEH6, STM32G471VEI3, STM32G471VEI6, STM32G471VET3, STM32G471VET6, STM32G473QET3Z, STM32G473RET3Z, STM32G474CCT6, STM32G491RET3Z, STM32H503CBT6, STM32H503CBU6, STM32H503EBY6TR, STM32H503KBU6, STM32H503RBT6, STM32H523CCT6, STM32H523CCU6, STM32H523CET6, STM32H523CEU6, STM32H523HEY6TR, STM32H523RCT6, STM32H523RET6, STM32H523VCI6, STM32H523VCT6, STM32H523VEI6, STM32H523VET6, STM32H523ZCJ6, STM32H523ZCT6, STM32H523ZEJ6, STM32H523ZET6, STM32H533CET6, STM32H533CEU6, STM32H533HEY6TR, STM32H533RET6, STM32H533VEI6, STM32H533VET6, STM32H533ZEJ6, STM32H533ZET6, STM32H562AGI6, STM32H562AII6, STM32H562IGK6, STM32H562IGT6, STM32H562IIK6, STM32H562IIT6, STM32H562RGT6, STM32H562RGV6, STM32H562RIT6, STM32H562RIV6, STM32H562VGT6, STM32H562VIT6, STM32H562ZGT6, STM32H562ZIT6, STM32H563AGI6, STM32H563AII3Q, STM32H563AII6, STM32H563IGK6, STM32H563IGT6, STM32H563IIK3Q, STM32H563IIK6, STM32H563IIT3Q, STM32H563IIT6, STM32H563MIY3QTR, STM32H563RGT6, STM32H563RGV6, STM32H563RIT6, STM32H563RIV6, STM32H563VGT6, STM32H563VIT3Q, STM32H563VIT6, STM32H563ZGT6, STM32H563ZIT3Q, STM32H563ZIT6, STM32H573AII3Q, STM32H573AII6, STM32H573I-DK, STM32H573IIK3Q, STM32H573IIK6, STM32H573IIT3Q, STM32H573IIT6, STM32H573MIY3QTR, STM32H573RIT6, STM32H573RIV6, STM32H573VIT3Q, STM32H573VIT6, STM32H573ZIT3Q, STM32H573ZIT6, STM32H7R3A8I6, STM32H7R3I8K6, STM32H7R3I8T6, STM32H7R3L8H6, STM32H7R3L8H6H, STM32H7R3R8V6, STM32H7R3V8H6, STM32H7R3V8T6, STM32H7R3V8Y6TR, STM32H7R3Z8J6, STM32H7R3Z8T6, STM32H7R7A8I6, STM32H7R7I8K6, STM32H7R7I8T6, STM32H7R7L8H6, STM32H7R7L8H6H, STM32H7R7Z8J6, STM32H7S3A8I6, STM32H7S3I8K6, STM32H7S3I8T6, STM32H7S3L8H6, STM32H7S3L8H6H, STM32H7S3R8V6, STM32H7S3V8H6, STM32H7S3V8T6, STM32H7S3V8Y6TR, STM32H7S3Z8J6, STM32H7S3Z8T6, STM32H7S78-DK, STM32H7S7A8I6, STM32H7S7I8K6, STM32H7S7I8T6, STM32H7S7L8H6, STM32H7S7L8H6H, STM32H7S7Z8J6, STM32L4R5QGI6STR, STM32MP131AAE3, STM32MP131AAF3, STM32MP131AAG3, STM32MP131CAE3, STM32MP131CAF3, STM32MP131CAG3, STM32MP131DAE7, STM32MP131DAF7, STM32MP131DAG7, STM32MP131FAE7, STM32MP131FAF7, STM32MP131FAG7, STM32MP133AAE3, STM32MP133AAF3, STM32MP133AAG3, STM32MP133CAE3, STM32MP133CAF3, STM32MP133CAG3, STM32MP133DAE7, STM32MP133DAF7, STM32MP133DAG7, STM32MP133FAE7, STM32MP133FAF7, STM32MP133FAG7, STM32MP135AAE3, STM32MP135AAF3, STM32MP135AAG3, STM32MP135CAE3, STM32MP135CAF3, STM32MP135CAG3, STM32MP135DAE7, STM32MP135DAF7, STM32MP135DAG7, STM32MP135F-DK, STM32MP135FAE7, STM32MP135FAF7, STM32MP135FAF7T, STM32MP135FAF7U, STM32MP135FAG7, STM32MP251AAI3, STM32MP251AAK3, STM32MP251AAL3, STM32MP251CAI3, STM32MP251CAK3, STM32MP251CAL3, STM32MP251DAI3, STM32MP251DAK3, STM32MP251DAL3, STM32MP251FAI3, STM32MP251FAK3, STM32MP251FAL3, STM32MP253AAI3, STM32MP253AAK3, STM32MP253AAL3, STM32MP253CAI3, STM32MP253CAK3, STM32MP253CAL3, STM32MP253DAI3, STM32MP253DAK3, STM32MP253DAL3, STM32MP253FAI3, STM32MP253FAK3, STM32MP253FAL3, STM32MP255AAI3, STM32MP255AAK3, STM32MP255AAL3, STM32MP255CAI3, STM32MP255CAK3, STM32MP255CAL3, STM32MP255DAI3, STM32MP255DAK3, STM32MP255DAL3, STM32MP255FAI3, STM32MP255FAK3, STM32MP255FAL3, STM32MP257AAI3, STM32MP257AAK3, STM32MP257AAL3, STM32MP257CAI3, STM32MP257CAK3, STM32MP257CAL3, STM32MP257DAI3, STM32MP257DAK3, STM32MP257DAL3, STM32MP257F-DK, STM32MP257F-EV1, STM32MP257FAI3, STM32MP257FAK3, STM32MP257FAL3, STM32U031C6T6, STM32U031C6U6, STM32U031C8T6, STM32U031C8U6, STM32U031F4P6, STM32U031F6P6, STM32U031F8P6, STM32U031G6Y6TR, STM32U031G8Y6TR, STM32U031K4U6, STM32U031K6U6, STM32U031K8U6, STM32U031R6I6, STM32U031R6T6, STM32U031R8I6, STM32U031R8T6, STM32U073C8T6, STM32U073C8U6, STM32U073CBT6, STM32U073CBU6, STM32U073CCT6, STM32U073CCU6, STM32U073H8Y6TR, STM32U073HBY6TR, STM32U073HCY6TR, STM32U073K8U6, STM32U073KBU6, STM32U073KCU6, STM32U073M8I6, STM32U073M8T6, STM32U073MBI6, STM32U073MBT6, STM32U073MCI6, STM32U073MCT6, STM32U073R8I6, STM32U073R8T6, STM32U073RBI6, STM32U073RBT6, STM32U073RCI6, STM32U073RCT6, STM32U083C-DK, STM32U083CCT6, STM32U083CCU6, STM32U083HCY6TR, STM32U083KCU6, STM32U083MCI6, STM32U083MCT6, STM32U083RCI6, STM32U083RCT6, STM32U535CBT6, STM32U535CBT6Q, STM32U535CBU6, STM32U535CBU6Q, STM32U535CCT6, STM32U535CCT6Q, STM32U535CCU6, STM32U535CCU6Q, STM32U535CET6, STM32U535CET6Q, STM32U535CEU6, STM32U535CEU6Q, STM32U535JEY6QTR, STM32U535NCY6QTR, STM32U535NEY6QTR, STM32U535RBI6, STM32U535RBI6Q, STM32U535RBT6, STM32U535RBT6Q, STM32U535RCI6, STM32U535RCI6Q, STM32U535RCT6, STM32U535RCT6Q, STM32U535REI6, STM32U535REI6Q, STM32U535RET6, STM32U535RET6Q, STM32U535VCI6, STM32U535VCI6Q, STM32U535VCT6, STM32U535VCT6Q, STM32U535VEI6, STM32U535VEI6Q, STM32U535VET6, STM32U535VET6Q, STM32U545CET6, STM32U545CET6Q, STM32U545CEU6, STM32U545CEU6Q, STM32U545JEY6QTR, STM32U545NEY6QTR, STM32U545REI6, STM32U545REI6Q, STM32U545RET6, STM32U545RET6Q, STM32U545VEI6, STM32U545VEI6Q, STM32U545VET6, STM32U545VET6Q, STM32U595AIH6, STM32U595AIH6Q, STM32U595AJH6, STM32U595AJH6Q, STM32U595QII6, STM32U595QII6Q, STM32U595QJI6, STM32U595QJI6Q, STM32U595RIT6, STM32U595RIT6Q, STM32U595RJT6, STM32U595RJT6Q, STM32U595VIT6, STM32U595VIT6Q, STM32U595VJT6, STM32U595VJT6Q, STM32U595ZIT6, STM32U595ZIT6Q, STM32U595ZIY6QTR, STM32U595ZJT6, STM32U595ZJT6Q, STM32U595ZJY6QTR, STM32U599BJY6QTR, STM32U599NIH6Q, STM32U599NJH6Q, STM32U599VIT6Q, STM32U599VJT6, STM32U599VJT6Q, STM32U599ZIT6Q, STM32U599ZIY6QTR, STM32U599ZJT6Q, STM32U599ZJY6QTR, STM32U5A5AJH6, STM32U5A5AJH6Q, STM32U5A5QII3Q , STM32U5A5QJI6, STM32U5A5QJI6Q, STM32U5A5RJT6, STM32U5A5RJT6Q, STM32U5A5VJT6, STM32U5A5VJT6Q, STM32U5A5ZJT6, STM32U5A5ZJT6Q, STM32U5A5ZJY6QTR, STM32U5A9BJY6QTR, STM32U5A9J-DK, STM32U5A9NJH6Q, STM32U5A9VJT6Q, STM32U5A9ZJT6Q, STM32U5A9ZJY6QTR, STM32U5F7VIT6, STM32U5F7VIT6Q, STM32U5F7VJT6, STM32U5F7VJT6Q, STM32U5F9BJY6QTR, STM32U5F9NJH6Q, STM32U5F9VIT6Q, STM32U5F9VJT6Q, STM32U5F9ZIJ6QTR, STM32U5F9ZIT6Q, STM32U5F9ZJJ6QTR, STM32U5F9ZJT6Q, STM32U5G7VJT6, STM32U5G7VJT6Q, STM32U5G9BJY6QTR, STM32U5G9J-DK1, STM32U5G9J-DK2, STM32U5G9NJH6Q, STM32U5G9VJT6Q, STM32U5G9ZJJ6QTR, STM32U5G9ZJT6Q, STM32WB05KZV6TR, STM32WB05KZV7TR, STM32WB05TZF6TR, STM32WB05TZF7TR, STM32WB06CCF6TR, STM32WB06CCF7TR, STM32WB06CCV6TR, STM32WB06CCV7TR, STM32WB06KCV6TR, STM32WB06KCV7TR, STM32WB07CCF6TR, STM32WB07CCF7TR, STM32WB07CCV6TR, STM32WB07CCV7TR, STM32WB07KCV6TR, STM32WB07KCV7TR, STM32WB09KEV6TR, STM32WB09KEV7TR, STM32WB09TEF6TR, STM32WB09TEF7TR, STM32WB1MMCH6, STM32WBA50KGU6, STM32WBA50KGU6TR, STM32WBA52CEU6, STM32WBA52CEU6TR, STM32WBA52CEU7, STM32WBA52CEU7TR, STM32WBA52CGU6, STM32WBA52CGU6TR, STM32WBA52CGU6U, STM32WBA52CGU7, STM32WBA52CGU7TR, STM32WBA52KEU6, STM32WBA52KEU6TR, STM32WBA52KGU6, STM32WBA52KGU6TR, STM32WBA54CEU6, STM32WBA54CEU6TR, STM32WBA54CEU7, STM32WBA54CEU7TR, STM32WBA54CGU6, STM32WBA54CGU6TR, STM32WBA54CGU7, STM32WBA54CGU7TR, STM32WBA54KEU6, STM32WBA54KEU6TR, STM32WBA54KEU7, STM32WBA54KEU7TR, STM32WBA54KGU6, STM32WBA54KGU6TR, STM32WBA54KGU7, STM32WBA54KGU7TR, STM32WBA55CEU6, STM32WBA55CEU6TR, STM32WBA55CEU7, STM32WBA55CEU7TR, STM32WBA55CGU6, STM32WBA55CGU6TR, STM32WBA55CGU6U, STM32WBA55CGU7, STM32WBA55CGU7TR, STM32WBA55G-DK1, STM32WBA55HEF6, STM32WBA55HEF7, STM32WBA55HGF6, STM32WBA55HGF7, STM32WBA55UEI6, STM32WBA55UEI6TR, STM32WBA55UEI7, STM32WBA55UEI7TR, STM32WBA55UGI6, STM32WBA55UGI6TR, STM32WBA55UGI7, STM32WBA55UGI7TR, STM32WL5MOCH6, STM32WL5MOCH6TR]
2025-03-21 09:00:54,785 [INFO] ApiDb:668 - CubeFinder database Data Model version=2.1
2025-03-21 09:00:54,786 [INFO] ApiDb:669 - CubeFinder database Configuration version=3.0.39
2025-03-21 09:00:54,787 [INFO] ApiDb:670 - CubeFinder database generation date=2025-03-07 (1741340029)
2025-03-21 09:00:54,787 [INFO] ApiDb:671 - CubeFinder database FW Pack versions=[FP-ATR-ASTRA1_V2.0.0, FP-SNS-FLIGHT1_V5.0.2, FP-SNS-MOTENV1_V5.0.0, FP-SNS-MOTENVWB1_V1.4.0, FP-SNS-SMARTAG2_V1.2.0, FP-SNS-STBOX1_V2.0.0, STM32Cube_FW_C0_V1.4.0, STM32Cube_FW_F4_V1.28.1, STM32Cube_FW_F7_V1.17.2, STM32Cube_FW_G0_V1.6.2, STM32Cube_FW_G4_V1.6.1, STM32Cube_FW_H5_V1.5.0, STM32Cube_FW_H7RS_V1.2.0, STM32Cube_FW_H7_V1.12.1, STM32Cube_FW_L0_V1.12.2, STM32Cube_FW_L4_V1.18.1, STM32Cube_FW_L5_V1.5.1, STM32Cube_FW_N6_V1.1.0, STM32Cube_FW_U0_V1.2.0, STM32Cube_FW_U3_V1.1.0, STM32Cube_FW_U5_V1.7.0, STM32Cube_FW_WB0_V1.2.0, STM32Cube_FW_WBA_V1.6.0, STM32Cube_FW_WB_V1.22.0, STM32Cube_FW_WL3_V1.1.0, STM32Cube_FW_WL_V1.3.1, X-CUBE-ALGOBUILD_V1.4.0, X-CUBE-ALS_V1.0.2, X-CUBE-AZRTOS-F4_V1.1.0, X-CUBE-AZRTOS-F7_V1.1.0, X-CUBE-AZRTOS-G0_V1.1.0, X-CUBE-AZRTOS-G4_V2.0.0, X-CUBE-AZRTOS-H7RS_V1.0.0, X-CUBE-AZRTOS-H7_V3.3.0, X-CUBE-AZRTOS-L4_V2.0.0, X-CUBE-AZRTOS-L5_V2.0.0, X-CUBE-AZRTOS-WB_V2.0.0, X-CUBE-AZRTOS-WL_V2.0.0, X-CUBE-BLE1_V7.1.0, X-CUBE-BLE2_V3.3.0, X-CUBE-BLEMGR_V4.0.0, X-CUBE-EEPRMA1_V5.1.0, X-CUBE-FREERTOS_V1.3.0, X-CUBE-GNSS1_V6.0.0, X-CUBE-MEMS1_V11.1.0, X-CUBE-NFC4_V3.0.0, X-CUBE-NFC7_V1.0.1, X-CUBE-SFXS2LP1_V4.0.0, X-CUBE-SUBG2_V5.0.0, X-CUBE-TOF1_V3.4.2]
2025-03-21 09:01:00,961 [INFO] ApiDb:240 - Found 646 in-development CPN: [B-G473E-ZEST1S, B-WB1M-WPAN1, B-WL5M-SUBG1, NUCLEO-C031C6, NUCLEO-C071RB, NUCLEO-H503RB, NUCLEO-H533RE, NUCLEO-H563ZI, NUCLEO-H7S3L8, NUCLEO-U031R8, NUCLEO-U083RC, NUCLEO-U545RE-Q, NUCLEO-U5A5ZJ-Q, NUCLEO-WB05KZ, NUCLEO-WB07CC, NUCLEO-WB09KE, NUCLEO-WBA52CG, NUCLEO-WBA55CG, STEVAL-PROTEUS1, STEVAL-SMARTAG2, STEVAL-STWINBX1, STM320518-EVAL, STM32C0116-DK, STM32C011D6Y3TR, STM32C011D6Y6TR, STM32C011F4P3, STM32C011F4P6, STM32C011F4U3, STM32C011F4U6TR, STM32C011F6P3, STM32C011F6P6, STM32C011F6U3, STM32C011F6U6TR, STM32C011J4M3, STM32C011J4M6, STM32C011J6M3, STM32C011J6M6, STM32C0316-DK, STM32C031C4T3, STM32C031C4T6, STM32C031C4U3, STM32C031C4U6, STM32C031C6T3, STM32C031C6T6, STM32C031C6U3, STM32C031C6U6, STM32C031F4P3, STM32C031F4P6, STM32C031F6P3, STM32C031F6P6, STM32C031G4U3, STM32C031G4U6, STM32C031G6U3, STM32C031G6U6, STM32C031K4T3, STM32C031K4T6, STM32C031K4U3, STM32C031K4U6, STM32C031K6T3, STM32C031K6T6, STM32C031K6U3, STM32C031K6U6, STM32C071C8T6, STM32C071C8T6N, STM32C071C8U6, STM32C071C8U6N, STM32C071CBT6, STM32C071CBT6N, STM32C071CBU6, STM32C071CBU6N, STM32C071F8P6, STM32C071F8P6N, STM32C071FBP6, STM32C071FBP6N, STM32C071FBY6TR, STM32C071G8U6, STM32C071G8U6N, STM32C071GBU6, STM32C071GBU6N, STM32C071K8T6, STM32C071K8T6N, STM32C071K8U6, STM32C071K8U6N, STM32C071KBT6, STM32C071KBT6N, STM32C071KBU6, STM32C071KBU6N, STM32C071R8T6, STM32C071R8T6N, STM32C071RBI6N, STM32C071RBT6, STM32C071RBT6N, STM32G071K8TXN, STM32G071K8UXN, STM32G081GBU6N, STM32G081KBT6N, STM32G081KBUXN, STM32G0B1CCT6N, STM32G0B1KCT6, STM32G0B1NEY6TR, STM32G0B1RCT6N, STM32G0C1CCT6, STM32G0C1CCT6N, STM32G0C1CCU6N, STM32G0C1CET6N, STM32G0C1CEU6N, STM32G0C1KCT6, STM32G0C1NEY6TR, STM32G0C1RCI6N, STM32G0C1RCT6N, STM32G0C1REI6N, STM32G0C1RET6N, STM32G0C1VCI6, STM32G0C1VEI6, STM32G411C6T3, STM32G411C6T6, STM32G411C6U3, STM32G411C6U6, STM32G411C8T3, STM32G411C8T6, STM32G411C8U3, STM32G411C8U6, STM32G411CBT3, STM32G411CBT6, STM32G411CBU3, STM32G411CBU6, STM32G411K6T3, STM32G411K6T6, STM32G411K6U3, STM32G411K6U6, STM32G411K8T3, STM32G411K8T6, STM32G411K8U3, STM32G411K8U6, STM32G411KBT3, STM32G411KBT6, STM32G411KBU3, STM32G411KBU6, STM32G411M6T3, STM32G411M6T6, STM32G411M8T3, STM32G411M8T6, STM32G411MBT3, STM32G411MBT6, STM32G411R6T3, STM32G411R6T6, STM32G411R8T3, STM32G411R8T6, STM32G411RBT3, STM32G411RBT6, STM32G414CBT3, STM32G414CBT6, STM32G414CBU3, STM32G414CBU6, STM32G414CCT3, STM32G414CCT6, STM32G414CCU3, STM32G414CCU6, STM32G414MBT3, STM32G414MBT6, STM32G414MCT3, STM32G414MCT6, STM32G414RBT3, STM32G414RBT6, STM32G414RCT3, STM32G414RCT6, STM32G414VBT3, STM32G414VBT6, STM32G414VCT3, STM32G414VCT6, STM32G431CBT3Z, STM32G431RBT3Z, STM32G471CCT6, STM32G471CCU6, STM32G471CET3, STM32G471CET6, STM32G471CEU3, STM32G471CEU6, STM32G471MCT6, STM32G471MET3, STM32G471MET6, STM32G471MEY6TR, STM32G471QCT6, STM32G471QET3, STM32G471RCT6, STM32G471RET3, STM32G471RET6, STM32G471VCH6, STM32G471VCI6, STM32G471VCT6, STM32G471VEH3, STM32G471VEH6, STM32G471VEI3, STM32G471VEI6, STM32G471VET3, STM32G471VET6, STM32G473QET3Z, STM32G473RET3Z, STM32G474CCT6, STM32G491RET3Z, STM32H503CBT6, STM32H503CBU6, STM32H503EBY6TR, STM32H503KBU6, STM32H503RBT6, STM32H523CCT6, STM32H523CCU6, STM32H523CET6, STM32H523CEU6, STM32H523HEY6TR, STM32H523RCT6, STM32H523RET6, STM32H523VCI6, STM32H523VCT6, STM32H523VEI6, STM32H523VET6, STM32H523ZCJ6, STM32H523ZCT6, STM32H523ZEJ6, STM32H523ZET6, STM32H533CET6, STM32H533CEU6, STM32H533HEY6TR, STM32H533RET6, STM32H533VEI6, STM32H533VET6, STM32H533ZEJ6, STM32H533ZET6, STM32H562AGI6, STM32H562AII6, STM32H562IGK6, STM32H562IGT6, STM32H562IIK6, STM32H562IIT6, STM32H562RGT6, STM32H562RGV6, STM32H562RIT6, STM32H562RIV6, STM32H562VGT6, STM32H562VIT6, STM32H562ZGT6, STM32H562ZIT6, STM32H563AGI6, STM32H563AII3Q, STM32H563AII6, STM32H563IGK6, STM32H563IGT6, STM32H563IIK3Q, STM32H563IIK6, STM32H563IIT3Q, STM32H563IIT6, STM32H563MIY3QTR, STM32H563RGT6, STM32H563RGV6, STM32H563RIT6, STM32H563RIV6, STM32H563VGT6, STM32H563VIT3Q, STM32H563VIT6, STM32H563ZGT6, STM32H563ZIT3Q, STM32H563ZIT6, STM32H573AII3Q, STM32H573AII6, STM32H573I-DK, STM32H573IIK3Q, STM32H573IIK6, STM32H573IIT3Q, STM32H573IIT6, STM32H573MIY3QTR, STM32H573RIT6, STM32H573RIV6, STM32H573VIT3Q, STM32H573VIT6, STM32H573ZIT3Q, STM32H573ZIT6, STM32H7R3A8I6, STM32H7R3I8K6, STM32H7R3I8T6, STM32H7R3L8H6, STM32H7R3L8H6H, STM32H7R3R8V6, STM32H7R3V8H6, STM32H7R3V8T6, STM32H7R3V8Y6TR, STM32H7R3Z8J6, STM32H7R3Z8T6, STM32H7R7A8I6, STM32H7R7I8K6, STM32H7R7I8T6, STM32H7R7L8H6, STM32H7R7L8H6H, STM32H7R7Z8J6, STM32H7S3A8I6, STM32H7S3I8K6, STM32H7S3I8T6, STM32H7S3L8H6, STM32H7S3L8H6H, STM32H7S3R8V6, STM32H7S3V8H6, STM32H7S3V8T6, STM32H7S3V8Y6TR, STM32H7S3Z8J6, STM32H7S3Z8T6, STM32H7S78-DK, STM32H7S7A8I6, STM32H7S7I8K6, STM32H7S7I8T6, STM32H7S7L8H6, STM32H7S7L8H6H, STM32H7S7Z8J6, STM32L4R5QGI6STR, STM32MP131AAE3, STM32MP131AAF3, STM32MP131AAG3, STM32MP131CAE3, STM32MP131CAF3, STM32MP131CAG3, STM32MP131DAE7, STM32MP131DAF7, STM32MP131DAG7, STM32MP131FAE7, STM32MP131FAF7, STM32MP131FAG7, STM32MP133AAE3, STM32MP133AAF3, STM32MP133AAG3, STM32MP133CAE3, STM32MP133CAF3, STM32MP133CAG3, STM32MP133DAE7, STM32MP133DAF7, STM32MP133DAG7, STM32MP133FAE7, STM32MP133FAF7, STM32MP133FAG7, STM32MP135AAE3, STM32MP135AAF3, STM32MP135AAG3, STM32MP135CAE3, STM32MP135CAF3, STM32MP135CAG3, STM32MP135DAE7, STM32MP135DAF7, STM32MP135DAG7, STM32MP135F-DK, STM32MP135FAE7, STM32MP135FAF7, STM32MP135FAF7T, STM32MP135FAF7U, STM32MP135FAG7, STM32MP251AAI3, STM32MP251AAK3, STM32MP251AAL3, STM32MP251CAI3, STM32MP251CAK3, STM32MP251CAL3, STM32MP251DAI3, STM32MP251DAK3, STM32MP251DAL3, STM32MP251FAI3, STM32MP251FAK3, STM32MP251FAL3, STM32MP253AAI3, STM32MP253AAK3, STM32MP253AAL3, STM32MP253CAI3, STM32MP253CAK3, STM32MP253CAL3, STM32MP253DAI3, STM32MP253DAK3, STM32MP253DAL3, STM32MP253FAI3, STM32MP253FAK3, STM32MP253FAL3, STM32MP255AAI3, STM32MP255AAK3, STM32MP255AAL3, STM32MP255CAI3, STM32MP255CAK3, STM32MP255CAL3, STM32MP255DAI3, STM32MP255DAK3, STM32MP255DAL3, STM32MP255FAI3, STM32MP255FAK3, STM32MP255FAL3, STM32MP257AAI3, STM32MP257AAK3, STM32MP257AAL3, STM32MP257CAI3, STM32MP257CAK3, STM32MP257CAL3, STM32MP257DAI3, STM32MP257DAK3, STM32MP257DAL3, STM32MP257F-DK, STM32MP257F-EV1, STM32MP257FAI3, STM32MP257FAK3, STM32MP257FAL3, STM32U031C6T6, STM32U031C6U6, STM32U031C8T6, STM32U031C8U6, STM32U031F4P6, STM32U031F6P6, STM32U031F8P6, STM32U031G6Y6TR, STM32U031G8Y6TR, STM32U031K4U6, STM32U031K6U6, STM32U031K8U6, STM32U031R6I6, STM32U031R6T6, STM32U031R8I6, STM32U031R8T6, STM32U073C8T6, STM32U073C8U6, STM32U073CBT6, STM32U073CBU6, STM32U073CCT6, STM32U073CCU6, STM32U073H8Y6TR, STM32U073HBY6TR, STM32U073HCY6TR, STM32U073K8U6, STM32U073KBU6, STM32U073KCU6, STM32U073M8I6, STM32U073M8T6, STM32U073MBI6, STM32U073MBT6, STM32U073MCI6, STM32U073MCT6, STM32U073R8I6, STM32U073R8T6, STM32U073RBI6, STM32U073RBT6, STM32U073RCI6, STM32U073RCT6, STM32U083C-DK, STM32U083CCT6, STM32U083CCU6, STM32U083HCY6TR, STM32U083KCU6, STM32U083MCI6, STM32U083MCT6, STM32U083RCI6, STM32U083RCT6, STM32U535CBT6, STM32U535CBT6Q, STM32U535CBU6, STM32U535CBU6Q, STM32U535CCT6, STM32U535CCT6Q, STM32U535CCU6, STM32U535CCU6Q, STM32U535CET6, STM32U535CET6Q, STM32U535CEU6, STM32U535CEU6Q, STM32U535JEY6QTR, STM32U535NCY6QTR, STM32U535NEY6QTR, STM32U535RBI6, STM32U535RBI6Q, STM32U535RBT6, STM32U535RBT6Q, STM32U535RCI6, STM32U535RCI6Q, STM32U535RCT6, STM32U535RCT6Q, STM32U535REI6, STM32U535REI6Q, STM32U535RET6, STM32U535RET6Q, STM32U535VCI6, STM32U535VCI6Q, STM32U535VCT6, STM32U535VCT6Q, STM32U535VEI6, STM32U535VEI6Q, STM32U535VET6, STM32U535VET6Q, STM32U545CET6, STM32U545CET6Q, STM32U545CEU6, STM32U545CEU6Q, STM32U545JEY6QTR, STM32U545NEY6QTR, STM32U545REI6, STM32U545REI6Q, STM32U545RET6, STM32U545RET6Q, STM32U545VEI6, STM32U545VEI6Q, STM32U545VET6, STM32U545VET6Q, STM32U595AIH6, STM32U595AIH6Q, STM32U595AJH6, STM32U595AJH6Q, STM32U595QII6, STM32U595QII6Q, STM32U595QJI6, STM32U595QJI6Q, STM32U595RIT6, STM32U595RIT6Q, STM32U595RJT6, STM32U595RJT6Q, STM32U595VIT6, STM32U595VIT6Q, STM32U595VJT6, STM32U595VJT6Q, STM32U595ZIT6, STM32U595ZIT6Q, STM32U595ZIY6QTR, STM32U595ZJT6, STM32U595ZJT6Q, STM32U595ZJY6QTR, STM32U599BJY6QTR, STM32U599NIH6Q, STM32U599NJH6Q, STM32U599VIT6Q, STM32U599VJT6, STM32U599VJT6Q, STM32U599ZIT6Q, STM32U599ZIY6QTR, STM32U599ZJT6Q, STM32U599ZJY6QTR, STM32U5A5AJH6, STM32U5A5AJH6Q, STM32U5A5QII3Q , STM32U5A5QJI6, STM32U5A5QJI6Q, STM32U5A5RJT6, STM32U5A5RJT6Q, STM32U5A5VJT6, STM32U5A5VJT6Q, STM32U5A5ZJT6, STM32U5A5ZJT6Q, STM32U5A5ZJY6QTR, STM32U5A9BJY6QTR, STM32U5A9J-DK, STM32U5A9NJH6Q, STM32U5A9VJT6Q, STM32U5A9ZJT6Q, STM32U5A9ZJY6QTR, STM32U5F7VIT6, STM32U5F7VIT6Q, STM32U5F7VJT6, STM32U5F7VJT6Q, STM32U5F9BJY6QTR, STM32U5F9NJH6Q, STM32U5F9VIT6Q, STM32U5F9VJT6Q, STM32U5F9ZIJ6QTR, STM32U5F9ZIT6Q, STM32U5F9ZJJ6QTR, STM32U5F9ZJT6Q, STM32U5G7VJT6, STM32U5G7VJT6Q, STM32U5G9BJY6QTR, STM32U5G9J-DK1, STM32U5G9J-DK2, STM32U5G9NJH6Q, STM32U5G9VJT6Q, STM32U5G9ZJJ6QTR, STM32U5G9ZJT6Q, STM32WB05KZV6TR, STM32WB05KZV7TR, STM32WB05TZF6TR, STM32WB05TZF7TR, STM32WB06CCF6TR, STM32WB06CCF7TR, STM32WB06CCV6TR, STM32WB06CCV7TR, STM32WB06KCV6TR, STM32WB06KCV7TR, STM32WB07CCF6TR, STM32WB07CCF7TR, STM32WB07CCV6TR, STM32WB07CCV7TR, STM32WB07KCV6TR, STM32WB07KCV7TR, STM32WB09KEV6TR, STM32WB09KEV7TR, STM32WB09TEF6TR, STM32WB09TEF7TR, STM32WB1MMCH6, STM32WBA50KGU6, STM32WBA50KGU6TR, STM32WBA52CEU6, STM32WBA52CEU6TR, STM32WBA52CEU7, STM32WBA52CEU7TR, STM32WBA52CGU6, STM32WBA52CGU6TR, STM32WBA52CGU6U, STM32WBA52CGU7, STM32WBA52CGU7TR, STM32WBA52KEU6, STM32WBA52KEU6TR, STM32WBA52KGU6, STM32WBA52KGU6TR, STM32WBA54CEU6, STM32WBA54CEU6TR, STM32WBA54CEU7, STM32WBA54CEU7TR, STM32WBA54CGU6, STM32WBA54CGU6TR, STM32WBA54CGU7, STM32WBA54CGU7TR, STM32WBA54KEU6, STM32WBA54KEU6TR, STM32WBA54KEU7, STM32WBA54KEU7TR, STM32WBA54KGU6, STM32WBA54KGU6TR, STM32WBA54KGU7, STM32WBA54KGU7TR, STM32WBA55CEU6, STM32WBA55CEU6TR, STM32WBA55CEU7, STM32WBA55CEU7TR, STM32WBA55CGU6, STM32WBA55CGU6TR, STM32WBA55CGU6U, STM32WBA55CGU7, STM32WBA55CGU7TR, STM32WBA55G-DK1, STM32WBA55HEF6, STM32WBA55HEF7, STM32WBA55HGF6, STM32WBA55HGF7, STM32WBA55UEI6, STM32WBA55UEI6TR, STM32WBA55UEI7, STM32WBA55UEI7TR, STM32WBA55UGI6, STM32WBA55UGI6TR, STM32WBA55UGI7, STM32WBA55UGI7TR, STM32WL5MOCH6, STM32WL5MOCH6TR]
2025-03-21 09:01:00,970 [INFO] DbMcus:218 - Found 4608 MCUs, 4608 are supported
2025-03-21 09:01:00,973 [INFO] ApiDb:423 - Load user favorites file C:\Users\hugoc/.stm32cubeide/favorites.mcus.txt: 0 item(s)
2025-03-21 09:01:00,973 [INFO] ApiDb:427 - User favorites MCUs=[]
2025-03-21 09:01:00,973 [INFO] DbMcus:224 - Set 0 / 0 favorites MCUs
2025-03-21 09:01:01,921 [INFO] BoardInfo:889 - No configuration file found for board NUCLEO-C051C8
2025-03-21 09:01:01,924 [INFO] DbBoards:161 - Board is not supported: NUCLEO-C051C8
2025-03-21 09:01:01,935 [INFO] BoardInfo:889 - No configuration file found for board NUCLEO-C092RC
2025-03-21 09:01:01,938 [INFO] DbBoards:161 - Board is not supported: NUCLEO-C092RC
2025-03-21 09:01:02,295 [INFO] BoardInfo:889 - No configuration file found for board NUCLEO-N657X0-Q
2025-03-21 09:01:02,297 [INFO] DbBoards:161 - Board is not supported: NUCLEO-N657X0-Q
2025-03-21 09:01:02,368 [INFO] BoardInfo:889 - No configuration file found for board NUCLEO-WBA65RI
2025-03-21 09:01:02,370 [INFO] DbBoards:161 - Board is not supported: NUCLEO-WBA65RI
2025-03-21 09:01:02,374 [INFO] BoardInfo:889 - No configuration file found for board NUCLEO-WL33CC1
2025-03-21 09:01:02,376 [INFO] DbBoards:161 - Board is not supported: NUCLEO-WL33CC1
2025-03-21 09:01:02,379 [INFO] BoardInfo:889 - No configuration file found for board NUCLEO-WL33CC2
2025-03-21 09:01:02,381 [INFO] DbBoards:161 - Board is not supported: NUCLEO-WL33CC2
2025-03-21 09:01:02,406 [INFO] BoardInfo:889 - No configuration file found for board P-NUCLEO-WB55
2025-03-21 09:01:02,409 [INFO] DbBoards:161 - Kit is not supported: P-NUCLEO-WB55
2025-03-21 09:01:02,428 [INFO] BoardInfo:889 - No configuration file found for board STEVAL-BFA001V1B
2025-03-21 09:01:02,431 [INFO] DbBoards:161 - Kit is not supported: STEVAL-BFA001V1B
2025-03-21 09:01:02,435 [INFO] BoardInfo:889 - No configuration file found for board STEVAL-BFA001V2B
2025-03-21 09:01:02,437 [INFO] DbBoards:161 - Kit is not supported: STEVAL-BFA001V2B
2025-03-21 09:01:02,984 [INFO] BoardInfo:889 - No configuration file found for board STM32N6570-DK
2025-03-21 09:01:02,986 [INFO] DbBoards:161 - Board is not supported: STM32N6570-DK
2025-03-21 09:01:03,032 [INFO] BoardInfo:889 - No configuration file found for board STM32WBA65I-DK1
2025-03-21 09:01:03,035 [INFO] DbBoards:161 - Board is not supported: STM32WBA65I-DK1
2025-03-21 09:01:03,035 [INFO] DbBoards:168 - Found 209 boards, 198 are supported
2025-03-21 09:01:03,036 [INFO] DbBoards:169 - Found 209 boards, 25 of them is supported for  Bsp
2025-03-21 09:01:03,041 [INFO] ApiDb:423 - Load user favorites file C:\Users\hugoc/.stm32cubeide/favorites.boards.txt: 0 item(s)
2025-03-21 09:01:03,042 [INFO] ApiDb:427 - User favorites Boards=[]
2025-03-21 09:01:03,042 [INFO] DbBoards:198 - Set 0 / 0 favorites Boards
2025-03-21 09:01:03,145 [INFO] UtilMem:75 - End LoadConfig() Used Memory: 730800016 Bytes (904921088)
2025-03-21 09:01:03,496 [WARN] ThirdParty:833 - waiting for thirdparty lock release [change project]
2025-03-21 09:01:03,496 [INFO] ThirdParty:835 - entering critical section [change project]
2025-03-21 09:01:03,497 [INFO] ThirdParty:1030 - CMSIS Pack Vendor :STMicroelectronics USBPD 4.1
2025-03-21 09:01:03,497 [INFO] ThirdParty:1030 - CMSIS Pack Vendor :STMicroelectronics X-CUBE-GNSS1 6.0.0
2025-03-21 09:01:03,497 [INFO] ThirdParty:1030 - CMSIS Pack Vendor :STMicroelectronics USB_HOST 2.0.0
2025-03-21 09:01:03,497 [INFO] ThirdParty:1030 - CMSIS Pack Vendor :STMicroelectronics FP-SNS-MOTENVWB1 1.4.0
2025-03-21 09:01:03,497 [INFO] ThirdParty:1030 - CMSIS Pack Vendor :STMicroelectronics X-CUBE-AZRTOS-F4 1.1.0
2025-03-21 09:01:03,498 [INFO] ThirdParty:1030 - CMSIS Pack Vendor :STMicroelectronics LIBJPEG 8.0.0
2025-03-21 09:01:03,498 [INFO] ThirdParty:1030 - CMSIS Pack Vendor :STMicroelectronics FP-ATR-ASTRA1 2.0.2
2025-03-21 09:01:03,499 [INFO] ThirdParty:1030 - CMSIS Pack Vendor :STMicroelectronics FP-ATR-ASTRA1 2.0.1
2025-03-21 09:01:03,500 [INFO] ThirdParty:1030 - CMSIS Pack Vendor :wolfSSL I-CUBE-wolfSSL 5.6.3
2025-03-21 09:01:03,500 [INFO] ThirdParty:1030 - CMSIS Pack Vendor :STMicroelectronics X-CUBE-SMBUS 2.1.0
2025-03-21 09:01:03,500 [INFO] ThirdParty:1030 - CMSIS Pack Vendor :STMicroelectronics X-CUBE-WB05N 1.1.0
2025-03-21 09:01:03,500 [INFO] ThirdParty:1030 - CMSIS Pack Vendor :STMicroelectronics X-CUBE-ISPU 2.1.0
2025-03-21 09:01:03,500 [INFO] ThirdParty:1030 - CMSIS Pack Vendor :STMicroelectronics X-CUBE-FREERTOS 1.2.0
2025-03-21 09:01:03,500 [INFO] ThirdParty:1030 - CMSIS Pack Vendor :STMicroelectronics X-CUBE-TOUCHGFX 4.23.1
2025-03-21 09:01:03,500 [INFO] ThirdParty:1030 - CMSIS Pack Vendor :STMicroelectronics X-CUBE-TOUCHGFX 4.23.0
2025-03-21 09:01:03,501 [INFO] ThirdParty:1030 - CMSIS Pack Vendor :STMicroelectronics X-CUBE-TOUCHGFX 4.23.2
2025-03-21 09:01:03,501 [INFO] ThirdParty:1030 - CMSIS Pack Vendor :STMicroelectronics X-CUBE-AZRTOS-F7 1.1.0
2025-03-21 09:01:03,501 [INFO] ThirdParty:1030 - CMSIS Pack Vendor :STMicroelectronics X-CUBE-AZRTOS-L5 2.0.0
2025-03-21 09:01:03,501 [INFO] ThirdParty:1030 - CMSIS Pack Vendor :STMicroelectronics USB_DEVICE 2.0.0
2025-03-21 09:01:03,501 [INFO] ThirdParty:1030 - CMSIS Pack Vendor :STMicroelectronics X-CUBE-EEPRMA1 4.2.0
2025-03-21 09:01:03,501 [INFO] ThirdParty:1030 - CMSIS Pack Vendor :STMicroelectronics X-CUBE-NFC6 3.1.0
2025-03-21 09:01:03,501 [INFO] ThirdParty:1030 - CMSIS Pack Vendor :ITTIA_DB I-CUBE-ITTIADB 8.8.0
2025-03-21 09:01:03,501 [INFO] ThirdParty:1030 - CMSIS Pack Vendor :STMicroelectronics FP-SNS-MOTENV1 4.3.2
2025-03-21 09:01:03,501 [INFO] ThirdParty:1030 - CMSIS Pack Vendor :STMicroelectronics X-CUBE-MEMS1 11.0.0
2025-03-21 09:01:03,502 [INFO] ThirdParty:1030 - CMSIS Pack Vendor :STMicroelectronics FreeRTOS 0.0.1
2025-03-21 09:01:03,502 [INFO] ThirdParty:1030 - CMSIS Pack Vendor :STMicroelectronics X-CUBE-BLEMGR 2.0.0
2025-03-21 09:01:03,502 [INFO] ThirdParty:1030 - CMSIS Pack Vendor :STMicroelectronics X-CUBE-DPower 1.2.0
2025-03-21 09:01:03,502 [INFO] ThirdParty:1030 - CMSIS Pack Vendor :STMicroelectronics FP-SNS-FLIGHT1 5.0.2
2025-03-21 09:01:03,502 [INFO] ThirdParty:1030 - CMSIS Pack Vendor :STMicroelectronics X-CUBE-AI 9.0.0
2025-03-21 09:01:03,502 [INFO] ThirdParty:1030 - CMSIS Pack Vendor :STMicroelectronics X-CUBE-AZRTOS-H7 3.1.0
2025-03-21 09:01:03,502 [INFO] ThirdParty:1030 - CMSIS Pack Vendor :STMicroelectronics PDM2PCM 3.3.0
2025-03-21 09:01:03,502 [INFO] ThirdParty:1030 - CMSIS Pack Vendor :STMicroelectronics X-CUBE-DISPLAY 3.0.0
2025-03-21 09:01:03,502 [INFO] ThirdParty:1030 - CMSIS Pack Vendor :STMicroelectronics X-CUBE-BLE1 7.0.0
2025-03-21 09:01:03,503 [INFO] ThirdParty:1030 - CMSIS Pack Vendor :STMicroelectronics X-CUBE-NFC10 1.0.0
2025-03-21 09:01:03,503 [INFO] ThirdParty:1030 - CMSIS Pack Vendor :STMicroelectronics X-CUBE-BLEMGR 4.0.0
2025-03-21 09:01:03,503 [INFO] ThirdParty:1030 - CMSIS Pack Vendor :STMicroelectronics HAL Drivers 0.0.0
2025-03-21 09:01:03,503 [INFO] ThirdParty:1030 - CMSIS Pack Vendor :emotas I-CUBE-CANOPEN 1.3.0
2025-03-21 09:01:03,503 [INFO] ThirdParty:1030 - CMSIS Pack Vendor :STMicroelectronics X-CUBE-FREERTOS 1.3.0
2025-03-21 09:01:03,503 [INFO] ThirdParty:1030 - CMSIS Pack Vendor :STMicroelectronics X-CUBE-NFC7 1.0.1
2025-03-21 09:01:03,503 [INFO] ThirdParty:1030 - CMSIS Pack Vendor :STMicroelectronics MBEDTLS 2.14.1
2025-03-21 09:01:03,503 [INFO] ThirdParty:1030 - CMSIS Pack Vendor :STMicroelectronics X-CUBE-TOUCHGFX 4.22.1
2025-03-21 09:01:03,504 [INFO] ThirdParty:1030 - CMSIS Pack Vendor :wolfSSL I-CUBE-wolfTPM 3.2.0
2025-03-21 09:01:03,504 [INFO] ThirdParty:1030 - CMSIS Pack Vendor :STMicroelectronics X-CUBE-NFC6 3.0.0
2025-03-21 09:01:03,504 [INFO] ThirdParty:1030 - CMSIS Pack Vendor :STMicroelectronics X-CUBE-EEPRMA1 4.1.0
2025-03-21 09:01:03,504 [INFO] ThirdParty:1030 - CMSIS Pack Vendor :STMicroelectronics X-CUBE-BLEMGR 3.1.0
2025-03-21 09:01:03,504 [INFO] ThirdParty:1030 - CMSIS Pack Vendor :STMicroelectronics X-CUBE-AI 10.0.0
2025-03-21 09:01:03,504 [INFO] ThirdParty:1030 - CMSIS Pack Vendor :STMicroelectronics FP-SNS-SMARTAG2 1.2.0
2025-03-21 09:01:03,504 [INFO] ThirdParty:1030 - CMSIS Pack Vendor :STMicroelectronics X-CUBE-MEMS1 11.1.0
2025-03-21 09:01:03,504 [INFO] ThirdParty:1030 - CMSIS Pack Vendor :STMicroelectronics X-CUBE-AZRTOS-WL 2.0.0
2025-03-21 09:01:03,504 [INFO] ThirdParty:1030 - CMSIS Pack Vendor :STMicroelectronics FP-SNS-MOTENV1 5.0.0
2025-03-21 09:01:03,505 [INFO] ThirdParty:1030 - CMSIS Pack Vendor :STMicroelectronics USB_DEVICE 1.0.0
2025-03-21 09:01:03,505 [INFO] ThirdParty:1030 - CMSIS Pack Vendor :STMicroelectronics X-CUBE-AI 8.1.0
2025-03-21 09:01:03,505 [INFO] ThirdParty:1030 - CMSIS Pack Vendor :wolfSSL I-CUBE-wolfMQTT 1.19.0
2025-03-21 09:01:03,505 [INFO] ThirdParty:1030 - CMSIS Pack Vendor :STMicroelectronics X-CUBE-AZRTOS-L4 2.0.0
2025-03-21 09:01:03,505 [INFO] ThirdParty:1030 - CMSIS Pack Vendor :STMicroelectronics ThreadX 0.0.2
2025-03-21 09:01:03,505 [INFO] ThirdParty:1030 - CMSIS Pack Vendor :WES I-CUBE-Cesium 1.3.0
2025-03-21 09:01:03,505 [INFO] ThirdParty:1030 - CMSIS Pack Vendor :STMicroelectronics lwIP 2.1.2
2025-03-21 09:01:03,505 [INFO] ThirdParty:1030 - CMSIS Pack Vendor :STMicroelectronics X-CUBE-SFXS2LP1 4.0.0
2025-03-21 09:01:03,505 [INFO] ThirdParty:1030 - CMSIS Pack Vendor :STMicroelectronics X-CUBE-BLE2 3.3.0
2025-03-21 09:01:03,506 [INFO] ThirdParty:1030 - CMSIS Pack Vendor :STMicroelectronics PDM2PCM 3.2.0
2025-03-21 09:01:03,506 [INFO] ThirdParty:1030 - CMSIS Pack Vendor :STMicroelectronics X-CUBE-ISPU 1.1.0
2025-03-21 09:01:03,506 [INFO] ThirdParty:1030 - CMSIS Pack Vendor :STMicroelectronics X-CUBE-AZRTOS-H7 3.3.0
2025-03-21 09:01:03,506 [INFO] ThirdParty:1030 - CMSIS Pack Vendor :STMicroelectronics X-CUBE-NFC9 1.0.0
2025-03-21 09:01:03,507 [INFO] ThirdParty:1030 - CMSIS Pack Vendor :STMicroelectronics X-CUBE-BLE1 7.1.0
2025-03-21 09:01:03,507 [INFO] ThirdParty:1030 - CMSIS Pack Vendor :STMicroelectronics USB_DEVICE 3.0.0
2025-03-21 09:01:03,507 [INFO] ThirdParty:1030 - CMSIS Pack Vendor :STMicroelectronics X-CUBE-TCPP 4.1.0
2025-03-21 09:01:03,507 [INFO] ThirdParty:1030 - CMSIS Pack Vendor :STMicroelectronics X-CUBE-IPS 3.0.0
2025-03-21 09:01:03,507 [INFO] ThirdParty:1030 - CMSIS Pack Vendor :STMicroelectronics X-CUBE-AZRTOS-WB 2.0.0
2025-03-21 09:01:03,507 [INFO] ThirdParty:1030 - CMSIS Pack Vendor :STMicroelectronics X-CUBE-GNSS1 7.0.0
2025-03-21 09:01:03,507 [INFO] ThirdParty:1030 - CMSIS Pack Vendor :STMicroelectronics X-CUBE-GNSS1 7.0.1
2025-03-21 09:01:03,507 [INFO] ThirdParty:1030 - CMSIS Pack Vendor :STMicroelectronics X-CUBE-TOUCHGFX 4.25.0
2025-03-21 09:01:03,507 [INFO] ThirdParty:1030 - CMSIS Pack Vendor :STMicroelectronics FP-SNS-STBOX1 2.0.0
2025-03-21 09:01:03,507 [INFO] ThirdParty:1030 - CMSIS Pack Vendor :STMicroelectronics X-CUBE-ALGOBUILD 1.3.0
2025-03-21 09:01:03,507 [INFO] ThirdParty:1030 - CMSIS Pack Vendor :STMicroelectronics X-CUBE-AZRTOS-G0 1.1.0
2025-03-21 09:01:03,507 [INFO] ThirdParty:1030 - CMSIS Pack Vendor :STMicroelectronics X-CUBE-SAFEA1 1.2.2
2025-03-21 09:01:03,507 [INFO] ThirdParty:1030 - CMSIS Pack Vendor :STMicroelectronics X-CUBE-NFC4 3.0.0
2025-03-21 09:01:03,508 [INFO] ThirdParty:1030 - CMSIS Pack Vendor :STMicroelectronics X-CUBE-SUBG2 5.0.0
2025-03-21 09:01:03,508 [INFO] ThirdParty:1030 - CMSIS Pack Vendor :STMicroelectronics X-CUBE-AZRTOS-H7RS 1.1.0
2025-03-21 09:01:03,508 [INFO] ThirdParty:1030 - CMSIS Pack Vendor :STMicroelectronics STM32_WPAN 1.0.0
2025-03-21 09:01:03,508 [INFO] ThirdParty:1030 - CMSIS Pack Vendor :wolfSSL I-CUBE-wolfMQTT 1.18.0
2025-03-21 09:01:03,508 [INFO] ThirdParty:1030 - CMSIS Pack Vendor :EmbeddedOffice I-CUBE-FS-RTOS 1.0.1
2025-03-21 09:01:03,508 [INFO] ThirdParty:1030 - CMSIS Pack Vendor :STMicroelectronics lwIP 2.0.3
2025-03-21 09:01:03,508 [INFO] ThirdParty:1030 - CMSIS Pack Vendor :STMicroelectronics USB_HOST 1.0.0
2025-03-21 09:01:03,508 [INFO] ThirdParty:1030 - CMSIS Pack Vendor :STMicroelectronics X-CUBE-TOF1 3.3.1
2025-03-21 09:01:03,508 [INFO] ThirdParty:1030 - CMSIS Pack Vendor :STMicroelectronics X-CUBE-AZRTOS-G4 2.0.0
2025-03-21 09:01:03,509 [INFO] ThirdParty:1030 - CMSIS Pack Vendor :STMicroelectronics PDM2PCM 3.1.0
2025-03-21 09:01:03,509 [INFO] ThirdParty:1030 - CMSIS Pack Vendor :Infineon AIROC-Wi-Fi-Bluetooth-STM32 1.5.1
2025-03-21 09:01:03,509 [INFO] ThirdParty:1030 - CMSIS Pack Vendor :STMicroelectronics X-CUBE-BLEMGR 3.0.0
2025-03-21 09:01:03,509 [INFO] ThirdParty:1030 - CMSIS Pack Vendor :RealThread X-CUBE-RT-Thread_Nano 4.1.1
2025-03-21 09:01:03,509 [INFO] ThirdParty:1030 - CMSIS Pack Vendor :STMicroelectronics FP-SNS-MOTENVWB1 1.3.1
2025-03-21 09:01:03,509 [INFO] ThirdParty:1030 - CMSIS Pack Vendor :STMicroelectronics FP-ATR-SIGFOX1 3.2.0
2025-03-21 09:01:03,509 [INFO] ThirdParty:1030 - CMSIS Pack Vendor :quantropi X-CUBE-qispace-sdk-base 1.9.3
2025-03-21 09:01:03,510 [INFO] ThirdParty:1030 - CMSIS Pack Vendor :STMicroelectronics X-CUBE-ISPU 2.0.0
2025-03-21 09:01:03,510 [INFO] ThirdParty:1030 - CMSIS Pack Vendor :STMicroelectronics X-CUBE-EEPRMA1 5.1.0
2025-03-21 09:01:03,510 [INFO] ThirdParty:1030 - CMSIS Pack Vendor :STMicroelectronics MBEDTLS 2.16.2
2025-03-21 09:01:03,510 [INFO] ThirdParty:1030 - CMSIS Pack Vendor :STMicroelectronics X-CUBE-ALS 1.0.2
2025-03-21 09:01:03,510 [INFO] ThirdParty:1030 - CMSIS Pack Vendor :STMicroelectronics X-CUBE-MEMS1 10.0.0
2025-03-21 09:01:03,510 [INFO] ThirdParty:1030 - CMSIS Pack Vendor :STMicroelectronics X-CUBE-FREERTOS 1.1.0
2025-03-21 09:01:03,510 [INFO] ThirdParty:1030 - CMSIS Pack Vendor :STMicroelectronics X-CUBE-TOUCHGFX 4.24.0
2025-03-21 09:01:03,510 [INFO] ThirdParty:1030 - CMSIS Pack Vendor :STMicroelectronics X-CUBE-TOUCHGFX 4.24.2
2025-03-21 09:01:03,511 [INFO] ThirdParty:1030 - CMSIS Pack Vendor :STMicroelectronics X-CUBE-TOUCHGFX 4.24.1
2025-03-21 09:01:03,511 [INFO] ThirdParty:1030 - CMSIS Pack Vendor :portGmbH I-Cube-SoM-uGOAL 1.1.0
2025-03-21 09:01:03,511 [INFO] ThirdParty:1030 - CMSIS Pack Vendor :STMicroelectronics X-CUBE-ALS 1.0.1
2025-03-21 09:01:03,511 [INFO] ThirdParty:1030 - CMSIS Pack Vendor :STMicroelectronics ThreadX 1.0.0
2025-03-21 09:01:03,511 [INFO] ThirdParty:1030 - CMSIS Pack Vendor :SEGGER I-CUBE-embOS 1.3.1
2025-03-21 09:01:03,511 [INFO] ThirdParty:1030 - CMSIS Pack Vendor :STMicroelectronics X-CUBE-ALGOBUILD 1.4.0
2025-03-21 09:01:03,511 [INFO] ThirdParty:1030 - CMSIS Pack Vendor :STMicroelectronics X-CUBE-AZRTOS-H7RS 1.0.0
2025-03-21 09:01:03,511 [INFO] ThirdParty:1030 - CMSIS Pack Vendor :STMicroelectronics FP-ATR-ASTRA1 2.0.0
2025-03-21 09:01:03,512 [INFO] ThirdParty:1030 - CMSIS Pack Vendor :STMicroelectronics X-CUBE-TOF1 3.4.2
2025-03-21 09:01:03,512 [INFO] ThirdParty:1030 - CMSIS Pack Vendor :STMicroelectronics X-CUBE-AI 9.1.0
2025-03-21 09:01:03,512 [INFO] ThirdParty:1030 - CMSIS Pack Vendor :STMicroelectronics X-CUBE-TOF1 3.4.0
2025-03-21 09:01:03,512 [INFO] ThirdParty:1030 - CMSIS Pack Vendor :STMicroelectronics X-CUBE-TOF1 3.4.1
2025-03-21 09:01:03,512 [INFO] ThirdParty:1030 - CMSIS Pack Vendor :STMicroelectronics X-CUBE-AZRTOS-H7 3.2.0
2025-03-21 09:01:03,512 [INFO] ThirdParty:1030 - CMSIS Pack Vendor :wolfSSL I-CUBE-wolfSSH 1.4.17
2025-03-21 09:01:03,512 [INFO] ThirdParty:841 - exiting critical section [change project]
2025-03-21 09:01:04,296 [INFO] PinOutPanel:1561 - setPackage(No Configuration,No Configuration)
2025-03-21 09:01:04,300 [INFO] PinOutPanel:1561 - setPackage(STM32L4R9AIIx,UFBGA169)
2025-03-21 09:01:05,835 [INFO] UtilMem:75 - Before build in PCC Used Memory: 728116224 Bytes (904921088)
2025-03-21 09:01:08,102 [INFO] UtilMem:75 - After build in PCC Used Memory: 752534120 Bytes (904921088)
2025-03-21 09:01:08,103 [INFO] Middleware:612 - instanceName : STMicroelectronics.X-CUBE-AI.10.0.0 bspName : COM Port check condition failed for : !SEMDeviceJjApplicationJjApplicationTemplate
2025-03-21 09:01:08,103 [INFO] Middleware:612 - instanceName : STMicroelectronics.X-CUBE-AI.10.0.0 bspName : COM Port check condition failed for : !SEMDeviceJjApplicationJjApplicationTemplate
2025-03-21 09:01:08,104 [INFO] Middleware:612 - instanceName : STMicroelectronics.X-CUBE-AI.10.0.0 bspName : COM Port check condition failed for : !SEMDeviceJjApplicationJjApplicationTemplate
2025-03-21 09:01:08,182 [INFO] IPUIPlugin:80 - create IPUIPlugin
2025-03-21 09:01:08,182 [INFO] IPUIPlugin:80 - create IPUIPlugin
2025-03-21 09:01:08,182 [INFO] IPUIPlugin:80 - create IPUIPlugin
2025-03-21 09:01:08,182 [INFO] IPUIPlugin:80 - create IPUIPlugin
2025-03-21 09:01:08,183 [INFO] IPUIPlugin:80 - create IPUIPlugin
2025-03-21 09:01:08,183 [INFO] IPUIPlugin:80 - create IPUIPlugin
2025-03-21 09:01:08,183 [INFO] IPUIPlugin:80 - create IPUIPlugin
2025-03-21 09:01:08,184 [INFO] IPUIPlugin:80 - create IPUIPlugin
2025-03-21 09:01:08,184 [INFO] IPUIPlugin:80 - create IPUIPlugin
2025-03-21 09:01:08,184 [INFO] IPUIPlugin:80 - create IPUIPlugin
2025-03-21 09:01:08,185 [INFO] IPUIPlugin:80 - create IPUIPlugin
2025-03-21 09:01:08,185 [INFO] IPUIPlugin:80 - create IPUIPlugin
2025-03-21 09:01:08,185 [INFO] IPUIPlugin:80 - create IPUIPlugin
2025-03-21 09:01:08,185 [INFO] IPUIPlugin:80 - create IPUIPlugin
2025-03-21 09:01:08,186 [INFO] IPUIPlugin:80 - create IPUIPlugin
2025-03-21 09:01:08,186 [INFO] IPUIPlugin:80 - create IPUIPlugin
2025-03-21 09:01:08,186 [INFO] IPUIPlugin:80 - create IPUIPlugin
2025-03-21 09:01:08,186 [INFO] IPUIPlugin:80 - create IPUIPlugin
2025-03-21 09:01:08,187 [INFO] IPUIPlugin:80 - create IPUIPlugin
2025-03-21 09:01:08,187 [INFO] IPUIPlugin:80 - create IPUIPlugin
2025-03-21 09:01:08,187 [INFO] IPUIPlugin:80 - create IPUIPlugin
2025-03-21 09:01:08,188 [INFO] IPUIPlugin:80 - create IPUIPlugin
2025-03-21 09:01:08,188 [INFO] IPUIPlugin:80 - create IPUIPlugin
2025-03-21 09:01:08,189 [INFO] IPUIPlugin:80 - create IPUIPlugin
2025-03-21 09:01:08,189 [INFO] IPUIPlugin:80 - create IPUIPlugin
2025-03-21 09:01:08,190 [INFO] IPUIPlugin:80 - create IPUIPlugin
2025-03-21 09:01:08,190 [INFO] IPUIPlugin:80 - create IPUIPlugin
2025-03-21 09:01:08,191 [INFO] IPUIPlugin:80 - create IPUIPlugin
2025-03-21 09:01:08,191 [INFO] IPUIPlugin:80 - create IPUIPlugin
2025-03-21 09:01:08,192 [INFO] IPUIPlugin:80 - create IPUIPlugin
2025-03-21 09:01:08,192 [INFO] IPUIPlugin:80 - create IPUIPlugin
2025-03-21 09:01:08,193 [INFO] IPUIPlugin:80 - create IPUIPlugin
2025-03-21 09:01:08,193 [INFO] IPUIPlugin:80 - create IPUIPlugin
2025-03-21 09:01:08,194 [INFO] IPUIPlugin:80 - create IPUIPlugin
2025-03-21 09:01:08,196 [INFO] IPUIPlugin:80 - create IPUIPlugin
2025-03-21 09:01:08,197 [INFO] IPUIPlugin:80 - create IPUIPlugin
2025-03-21 09:01:08,198 [INFO] IPUIPlugin:80 - create IPUIPlugin
2025-03-21 09:01:08,199 [INFO] IPUIPlugin:80 - create IPUIPlugin
2025-03-21 09:01:08,199 [INFO] IPUIPlugin:80 - create IPUIPlugin
2025-03-21 09:01:08,201 [INFO] IPUIPlugin:80 - create IPUIPlugin
2025-03-21 09:01:08,202 [INFO] IPUIPlugin:80 - create IPUIPlugin
2025-03-21 09:01:08,203 [INFO] IPUIPlugin:80 - create IPUIPlugin
2025-03-21 09:01:08,205 [INFO] IPUIPlugin:80 - create IPUIPlugin
2025-03-21 09:01:08,205 [INFO] IPUIPlugin:80 - create IPUIPlugin
2025-03-21 09:01:08,206 [INFO] IPUIPlugin:80 - create IPUIPlugin
2025-03-21 09:01:08,207 [INFO] IPUIPlugin:80 - create IPUIPlugin
2025-03-21 09:01:08,207 [INFO] IPUIPlugin:80 - create IPUIPlugin
2025-03-21 09:01:08,208 [INFO] IPUIPlugin:80 - create IPUIPlugin
2025-03-21 09:01:08,208 [INFO] IPUIPlugin:80 - create IPUIPlugin
2025-03-21 09:01:08,209 [INFO] IPUIPlugin:80 - create IPUIPlugin
2025-03-21 09:01:08,210 [INFO] IPUIPlugin:80 - create IPUIPlugin
2025-03-21 09:01:08,210 [INFO] IPUIPlugin:80 - create IPUIPlugin
2025-03-21 09:01:08,211 [INFO] IPUIPlugin:80 - create IPUIPlugin
2025-03-21 09:01:08,211 [INFO] IPUIPlugin:80 - create IPUIPlugin
2025-03-21 09:01:08,212 [INFO] IPUIPlugin:80 - create IPUIPlugin
2025-03-21 09:01:08,213 [INFO] IPUIPlugin:80 - create IPUIPlugin
2025-03-21 09:01:08,214 [INFO] IPUIPlugin:80 - create IPUIPlugin
2025-03-21 09:01:08,215 [INFO] IPUIPlugin:80 - create IPUIPlugin
2025-03-21 09:01:08,216 [INFO] IPUIPlugin:80 - create IPUIPlugin
2025-03-21 09:01:08,217 [INFO] IPUIPlugin:80 - create IPUIPlugin
2025-03-21 09:01:08,218 [INFO] IPUIPlugin:80 - create IPUIPlugin
2025-03-21 09:01:08,219 [INFO] IPUIPlugin:80 - create IPUIPlugin
2025-03-21 09:01:08,220 [INFO] IPUIPlugin:80 - create IPUIPlugin
2025-03-21 09:01:08,221 [INFO] IPUIPlugin:80 - create IPUIPlugin
2025-03-21 09:01:08,222 [INFO] IPUIPlugin:80 - create IPUIPlugin
2025-03-21 09:01:08,234 [INFO] AI:968 - onDisable adding AI com.st.microxplorer.plugins.ip.ai.AI@5774eec9 on STMicroelectronics.X-CUBE-AI.10.0.0
2025-03-21 09:01:08,967 [INFO] CADModel:165 - CPN selected for project levelSTM32L4R9AII6
2025-03-21 09:01:08,968 [INFO] CADModel:114 - Register for checkConnection events
2025-03-21 09:01:09,074 [INFO] OpenFileManager:363 - Restore cursor
2025-03-21 09:01:10,450 [INFO] AIMainUI:1270 - Restoring parameters from IP...
2025-03-21 09:01:10,450 [INFO] AIMainUI:1393 - No old model detected
2025-03-21 09:01:10,523 [ERROR] N6Profiles:77 - java.io.FileNotFoundException: C:\Users\hugoc\STM32Cube\Repository\Packs\STMicroelectronics\X-CUBE-AI\10.0.0\scripts\N6_scripts\user_neuralart.json (Le chemin d’accès spécifié est introuvable)
2025-03-21 09:01:10,570 [INFO] AInterface:114 - AInterface using toolDir: C:/Users/hugoc/STM32Cube/Repository/Packs/STMicroelectronics/X-CUBE-AI/10.0.0/Utilities/windows
2025-03-21 09:01:10,584 [INFO] AIModelDetailledView:2372 - Analysis status: -
2025-03-21 09:01:10,586 [INFO] AIModelDetailledView:930 - Selected model: Keras
2025-03-21 09:01:10,740 [INFO] AIModelDetailledView:2372 - Analysis status: done
2025-03-21 09:01:20,563 [INFO] AI:951 - getUI adding AI com.st.microxplorer.plugins.ip.ai.AI@5774eec9 on STMicroelectronics.X-CUBE-AI.10.0.0
2025-03-21 09:01:20,564 [INFO] Middleware:612 - instanceName : STMicroelectronics.X-CUBE-AI.10.0.0 bspName : COM Port check condition failed for : !SEMDeviceJjApplicationJjApplicationTemplate
2025-03-21 09:01:20,565 [INFO] Middleware:612 - instanceName : STMicroelectronics.X-CUBE-AI.10.0.0 bspName : COM Port check condition failed for : !SEMDeviceJjApplicationJjApplicationTemplate
2025-03-21 09:01:20,565 [INFO] Middleware:612 - instanceName : STMicroelectronics.X-CUBE-AI.10.0.0 bspName : COM Port check condition failed for : !SEMDeviceJjApplicationJjApplicationTemplate
2025-03-21 09:01:39,232 [INFO] AIModelDetailledView:2372 - Analysis status: -
2025-03-21 09:02:01,038 [INFO] AInterface:254 - ModelName:model_v1; files:[C:\Users\hugoc\OneDrive\Documents\Hugo\ISMIN\Cours\S8\Ia_Data\IA_embarque\Github\IA_Embarque\COLAB\Model_V1.h5]; type:Keras; compression:None
2025-03-21 09:02:01,041 [INFO] AInterface:519 - workspaceTempDir: C:/Users/hugoc/AppData/Local/Temp/mxAI_workspace183789143970010033744912710079898
2025-03-21 09:02:01,042 [INFO] AInterface:1132 - Setting Env: C:/Users/hugoc/STM32Cube/Repository/Packs/STMicroelectronics/X-CUBE-AI/10.0.0/Utilities/windows
2025-03-21 09:02:01,267 [INFO] STM32CubeIDEBuilder:265 - Looking for gnu-tools-for-stm32 tools/bin/arm-none-eabi-gcc.exe in C:\ST\STM32CubeIDE_1.13.1\STM32CubeIDE
2025-03-21 09:02:01,278 [INFO] STM32CubeIDEBuilder:294 - checking C:\ST\STM32CubeIDE_1.13.1\STM32CubeIDE\plugins\com.st.stm32cube.ide.mcu.externaltools.gnu-tools-for-stm32.12.3.rel1.win32_1.0.200.202406191623\tools\bin\arm-none-eabi-gcc.exe
2025-03-21 09:02:01,281 [INFO] STM32CubeIDEBuilder:297 - ret=C:\ST\STM32CubeIDE_1.13.1\STM32CubeIDE\plugins\com.st.stm32cube.ide.mcu.externaltools.gnu-tools-for-stm32.12.3.rel1.win32_1.0.200.202406191623\tools\bin\arm-none-eabi-gcc.exe
2025-03-21 09:02:01,281 [INFO] STM32CubeIDEBuilder:311 - returning C:\ST\STM32CubeIDE_1.13.1\STM32CubeIDE\plugins\com.st.stm32cube.ide.mcu.externaltools.gnu-tools-for-stm32.12.3.rel1.win32_1.0.200.202406191623\tools\bin\arm-none-eabi-gcc.exe
2025-03-21 09:02:01,283 [INFO] AInterface:1189 - Custom PATH variable: C:/Users/hugoc/STM32Cube/Repository/Packs/STMicroelectronics/X-CUBE-AI/10.0.0/Utilities/windows;C:/Users/hugoc/STM32Cube/Repository/Packs/STMicroelectronics/X-CUBE-AI/10.0.0/Utilities/windows/mingw64/bin;C:/Users/hugoc/STM32Cube/Repository/Packs/STMicroelectronics/X-CUBE-AI/10.0.0/Utilities/windows/mingw64/libexec/gcc/x86_64-w64-mingw32/7.3.0;;C:\ST\STM32CubeIDE_1.13.1\STM32CubeIDE\plugins\com.st.stm32cube.ide.mcu.externaltools.gnu-tools-for-stm32.12.3.rel1.win32_1.0.200.202406191623\tools\bin
2025-03-21 09:02:01,287 [INFO] CmdLine:109 - Command: C:/Users/hugoc/STM32Cube/Repository/Packs/STMicroelectronics/X-CUBE-AI/10.0.0/Utilities/windows/stedgeai.exe analyze --target stm32l4 --name model_v1 -m C:/Users/hugoc/OneDrive/Documents/Hugo/ISMIN/Cours/S8/Ia_Data/IA_embarque/Github/IA_Embarque/COLAB/Model_V1.h5 --compression none --verbosity 1 --workspace C:/Users/hugoc/AppData/Local/Temp/mxAI_workspace183789143970010033744912710079898 --output C:/Users/hugoc/.stm32cubemx/model_v1_output
2025-03-21 09:02:01,290 [INFO] AIModelDetailledView:2372 - Analysis status: pending
2025-03-21 09:02:05,333 [INFO] CmdLine:74 - ST Edge AI Core v2.0.0-20049
2025-03-21 09:02:40,143 [INFO] CmdLine:74 - Creating c (debug) info json file C:\Users\hugoc\AppData\Local\Temp\mxAI_workspace183789143970010033744912710079898\model_v1_c_info.json
2025-03-21 09:02:40,384 [INFO] CmdLine:74 -  
2025-03-21 09:02:40,385 [INFO] CmdLine:74 -  Exec/report summary (analyze)
2025-03-21 09:02:40,387 [INFO] CmdLine:74 -  ----------------------------------------------------------------------------------------------------------------------------------------
2025-03-21 09:02:40,390 [INFO] CmdLine:74 -  model file         :   C:\Users\hugoc\OneDrive\Documents\Hugo\ISMIN\Cours\S8\Ia_Data\IA_embarque\Github\IA_Embarque\COLAB\Model_V1.h5   
2025-03-21 09:02:40,391 [INFO] CmdLine:74 -  type               :   keras                                                                                                            
2025-03-21 09:02:40,392 [INFO] CmdLine:74 -  c_name             :   model_v1                                                                                                         
2025-03-21 09:02:40,393 [INFO] CmdLine:74 -  compression        :   none                                                                                                             
2025-03-21 09:02:40,394 [INFO] CmdLine:74 -  options            :   allocate-inputs, allocate-outputs                                                                                
2025-03-21 09:02:40,395 [INFO] CmdLine:74 -  optimization       :   balanced                                                                                                         
2025-03-21 09:02:40,396 [INFO] CmdLine:74 -  target/series      :   stm32l4                                                                                                          
2025-03-21 09:02:40,396 [INFO] CmdLine:74 -  workspace dir      :   C:\Users\hugoc\AppData\Local\Temp\mxAI_workspace183789143970010033744912710079898                                
2025-03-21 09:02:40,397 [INFO] CmdLine:74 -  output dir         :   C:\Users\hugoc\.stm32cubemx\model_v1_output                                                                      
2025-03-21 09:02:40,398 [INFO] CmdLine:74 -  model_fmt          :   float                                                                                                            
2025-03-21 09:02:40,399 [INFO] CmdLine:74 -  model_name         :   Model_V1                                                                                                         
2025-03-21 09:02:40,400 [INFO] CmdLine:74 -  model_hash         :   0x2ac21b7b6d50788773a4495e0a84f8a1                                                                               
2025-03-21 09:02:40,403 [INFO] CmdLine:74 -  params #           :   9,029 items (35.27 KiB)                                                                                          
2025-03-21 09:02:40,404 [INFO] CmdLine:74 -  ----------------------------------------------------------------------------------------------------------------------------------------
2025-03-21 09:02:40,405 [INFO] CmdLine:74 -  input 1/1          :   'input_0', f32(1x5), 20 Bytes, activations                                                                       
2025-03-21 09:02:40,406 [INFO] CmdLine:74 -  output 1/1         :   'dense_7', f32(1x5), 20 Bytes, activations                                                                       
2025-03-21 09:02:40,408 [INFO] CmdLine:74 -  macc               :   10,448                                                                                                           
2025-03-21 09:02:40,409 [INFO] CmdLine:74 -  weights (ro)       :   36,116 B (35.27 KiB) (1 segment)                                                                                 
2025-03-21 09:02:40,423 [INFO] CmdLine:74 -  activations (rw)   :   512 B (512 B) (1 segment) *                                                                                      
2025-03-21 09:02:40,425 [INFO] CmdLine:74 -  ram (total)        :   512 B (512 B) = 512 + 0 + 0                                                                                      
2025-03-21 09:02:40,427 [INFO] CmdLine:74 -  ----------------------------------------------------------------------------------------------------------------------------------------
2025-03-21 09:02:40,471 [INFO] CmdLine:74 -  (*) 'input'/'output' buffers can be used from the activations buffer
2025-03-21 09:02:40,473 [INFO] CmdLine:74 - Computing AI RT data/code size (target=stm32l4)..
2025-03-21 09:02:46,842 [INFO] CmdLine:74 -  Model name - Model_V1
2025-03-21 09:02:46,843 [INFO] CmdLine:74 -  ------ ----------------------- ------------ -------------- ------- ---------------
2025-03-21 09:02:46,845 [INFO] CmdLine:74 -  m_id   layer (original)        oshape       param/size        macc    connected to
2025-03-21 09:02:46,846 [INFO] CmdLine:74 -  ------ ----------------------- ------------ -------------- ------- ---------------
2025-03-21 09:02:46,847 [INFO] CmdLine:74 -  0      input_0 (None)          [b:1,c:5]
2025-03-21 09:02:46,849 [INFO] CmdLine:74 -         dense_4_dense (Dense)   [b:1,c:64]   384/1,536          384         input_0
2025-03-21 09:02:46,850 [INFO] CmdLine:74 -         dense_4 (Dense)         [b:1,c:64]                       64   dense_4_dense
2025-03-21 09:02:46,851 [INFO] CmdLine:74 -  ------ ----------------------- ------------ -------------- ------- ---------------
2025-03-21 09:02:46,853 [INFO] CmdLine:74 -  2      dense_5_dense (Dense)   [b:1,c:64]   4,160/16,640     4,160         dense_4
2025-03-21 09:02:46,856 [INFO] CmdLine:74 -         dense_5 (Dense)         [b:1,c:64]                      640   dense_5_dense
2025-03-21 09:02:46,857 [INFO] CmdLine:74 -  ------ ----------------------- ------------ -------------- ------- ---------------
2025-03-21 09:02:46,858 [INFO] CmdLine:74 -  4      dense_6_dense (Dense)   [b:1,c:64]   4,160/16,640     4,160         dense_5
2025-03-21 09:02:46,860 [INFO] CmdLine:74 -         dense_6 (Dense)         [b:1,c:64]                      640   dense_6_dense
2025-03-21 09:02:46,861 [INFO] CmdLine:74 -  ------ ----------------------- ------------ -------------- ------- ---------------
2025-03-21 09:02:46,862 [INFO] CmdLine:74 -  6      dense_7_dense (Dense)   [b:1,c:5]    325/1,300          325         dense_6
2025-03-21 09:02:46,863 [INFO] CmdLine:74 -         dense_7 (Dense)         [b:1,c:5]                        75   dense_7_dense
2025-03-21 09:02:46,864 [INFO] CmdLine:74 -  ------ ----------------------- ------------ -------------- ------- ---------------
2025-03-21 09:02:46,865 [INFO] CmdLine:74 -  model: macc=10,448 weights=36,116 activations=-- io=--
2025-03-21 09:02:46,866 [INFO] CmdLine:74 -  Number of operations per c-layer
2025-03-21 09:02:46,867 [INFO] CmdLine:74 -  ------- ------ ------------------------ -------- --------------
2025-03-21 09:02:46,868 [INFO] CmdLine:74 -  c_id    m_id   name (type)                   #op           type
2025-03-21 09:02:46,873 [INFO] CmdLine:74 -  ------- ------ ------------------------ -------- --------------
2025-03-21 09:02:46,874 [INFO] CmdLine:74 -  0       0      dense_4_dense (Dense)         384   smul_f32_f32
2025-03-21 09:02:46,875 [INFO] CmdLine:74 -  1       0      dense_4 (Nonlinearity)         64     op_f32_f32
2025-03-21 09:02:46,876 [INFO] CmdLine:74 -  2       2      dense_5_dense (Dense)       4,160   smul_f32_f32
2025-03-21 09:02:46,876 [INFO] CmdLine:74 -  3       2      dense_5 (Nonlinearity)        640     op_f32_f32
2025-03-21 09:02:46,877 [INFO] CmdLine:74 -  4       4      dense_6_dense (Dense)       4,160   smul_f32_f32
2025-03-21 09:02:46,878 [INFO] CmdLine:74 -  5       4      dense_6 (Nonlinearity)        640     op_f32_f32
2025-03-21 09:02:46,879 [INFO] CmdLine:74 -  6       6      dense_7_dense (Dense)         325   smul_f32_f32
2025-03-21 09:02:46,880 [INFO] CmdLine:74 -  7       6      dense_7 (Nonlinearity)         75     op_f32_f32
2025-03-21 09:02:46,881 [INFO] CmdLine:74 -  ------- ------ ------------------------ -------- --------------
2025-03-21 09:02:46,882 [INFO] CmdLine:74 -  total                                     10,448
2025-03-21 09:02:46,883 [INFO] CmdLine:74 -  Number of operation types
2025-03-21 09:02:46,885 [INFO] CmdLine:74 -  ---------------- ------- -----------
2025-03-21 09:02:46,887 [INFO] CmdLine:74 -  operation type         #           %
2025-03-21 09:02:46,888 [INFO] CmdLine:74 -  ---------------- ------- -----------
2025-03-21 09:02:46,888 [INFO] CmdLine:74 -  smul_f32_f32       9,029       86.4%
2025-03-21 09:02:46,889 [INFO] CmdLine:74 -  op_f32_f32         1,419       13.6%
2025-03-21 09:02:46,890 [INFO] CmdLine:74 -  Complexity report (model)
2025-03-21 09:02:46,891 [INFO] CmdLine:74 -  ------ --------------- ------------------------- ------------------------- --------
2025-03-21 09:02:46,892 [INFO] CmdLine:74 -  m_id   name            c_macc                    c_rom                     c_id
2025-03-21 09:02:46,893 [INFO] CmdLine:74 -  ------ --------------- ------------------------- ------------------------- --------
2025-03-21 09:02:46,894 [INFO] CmdLine:74 -  0      input_0         ||                 4.3%   ||                 4.3%   [0, 1]
2025-03-21 09:02:46,895 [INFO] CmdLine:74 -  2      dense_5_dense   ||||||||||||||||  45.9%   ||||||||||||||||  46.1%   [2, 3]
2025-03-21 09:02:46,896 [INFO] CmdLine:74 -  4      dense_6_dense   ||||||||||||||||  45.9%   ||||||||||||||||  46.1%   [4, 5]
2025-03-21 09:02:46,897 [INFO] CmdLine:74 -  6      dense_7_dense   ||                 3.8%   ||                 3.6%   [6, 7]
2025-03-21 09:02:46,899 [INFO] CmdLine:74 -  ------ --------------- ------------------------- ------------------------- --------
2025-03-21 09:02:46,902 [INFO] CmdLine:74 -  macc=10,448 weights=36,116 act=512 ram_io=0
2025-03-21 09:02:46,903 [INFO] CmdLine:74 -  Requested memory size by section - "stm32l4" target
2025-03-21 09:02:46,905 [INFO] CmdLine:74 -  ------------------------------ ------- -------- ------- -----
2025-03-21 09:02:46,906 [INFO] CmdLine:74 -  module                            text   rodata    data   bss
2025-03-21 09:02:46,907 [INFO] CmdLine:74 -  ------------------------------ ------- -------- ------- -----
2025-03-21 09:02:46,908 [INFO] CmdLine:74 -  NetworkRuntime1000_CM4_GCC.a     7,136        0       0     0
2025-03-21 09:02:46,908 [INFO] CmdLine:74 -  model_v1.o                         606       64   2,236   160
2025-03-21 09:02:46,909 [INFO] CmdLine:74 -  model_v1_data.o                     48       16      88     0
2025-03-21 09:02:46,910 [INFO] CmdLine:74 -  lib (toolchain)*                 1,432       24      12     0
2025-03-21 09:02:46,911 [INFO] CmdLine:74 -  ------------------------------ ------- -------- ------- -----
2025-03-21 09:02:46,912 [INFO] CmdLine:74 -  RT total**                       9,222      104   2,336   160
2025-03-21 09:02:46,913 [INFO] CmdLine:74 -  ------------------------------ ------- -------- ------- -----
2025-03-21 09:02:46,913 [INFO] CmdLine:74 -  weights                              0   36,120       0     0
2025-03-21 09:02:46,914 [INFO] CmdLine:74 -  activations                          0        0       0   512
2025-03-21 09:02:46,915 [INFO] CmdLine:74 -  io                                   0        0       0     0
2025-03-21 09:02:46,916 [INFO] CmdLine:74 -  ------------------------------ ------- -------- ------- -----
2025-03-21 09:02:46,918 [INFO] CmdLine:74 -  TOTAL                            9,222   36,224   2,336   672
2025-03-21 09:02:46,919 [INFO] CmdLine:74 -  ------------------------------ ------- -------- ------- -----
2025-03-21 09:02:46,920 [INFO] CmdLine:74 -  *  toolchain objects (libm/libgcc*)
2025-03-21 09:02:46,921 [INFO] CmdLine:74 -  ** RT AI runtime objects (kernels+infrastructure)
2025-03-21 09:02:46,922 [INFO] CmdLine:74 -   Summary - "stm32l4" target
2025-03-21 09:02:46,923 [INFO] CmdLine:74 -   ---------------------------------------------------
2025-03-21 09:02:46,924 [INFO] CmdLine:74 -                FLASH (ro)      %*   RAM (rw)       %
2025-03-21 09:02:46,924 [INFO] CmdLine:74 -   ---------------------------------------------------
2025-03-21 09:02:46,926 [INFO] CmdLine:74 -   RT total         11,662   24.4%      2,496   83.0%
2025-03-21 09:02:46,927 [INFO] CmdLine:74 -   ---------------------------------------------------
2025-03-21 09:02:46,927 [INFO] CmdLine:74 -   TOTAL            47,782              3,008
2025-03-21 09:02:46,928 [INFO] CmdLine:74 -   ---------------------------------------------------
2025-03-21 09:02:46,929 [INFO] CmdLine:74 -   *  rt/total
2025-03-21 09:02:46,930 [INFO] CmdLine:74 - Creating txt report file C:\Users\hugoc\.stm32cubemx\model_v1_output\model_v1_analyze_report.txt
2025-03-21 09:03:15,760 [INFO] CmdLine:74 - elapsed time (analyze): 70.424s
2025-03-21 09:03:16,688 [INFO] CmdLine:142 - stedgeai exit with status: 0
2025-03-21 09:03:16,782 [INFO] AIModelDetailledView:1176 - Model file:      Model_V1.h5
2025-03-21 09:03:16,784 [INFO] AIModelDetailledView:1176 - Total Flash:     47778 B (46.66 KiB)
2025-03-21 09:03:16,785 [INFO] AIModelDetailledView:1176 -     Weights:     36116 B (35.27 KiB)
2025-03-21 09:03:16,787 [INFO] AIModelDetailledView:1176 -     Library:     11662 B (11.39 KiB)
2025-03-21 09:03:16,788 [INFO] AIModelDetailledView:1176 - Total Ram:       3020 B (2.95 KiB)
2025-03-21 09:03:16,789 [INFO] AIModelDetailledView:1176 -     Activations: 524 B
2025-03-21 09:03:16,790 [INFO] AIModelDetailledView:1176 -     Library:     2496 B (2.44 KiB)
2025-03-21 09:03:16,790 [INFO] AIModelDetailledView:1176 -     Input:       20 B (included in Activations)
2025-03-21 09:03:16,791 [INFO] AIModelDetailledView:1176 -     Output:      20 B (included in Activations)
2025-03-21 09:03:16,792 [INFO] AIModelDetailledView:1176 - Done
2025-03-21 09:03:16,793 [INFO] AIModelDetailledView:2707 - Analyze complete on AI model
2025-03-21 09:03:16,802 [INFO] AIModelDetailledView:2372 - Analysis status: done
2025-03-21 09:03:27,089 [INFO] UtilMem:75 - End SaveConfig() Used Memory: 850540192 Bytes (1073741824)
2025-03-21 09:03:28,649 [INFO] Middleware:612 - instanceName : STMicroelectronics.X-CUBE-AI.10.0.0 bspName : COM Port check condition failed for : !SEMDeviceJjApplicationJjApplicationTemplate
2025-03-21 09:03:28,649 [INFO] Middleware:612 - instanceName : STMicroelectronics.X-CUBE-AI.10.0.0 bspName : COM Port check condition failed for : !SEMDeviceJjApplicationJjApplicationTemplate
2025-03-21 09:03:28,650 [INFO] Middleware:612 - instanceName : STMicroelectronics.X-CUBE-AI.10.0.0 bspName : COM Port check condition failed for : !SEMDeviceJjApplicationJjApplicationTemplate
2025-03-21 09:03:28,650 [INFO] Middleware:612 - instanceName : STMicroelectronics.X-CUBE-AI.10.0.0 bspName : COM Port check condition failed for : !SEMDeviceJjApplicationJjApplicationTemplate
2025-03-21 09:03:28,650 [INFO] Middleware:612 - instanceName : STMicroelectronics.X-CUBE-AI.10.0.0 bspName : COM Port check condition failed for : !SEMDeviceJjApplicationJjApplicationTemplate
2025-03-21 09:03:28,650 [INFO] Middleware:612 - instanceName : STMicroelectronics.X-CUBE-AI.10.0.0 bspName : COM Port check condition failed for : !SEMDeviceJjApplicationJjApplicationTemplate
2025-03-21 09:03:28,723 [INFO] Middleware:612 - instanceName : STMicroelectronics.X-CUBE-AI.10.0.0 bspName : COM Port check condition failed for : !SEMDeviceJjApplicationJjApplicationTemplate
2025-03-21 09:03:28,723 [INFO] Middleware:612 - instanceName : STMicroelectronics.X-CUBE-AI.10.0.0 bspName : COM Port check condition failed for : !SEMDeviceJjApplicationJjApplicationTemplate
2025-03-21 09:03:28,723 [INFO] Middleware:612 - instanceName : STMicroelectronics.X-CUBE-AI.10.0.0 bspName : COM Port check condition failed for : !SEMDeviceJjApplicationJjApplicationTemplate
2025-03-21 09:03:28,723 [INFO] Middleware:612 - instanceName : STMicroelectronics.X-CUBE-AI.10.0.0 bspName : COM Port check condition failed for : !SEMDeviceJjApplicationJjApplicationTemplate
2025-03-21 09:03:28,724 [INFO] Middleware:612 - instanceName : STMicroelectronics.X-CUBE-AI.10.0.0 bspName : COM Port check condition failed for : !SEMDeviceJjApplicationJjApplicationTemplate
2025-03-21 09:03:28,724 [INFO] Middleware:612 - instanceName : STMicroelectronics.X-CUBE-AI.10.0.0 bspName : COM Port check condition failed for : !SEMDeviceJjApplicationJjApplicationTemplate
2025-03-21 09:03:28,863 [INFO] Middleware:612 - instanceName : STMicroelectronics.X-CUBE-AI.10.0.0 bspName : COM Port check condition failed for : !SEMDeviceJjApplicationJjApplicationTemplate
2025-03-21 09:03:28,864 [INFO] Middleware:612 - instanceName : STMicroelectronics.X-CUBE-AI.10.0.0 bspName : COM Port check condition failed for : !SEMDeviceJjApplicationJjApplicationTemplate
2025-03-21 09:03:28,867 [INFO] Middleware:612 - instanceName : STMicroelectronics.X-CUBE-AI.10.0.0 bspName : COM Port check condition failed for : !SEMDeviceJjApplicationJjApplicationTemplate
2025-03-21 09:03:28,873 [INFO] Middleware:612 - instanceName : STMicroelectronics.X-CUBE-AI.10.0.0 bspName : COM Port check condition failed for : !SEMDeviceJjApplicationJjApplicationTemplate
2025-03-21 09:03:28,874 [INFO] Middleware:612 - instanceName : STMicroelectronics.X-CUBE-AI.10.0.0 bspName : COM Port check condition failed for : !SEMDeviceJjApplicationJjApplicationTemplate
2025-03-21 09:03:28,874 [INFO] Middleware:612 - instanceName : STMicroelectronics.X-CUBE-AI.10.0.0 bspName : COM Port check condition failed for : !SEMDeviceJjApplicationJjApplicationTemplate
2025-03-21 09:03:28,944 [INFO] Middleware:612 - instanceName : STMicroelectronics.X-CUBE-AI.10.0.0 bspName : COM Port check condition failed for : !SEMDeviceJjApplicationJjApplicationTemplate
2025-03-21 09:03:28,944 [INFO] Middleware:612 - instanceName : STMicroelectronics.X-CUBE-AI.10.0.0 bspName : COM Port check condition failed for : !SEMDeviceJjApplicationJjApplicationTemplate
2025-03-21 09:03:28,945 [INFO] Middleware:612 - instanceName : STMicroelectronics.X-CUBE-AI.10.0.0 bspName : COM Port check condition failed for : !SEMDeviceJjApplicationJjApplicationTemplate
2025-03-21 09:03:28,945 [INFO] Middleware:612 - instanceName : STMicroelectronics.X-CUBE-AI.10.0.0 bspName : COM Port check condition failed for : !SEMDeviceJjApplicationJjApplicationTemplate
2025-03-21 09:03:28,945 [INFO] Middleware:612 - instanceName : STMicroelectronics.X-CUBE-AI.10.0.0 bspName : COM Port check condition failed for : !SEMDeviceJjApplicationJjApplicationTemplate
2025-03-21 09:03:28,945 [INFO] Middleware:612 - instanceName : STMicroelectronics.X-CUBE-AI.10.0.0 bspName : COM Port check condition failed for : !SEMDeviceJjApplicationJjApplicationTemplate
2025-03-21 09:03:29,008 [INFO] Middleware:612 - instanceName : STMicroelectronics.X-CUBE-AI.10.0.0 bspName : COM Port check condition failed for : !SEMDeviceJjApplicationJjApplicationTemplate
2025-03-21 09:03:29,008 [INFO] Middleware:612 - instanceName : STMicroelectronics.X-CUBE-AI.10.0.0 bspName : COM Port check condition failed for : !SEMDeviceJjApplicationJjApplicationTemplate
2025-03-21 09:03:29,008 [INFO] Middleware:612 - instanceName : STMicroelectronics.X-CUBE-AI.10.0.0 bspName : COM Port check condition failed for : !SEMDeviceJjApplicationJjApplicationTemplate
2025-03-21 09:03:29,009 [INFO] Middleware:612 - instanceName : STMicroelectronics.X-CUBE-AI.10.0.0 bspName : COM Port check condition failed for : !SEMDeviceJjApplicationJjApplicationTemplate
2025-03-21 09:03:29,009 [INFO] Middleware:612 - instanceName : STMicroelectronics.X-CUBE-AI.10.0.0 bspName : COM Port check condition failed for : !SEMDeviceJjApplicationJjApplicationTemplate
2025-03-21 09:03:29,009 [INFO] Middleware:612 - instanceName : STMicroelectronics.X-CUBE-AI.10.0.0 bspName : COM Port check condition failed for : !SEMDeviceJjApplicationJjApplicationTemplate
2025-03-21 09:03:29,072 [INFO] Middleware:612 - instanceName : STMicroelectronics.X-CUBE-AI.10.0.0 bspName : COM Port check condition failed for : !SEMDeviceJjApplicationJjApplicationTemplate
2025-03-21 09:03:29,072 [INFO] Middleware:612 - instanceName : STMicroelectronics.X-CUBE-AI.10.0.0 bspName : COM Port check condition failed for : !SEMDeviceJjApplicationJjApplicationTemplate
2025-03-21 09:03:29,072 [INFO] Middleware:612 - instanceName : STMicroelectronics.X-CUBE-AI.10.0.0 bspName : COM Port check condition failed for : !SEMDeviceJjApplicationJjApplicationTemplate
2025-03-21 09:03:29,072 [INFO] Middleware:612 - instanceName : STMicroelectronics.X-CUBE-AI.10.0.0 bspName : COM Port check condition failed for : !SEMDeviceJjApplicationJjApplicationTemplate
2025-03-21 09:03:29,072 [INFO] Middleware:612 - instanceName : STMicroelectronics.X-CUBE-AI.10.0.0 bspName : COM Port check condition failed for : !SEMDeviceJjApplicationJjApplicationTemplate
2025-03-21 09:03:29,073 [INFO] Middleware:612 - instanceName : STMicroelectronics.X-CUBE-AI.10.0.0 bspName : COM Port check condition failed for : !SEMDeviceJjApplicationJjApplicationTemplate
2025-03-21 09:03:29,134 [INFO] Middleware:612 - instanceName : STMicroelectronics.X-CUBE-AI.10.0.0 bspName : COM Port check condition failed for : !SEMDeviceJjApplicationJjApplicationTemplate
2025-03-21 09:03:29,135 [INFO] Middleware:612 - instanceName : STMicroelectronics.X-CUBE-AI.10.0.0 bspName : COM Port check condition failed for : !SEMDeviceJjApplicationJjApplicationTemplate
2025-03-21 09:03:29,135 [INFO] Middleware:612 - instanceName : STMicroelectronics.X-CUBE-AI.10.0.0 bspName : COM Port check condition failed for : !SEMDeviceJjApplicationJjApplicationTemplate
2025-03-21 09:03:29,135 [INFO] Middleware:612 - instanceName : STMicroelectronics.X-CUBE-AI.10.0.0 bspName : COM Port check condition failed for : !SEMDeviceJjApplicationJjApplicationTemplate
2025-03-21 09:03:29,135 [INFO] Middleware:612 - instanceName : STMicroelectronics.X-CUBE-AI.10.0.0 bspName : COM Port check condition failed for : !SEMDeviceJjApplicationJjApplicationTemplate
2025-03-21 09:03:29,135 [INFO] Middleware:612 - instanceName : STMicroelectronics.X-CUBE-AI.10.0.0 bspName : COM Port check condition failed for : !SEMDeviceJjApplicationJjApplicationTemplate
2025-03-21 09:03:29,202 [INFO] Middleware:612 - instanceName : STMicroelectronics.X-CUBE-AI.10.0.0 bspName : COM Port check condition failed for : !SEMDeviceJjApplicationJjApplicationTemplate
2025-03-21 09:03:29,203 [INFO] Middleware:612 - instanceName : STMicroelectronics.X-CUBE-AI.10.0.0 bspName : COM Port check condition failed for : !SEMDeviceJjApplicationJjApplicationTemplate
2025-03-21 09:03:29,204 [INFO] Middleware:612 - instanceName : STMicroelectronics.X-CUBE-AI.10.0.0 bspName : COM Port check condition failed for : !SEMDeviceJjApplicationJjApplicationTemplate
2025-03-21 09:03:29,204 [INFO] Middleware:612 - instanceName : STMicroelectronics.X-CUBE-AI.10.0.0 bspName : COM Port check condition failed for : !SEMDeviceJjApplicationJjApplicationTemplate
2025-03-21 09:03:29,204 [INFO] Middleware:612 - instanceName : STMicroelectronics.X-CUBE-AI.10.0.0 bspName : COM Port check condition failed for : !SEMDeviceJjApplicationJjApplicationTemplate
2025-03-21 09:03:29,204 [INFO] Middleware:612 - instanceName : STMicroelectronics.X-CUBE-AI.10.0.0 bspName : COM Port check condition failed for : !SEMDeviceJjApplicationJjApplicationTemplate
2025-03-21 09:03:30,592 [INFO] BlockDiagram:2766 - set Specific Code input for plugin: SPI
2025-03-21 09:03:30,592 [INFO] BlockDiagram:2766 - set Specific Code input for plugin: SYS
2025-03-21 09:03:30,592 [INFO] BlockDiagram:2766 - set Specific Code input for plugin: RCC
2025-03-21 09:03:30,593 [INFO] BlockDiagram:2766 - set Specific Code input for plugin: I2C
2025-03-21 09:03:30,593 [INFO] BlockDiagram:2766 - set Specific Code input for plugin: SDMMC
2025-03-21 09:03:30,593 [INFO] BlockDiagram:2766 - set Specific Code input for plugin: USB_OTG_FS
2025-03-21 09:03:30,593 [INFO] BlockDiagram:2766 - set Specific Code input for plugin: NVIC
2025-03-21 09:03:30,593 [INFO] BlockDiagram:2766 - set Specific Code input for plugin: USART
2025-03-21 09:03:30,593 [INFO] BlockDiagram:2766 - set Specific Code input for plugin: USART
2025-03-21 09:03:30,593 [INFO] BlockDiagram:2766 - set Specific Code input for plugin: FMC
2025-03-21 09:03:30,593 [INFO] BlockDiagram:2766 - set Specific Code input for plugin: STMicroelectronics.X-CUBE-AI.10.0.0
2025-03-21 09:03:30,596 [INFO] BlockDiagram:2766 - set Specific Code input for plugin: GPIO
2025-03-21 09:03:30,597 [INFO] BlockDiagram:2766 - set Specific Code input for plugin: SAI
2025-03-21 09:03:30,624 [INFO] CodeGenerator:807 - code generatio: config db path: C:\ST\STM32CubeIDE_1.13.1\STM32CubeIDE\plugins\com.st.stm32cube.common.mx_6.12.0.202406281431\\db\
2025-03-21 09:03:31,205 [INFO] IP:3348 - RTE Config file name : RTE_Component
2025-03-21 09:03:31,205 [INFO] IP:3366 - RTE template : RTE_Components.ftl
2025-03-21 09:03:31,334 [INFO] CodeEngine:255 - oldGeneratedFile, C:\Users\hugoc\OneDrive\Documents\Hugo\ISMIN\Cours\S8\Ia_Data\IA_embarque\Github\IA_Embarque\CUBE_IDE\IA_Emb_Pablo_Hugo\MXTmpFiles\license.tmp_save
2025-03-21 09:03:32,421 [INFO] CodeEngine:279 - Generated code: C:\Users\hugoc\OneDrive\Documents\Hugo\ISMIN\Cours\S8\Ia_Data\IA_embarque\Github\IA_Embarque\CUBE_IDE\IA_Emb_Pablo_Hugo\MXTmpFiles\license.tmp
2025-03-21 09:03:33,620 [INFO] CodeEngine:255 - oldGeneratedFile, C:\Users\hugoc\OneDrive\Documents\Hugo\ISMIN\Cours\S8\Ia_Data\IA_embarque\Github\IA_Embarque\CUBE_IDE\IA_Emb_Pablo_Hugo\MXTmpFiles\gpio.tmp_save
2025-03-21 09:03:34,153 [INFO] CodeEngine:279 - Generated code: C:\Users\hugoc\OneDrive\Documents\Hugo\ISMIN\Cours\S8\Ia_Data\IA_embarque\Github\IA_Embarque\CUBE_IDE\IA_Emb_Pablo_Hugo\MXTmpFiles\gpio.tmp
2025-03-21 09:03:42,008 [WARN] IPConfigManager:3005 - Warning: the RefConfig PWREx_EnableUSBVoltageDetector is not available in your config.xml file
2025-03-21 09:03:42,043 [INFO] Middleware:1439 - No code input for Bsp Dependency
2025-03-21 09:03:42,045 [INFO] Middleware:1439 - No code input for Bsp Dependency
2025-03-21 09:03:42,046 [INFO] IP:3348 - RTE Config file name : RTE_Component
2025-03-21 09:03:42,046 [INFO] IP:3366 - RTE template : RTE_Components.ftl
2025-03-21 09:03:42,143 [INFO] CodeEngine:255 - oldGeneratedFile, C:\Users\hugoc\OneDrive\Documents\Hugo\ISMIN\Cours\S8\Ia_Data\IA_embarque\Github\IA_Embarque\CUBE_IDE\IA_Emb_Pablo_Hugo\MXTmpFiles\mx_fmc_HC.tmp_save
2025-03-21 09:03:42,452 [INFO] CodeEngine:279 - Generated code: C:\Users\hugoc\OneDrive\Documents\Hugo\ISMIN\Cours\S8\Ia_Data\IA_embarque\Github\IA_Embarque\CUBE_IDE\IA_Emb_Pablo_Hugo\MXTmpFiles\mx_fmc_HC.tmp
2025-03-21 09:03:42,509 [INFO] CodeEngine:255 - oldGeneratedFile, C:\Users\hugoc\OneDrive\Documents\Hugo\ISMIN\Cours\S8\Ia_Data\IA_embarque\Github\IA_Embarque\CUBE_IDE\IA_Emb_Pablo_Hugo\MXTmpFiles\mx_fmc_GV.tmp_save
2025-03-21 09:03:42,749 [INFO] CodeEngine:279 - Generated code: C:\Users\hugoc\OneDrive\Documents\Hugo\ISMIN\Cours\S8\Ia_Data\IA_embarque\Github\IA_Embarque\CUBE_IDE\IA_Emb_Pablo_Hugo\MXTmpFiles\mx_fmc_GV.tmp
2025-03-21 09:03:42,804 [INFO] CodeEngine:255 - oldGeneratedFile, C:\Users\hugoc\OneDrive\Documents\Hugo\ISMIN\Cours\S8\Ia_Data\IA_embarque\Github\IA_Embarque\CUBE_IDE\IA_Emb_Pablo_Hugo\MXTmpFiles\mx_fmc_MSP.tmp_save
2025-03-21 09:03:43,083 [INFO] CodeEngine:279 - Generated code: C:\Users\hugoc\OneDrive\Documents\Hugo\ISMIN\Cours\S8\Ia_Data\IA_embarque\Github\IA_Embarque\CUBE_IDE\IA_Emb_Pablo_Hugo\MXTmpFiles\mx_fmc_MSP.tmp
2025-03-21 09:03:43,221 [INFO] CodeEngine:255 - oldGeneratedFile, C:\Users\hugoc\OneDrive\Documents\Hugo\ISMIN\Cours\S8\Ia_Data\IA_embarque\Github\IA_Embarque\CUBE_IDE\IA_Emb_Pablo_Hugo\MXTmpFiles\sai_init.tmp_save
2025-03-21 09:03:43,461 [INFO] CodeEngine:279 - Generated code: C:\Users\hugoc\OneDrive\Documents\Hugo\ISMIN\Cours\S8\Ia_Data\IA_embarque\Github\IA_Embarque\CUBE_IDE\IA_Emb_Pablo_Hugo\MXTmpFiles\sai_init.tmp
2025-03-21 09:03:43,501 [INFO] CodeEngine:255 - oldGeneratedFile, C:\Users\hugoc\OneDrive\Documents\Hugo\ISMIN\Cours\S8\Ia_Data\IA_embarque\Github\IA_Embarque\CUBE_IDE\IA_Emb_Pablo_Hugo\MXTmpFiles\sai_GV.tmp_save
2025-03-21 09:03:43,720 [INFO] CodeEngine:279 - Generated code: C:\Users\hugoc\OneDrive\Documents\Hugo\ISMIN\Cours\S8\Ia_Data\IA_embarque\Github\IA_Embarque\CUBE_IDE\IA_Emb_Pablo_Hugo\MXTmpFiles\sai_GV.tmp
2025-03-21 09:03:43,772 [INFO] CodeEngine:255 - oldGeneratedFile, C:\Users\hugoc\OneDrive\Documents\Hugo\ISMIN\Cours\S8\Ia_Data\IA_embarque\Github\IA_Embarque\CUBE_IDE\IA_Emb_Pablo_Hugo\MXTmpFiles\sai_msp.tmp_save
2025-03-21 09:03:44,027 [INFO] CodeEngine:279 - Generated code: C:\Users\hugoc\OneDrive\Documents\Hugo\ISMIN\Cours\S8\Ia_Data\IA_embarque\Github\IA_Embarque\CUBE_IDE\IA_Emb_Pablo_Hugo\MXTmpFiles\sai_msp.tmp
2025-03-21 09:03:44,060 [INFO] Middleware:1439 - No code input for Bsp Dependency
2025-03-21 09:03:44,061 [INFO] Middleware:1439 - No code input for Bsp Dependency
2025-03-21 09:03:44,062 [INFO] IP:3348 - RTE Config file name : RTE_Component
2025-03-21 09:03:44,062 [INFO] IP:3366 - RTE template : RTE_Components.ftl
2025-03-21 09:03:44,169 [INFO] CodeEngine:255 - oldGeneratedFile, C:\Users\hugoc\OneDrive\Documents\Hugo\ISMIN\Cours\S8\Ia_Data\IA_embarque\Github\IA_Embarque\CUBE_IDE\IA_Emb_Pablo_Hugo\X-CUBE-AI\App\app_x-cube-ai.h_save
2025-03-21 09:03:44,454 [INFO] CodeEngine:279 - Generated code: C:\Users\hugoc\OneDrive\Documents\Hugo\ISMIN\Cours\S8\Ia_Data\IA_embarque\Github\IA_Embarque\CUBE_IDE\IA_Emb_Pablo_Hugo\X-CUBE-AI\App\app_x-cube-ai.h
2025-03-21 09:03:44,515 [INFO] CodeEngine:255 - oldGeneratedFile, C:\Users\hugoc\OneDrive\Documents\Hugo\ISMIN\Cours\S8\Ia_Data\IA_embarque\Github\IA_Embarque\CUBE_IDE\IA_Emb_Pablo_Hugo\X-CUBE-AI\constants_ai.h_save
2025-03-21 09:03:44,754 [INFO] CodeEngine:279 - Generated code: C:\Users\hugoc\OneDrive\Documents\Hugo\ISMIN\Cours\S8\Ia_Data\IA_embarque\Github\IA_Embarque\CUBE_IDE\IA_Emb_Pablo_Hugo\X-CUBE-AI\constants_ai.h
2025-03-21 09:03:44,822 [INFO] CodeEngine:255 - oldGeneratedFile, C:\Users\hugoc\OneDrive\Documents\Hugo\ISMIN\Cours\S8\Ia_Data\IA_embarque\Github\IA_Embarque\CUBE_IDE\IA_Emb_Pablo_Hugo\X-CUBE-AI\App\app_x-cube-ai.c_save
2025-03-21 09:03:45,110 [INFO] CodeEngine:279 - Generated code: C:\Users\hugoc\OneDrive\Documents\Hugo\ISMIN\Cours\S8\Ia_Data\IA_embarque\Github\IA_Embarque\CUBE_IDE\IA_Emb_Pablo_Hugo\X-CUBE-AI\App\app_x-cube-ai.c
2025-03-21 09:03:45,289 [INFO] CodeEngine:255 - oldGeneratedFile, C:\Users\hugoc\OneDrive\Documents\Hugo\ISMIN\Cours\S8\Ia_Data\IA_embarque\Github\IA_Embarque\CUBE_IDE\IA_Emb_Pablo_Hugo\Core\Src\stm32l4xx_it.c_save
2025-03-21 09:03:45,607 [INFO] CodeEngine:279 - Generated code: C:\Users\hugoc\OneDrive\Documents\Hugo\ISMIN\Cours\S8\Ia_Data\IA_embarque\Github\IA_Embarque\CUBE_IDE\IA_Emb_Pablo_Hugo\Core\Src\stm32l4xx_it.c
2025-03-21 09:03:45,677 [INFO] CodeEngine:255 - oldGeneratedFile, C:\Users\hugoc\OneDrive\Documents\Hugo\ISMIN\Cours\S8\Ia_Data\IA_embarque\Github\IA_Embarque\CUBE_IDE\IA_Emb_Pablo_Hugo\Core\Inc\stm32l4xx_it.h_save
2025-03-21 09:03:45,931 [INFO] CodeEngine:279 - Generated code: C:\Users\hugoc\OneDrive\Documents\Hugo\ISMIN\Cours\S8\Ia_Data\IA_embarque\Github\IA_Embarque\CUBE_IDE\IA_Emb_Pablo_Hugo\Core\Inc\stm32l4xx_it.h
2025-03-21 09:03:45,958 [INFO] IP:3348 - RTE Config file name : RTE_Component
2025-03-21 09:03:45,959 [INFO] IP:3366 - RTE template : RTE_Components.ftl
2025-03-21 09:03:45,959 [INFO] CodeGenerator:2153 - Add RTE Code Input 
2025-03-21 09:03:46,056 [INFO] CodeEngine:255 - oldGeneratedFile, C:\Users\hugoc\OneDrive\Documents\Hugo\ISMIN\Cours\S8\Ia_Data\IA_embarque\Github\IA_Embarque\CUBE_IDE\IA_Emb_Pablo_Hugo\Core\Inc\RTE_Components.h_save
2025-03-21 09:03:46,349 [INFO] CodeEngine:279 - Generated code: C:\Users\hugoc\OneDrive\Documents\Hugo\ISMIN\Cours\S8\Ia_Data\IA_embarque\Github\IA_Embarque\CUBE_IDE\IA_Emb_Pablo_Hugo\Core\Inc\RTE_Components.h
2025-03-21 09:03:46,502 [INFO] CodeEngine:255 - oldGeneratedFile, C:\Users\hugoc\OneDrive\Documents\Hugo\ISMIN\Cours\S8\Ia_Data\IA_embarque\Github\IA_Embarque\CUBE_IDE\IA_Emb_Pablo_Hugo\MXTmpFiles\sai_init.tmp_save
2025-03-21 09:03:46,762 [INFO] CodeEngine:279 - Generated code: C:\Users\hugoc\OneDrive\Documents\Hugo\ISMIN\Cours\S8\Ia_Data\IA_embarque\Github\IA_Embarque\CUBE_IDE\IA_Emb_Pablo_Hugo\MXTmpFiles\sai_init.tmp
2025-03-21 09:03:46,815 [INFO] CodeEngine:255 - oldGeneratedFile, C:\Users\hugoc\OneDrive\Documents\Hugo\ISMIN\Cours\S8\Ia_Data\IA_embarque\Github\IA_Embarque\CUBE_IDE\IA_Emb_Pablo_Hugo\MXTmpFiles\sai_GV.tmp_save
2025-03-21 09:03:47,033 [INFO] CodeEngine:279 - Generated code: C:\Users\hugoc\OneDrive\Documents\Hugo\ISMIN\Cours\S8\Ia_Data\IA_embarque\Github\IA_Embarque\CUBE_IDE\IA_Emb_Pablo_Hugo\MXTmpFiles\sai_GV.tmp
2025-03-21 09:03:47,115 [INFO] CodeEngine:255 - oldGeneratedFile, C:\Users\hugoc\OneDrive\Documents\Hugo\ISMIN\Cours\S8\Ia_Data\IA_embarque\Github\IA_Embarque\CUBE_IDE\IA_Emb_Pablo_Hugo\MXTmpFiles\sai_msp.tmp_save
2025-03-21 09:03:47,366 [INFO] CodeEngine:279 - Generated code: C:\Users\hugoc\OneDrive\Documents\Hugo\ISMIN\Cours\S8\Ia_Data\IA_embarque\Github\IA_Embarque\CUBE_IDE\IA_Emb_Pablo_Hugo\MXTmpFiles\sai_msp.tmp
2025-03-21 09:03:47,531 [INFO] CodeEngine:255 - oldGeneratedFile, C:\Users\hugoc\OneDrive\Documents\Hugo\ISMIN\Cours\S8\Ia_Data\IA_embarque\Github\IA_Embarque\CUBE_IDE\IA_Emb_Pablo_Hugo\MXTmpFiles\mx_fmc_HC.tmp_save
2025-03-21 09:03:47,761 [INFO] CodeEngine:279 - Generated code: C:\Users\hugoc\OneDrive\Documents\Hugo\ISMIN\Cours\S8\Ia_Data\IA_embarque\Github\IA_Embarque\CUBE_IDE\IA_Emb_Pablo_Hugo\MXTmpFiles\mx_fmc_HC.tmp
2025-03-21 09:03:47,842 [INFO] CodeEngine:255 - oldGeneratedFile, C:\Users\hugoc\OneDrive\Documents\Hugo\ISMIN\Cours\S8\Ia_Data\IA_embarque\Github\IA_Embarque\CUBE_IDE\IA_Emb_Pablo_Hugo\MXTmpFiles\mx_fmc_GV.tmp_save
2025-03-21 09:03:48,048 [INFO] CodeEngine:279 - Generated code: C:\Users\hugoc\OneDrive\Documents\Hugo\ISMIN\Cours\S8\Ia_Data\IA_embarque\Github\IA_Embarque\CUBE_IDE\IA_Emb_Pablo_Hugo\MXTmpFiles\mx_fmc_GV.tmp
2025-03-21 09:03:48,128 [INFO] CodeEngine:255 - oldGeneratedFile, C:\Users\hugoc\OneDrive\Documents\Hugo\ISMIN\Cours\S8\Ia_Data\IA_embarque\Github\IA_Embarque\CUBE_IDE\IA_Emb_Pablo_Hugo\MXTmpFiles\mx_fmc_MSP.tmp_save
2025-03-21 09:03:48,364 [INFO] CodeEngine:279 - Generated code: C:\Users\hugoc\OneDrive\Documents\Hugo\ISMIN\Cours\S8\Ia_Data\IA_embarque\Github\IA_Embarque\CUBE_IDE\IA_Emb_Pablo_Hugo\MXTmpFiles\mx_fmc_MSP.tmp
2025-03-21 09:03:48,513 [INFO] CodeEngine:255 - oldGeneratedFile, C:\Users\hugoc\OneDrive\Documents\Hugo\ISMIN\Cours\S8\Ia_Data\IA_embarque\Github\IA_Embarque\CUBE_IDE\IA_Emb_Pablo_Hugo\Core\Src\stm32l4xx_hal_msp.c_save
2025-03-21 09:03:48,906 [INFO] CodeEngine:279 - Generated code: C:\Users\hugoc\OneDrive\Documents\Hugo\ISMIN\Cours\S8\Ia_Data\IA_embarque\Github\IA_Embarque\CUBE_IDE\IA_Emb_Pablo_Hugo\Core\Src\stm32l4xx_hal_msp.c
2025-03-21 09:03:48,957 [INFO] CodeEngine:255 - oldGeneratedFile, C:\Users\hugoc\OneDrive\Documents\Hugo\ISMIN\Cours\S8\Ia_Data\IA_embarque\Github\IA_Embarque\CUBE_IDE\IA_Emb_Pablo_Hugo\MXTmpFiles\system.tmp_save
2025-03-21 09:03:49,152 [INFO] CodeEngine:279 - Generated code: C:\Users\hugoc\OneDrive\Documents\Hugo\ISMIN\Cours\S8\Ia_Data\IA_embarque\Github\IA_Embarque\CUBE_IDE\IA_Emb_Pablo_Hugo\MXTmpFiles\system.tmp
2025-03-21 09:03:49,286 [INFO] CodeEngine:311 - oldGeneratedFile, C:\Users\hugoc\OneDrive\Documents\Hugo\ISMIN\Cours\S8\Ia_Data\IA_embarque\Github\IA_Embarque\CUBE_IDE\IA_Emb_Pablo_Hugo\Core\Inc\stm32l4xx_hal_conf.h_save
2025-03-21 09:03:49,536 [INFO] CodeEngine:335 - Generated code: C:\Users\hugoc\OneDrive\Documents\Hugo\ISMIN\Cours\S8\Ia_Data\IA_embarque\Github\IA_Embarque\CUBE_IDE\IA_Emb_Pablo_Hugo\Core\Inc\stm32l4xx_hal_conf.h
2025-03-21 09:03:49,687 [WARN] IPConfigManager:3554 - IP not found : USB_OTG
2025-03-21 09:03:49,694 [WARN] CodeGenerator:4002 - IP not found : null
2025-03-21 09:03:49,806 [INFO] CodeEngine:255 - oldGeneratedFile, C:\Users\hugoc\OneDrive\Documents\Hugo\ISMIN\Cours\S8\Ia_Data\IA_embarque\Github\IA_Embarque\CUBE_IDE\IA_Emb_Pablo_Hugo\Core\Inc\main.h_save
2025-03-21 09:03:50,110 [INFO] CodeEngine:279 - Generated code: C:\Users\hugoc\OneDrive\Documents\Hugo\ISMIN\Cours\S8\Ia_Data\IA_embarque\Github\IA_Embarque\CUBE_IDE\IA_Emb_Pablo_Hugo\Core\Inc\main.h
2025-03-21 09:03:50,179 [INFO] CodeEngine:255 - oldGeneratedFile, C:\Users\hugoc\OneDrive\Documents\Hugo\ISMIN\Cours\S8\Ia_Data\IA_embarque\Github\IA_Embarque\CUBE_IDE\IA_Emb_Pablo_Hugo\Core\Src\main.c_save
2025-03-21 09:03:50,585 [INFO] CodeEngine:279 - Generated code: C:\Users\hugoc\OneDrive\Documents\Hugo\ISMIN\Cours\S8\Ia_Data\IA_embarque\Github\IA_Embarque\CUBE_IDE\IA_Emb_Pablo_Hugo\Core\Src\main.c
2025-03-21 09:03:54,629 [INFO] AInterface:317 - ModelName:model_v1; files:[C:\Users\hugoc\OneDrive\Documents\Hugo\ISMIN\Cours\S8\Ia_Data\IA_embarque\Github\IA_Embarque\COLAB\Model_V1.h5]; type:Keras; compression:None
2025-03-21 09:03:54,631 [INFO] AInterface:519 - workspaceTempDir: C:/Users/hugoc/AppData/Local/Temp/mxAI_workspace195148193870016386692296123990750
2025-03-21 09:03:54,632 [INFO] AInterface:1132 - Setting Env: C:/Users/hugoc/STM32Cube/Repository/Packs/STMicroelectronics/X-CUBE-AI/10.0.0/Utilities/windows
2025-03-21 09:03:54,659 [INFO] STM32CubeIDEBuilder:265 - Looking for gnu-tools-for-stm32 tools/bin/arm-none-eabi-gcc.exe in C:\ST\STM32CubeIDE_1.13.1\STM32CubeIDE
2025-03-21 09:03:54,665 [INFO] STM32CubeIDEBuilder:294 - checking C:\ST\STM32CubeIDE_1.13.1\STM32CubeIDE\plugins\com.st.stm32cube.ide.mcu.externaltools.gnu-tools-for-stm32.12.3.rel1.win32_1.0.200.202406191623\tools\bin\arm-none-eabi-gcc.exe
2025-03-21 09:03:54,668 [INFO] STM32CubeIDEBuilder:297 - ret=C:\ST\STM32CubeIDE_1.13.1\STM32CubeIDE\plugins\com.st.stm32cube.ide.mcu.externaltools.gnu-tools-for-stm32.12.3.rel1.win32_1.0.200.202406191623\tools\bin\arm-none-eabi-gcc.exe
2025-03-21 09:03:54,668 [INFO] STM32CubeIDEBuilder:311 - returning C:\ST\STM32CubeIDE_1.13.1\STM32CubeIDE\plugins\com.st.stm32cube.ide.mcu.externaltools.gnu-tools-for-stm32.12.3.rel1.win32_1.0.200.202406191623\tools\bin\arm-none-eabi-gcc.exe
2025-03-21 09:03:54,669 [INFO] AInterface:1189 - Custom PATH variable: C:/Users/hugoc/STM32Cube/Repository/Packs/STMicroelectronics/X-CUBE-AI/10.0.0/Utilities/windows;C:/Users/hugoc/STM32Cube/Repository/Packs/STMicroelectronics/X-CUBE-AI/10.0.0/Utilities/windows/mingw64/bin;C:/Users/hugoc/STM32Cube/Repository/Packs/STMicroelectronics/X-CUBE-AI/10.0.0/Utilities/windows/mingw64/libexec/gcc/x86_64-w64-mingw32/7.3.0;;C:\ST\STM32CubeIDE_1.13.1\STM32CubeIDE\plugins\com.st.stm32cube.ide.mcu.externaltools.gnu-tools-for-stm32.12.3.rel1.win32_1.0.200.202406191623\tools\bin
2025-03-21 09:03:54,670 [INFO] CmdLine:109 - Command: C:/Users/hugoc/STM32Cube/Repository/Packs/STMicroelectronics/X-CUBE-AI/10.0.0/Utilities/windows/stedgeai.exe generate --target stm32l4 --name model_v1 -m C:/Users/hugoc/OneDrive/Documents/Hugo/ISMIN/Cours/S8/Ia_Data/IA_embarque/Github/IA_Embarque/COLAB/Model_V1.h5 --compression none --verbosity 1 --workspace C:/Users/hugoc/AppData/Local/Temp/mxAI_workspace195148193870016386692296123990750 --output C:/Users/hugoc/.stm32cubemx/model_v1_output
2025-03-21 09:03:54,672 [INFO] AIModelDetailledView:2372 - Analysis status: pending
2025-03-21 09:03:57,165 [INFO] CmdLine:74 - ST Edge AI Core v2.0.0-20049
2025-03-21 09:04:22,876 [INFO] CmdLine:74 - Creating c (debug) info json file C:\Users\hugoc\AppData\Local\Temp\mxAI_workspace195148193870016386692296123990750\model_v1_c_info.json
2025-03-21 09:04:23,088 [INFO] CmdLine:74 -  
2025-03-21 09:04:23,089 [INFO] CmdLine:74 -  Exec/report summary (generate)
2025-03-21 09:04:23,090 [INFO] CmdLine:74 -  ----------------------------------------------------------------------------------------------------------------------------------------
2025-03-21 09:04:23,091 [INFO] CmdLine:74 -  model file         :   C:\Users\hugoc\OneDrive\Documents\Hugo\ISMIN\Cours\S8\Ia_Data\IA_embarque\Github\IA_Embarque\COLAB\Model_V1.h5   
2025-03-21 09:04:23,091 [INFO] CmdLine:74 -  type               :   keras                                                                                                            
2025-03-21 09:04:23,092 [INFO] CmdLine:74 -  c_name             :   model_v1                                                                                                         
2025-03-21 09:04:23,092 [INFO] CmdLine:74 -  compression        :   none                                                                                                             
2025-03-21 09:04:23,093 [INFO] CmdLine:74 -  options            :   allocate-inputs, allocate-outputs                                                                                
2025-03-21 09:04:23,093 [INFO] CmdLine:74 -  optimization       :   balanced                                                                                                         
2025-03-21 09:04:23,094 [INFO] CmdLine:74 -  target/series      :   stm32l4                                                                                                          
2025-03-21 09:04:23,095 [INFO] CmdLine:74 -  workspace dir      :   C:\Users\hugoc\AppData\Local\Temp\mxAI_workspace195148193870016386692296123990750                                
2025-03-21 09:04:23,095 [INFO] CmdLine:74 -  output dir         :   C:\Users\hugoc\.stm32cubemx\model_v1_output                                                                      
2025-03-21 09:04:23,096 [INFO] CmdLine:74 -  model_fmt          :   float                                                                                                            
2025-03-21 09:04:23,096 [INFO] CmdLine:74 -  model_name         :   Model_V1                                                                                                         
2025-03-21 09:04:23,097 [INFO] CmdLine:74 -  model_hash         :   0x2ac21b7b6d50788773a4495e0a84f8a1                                                                               
2025-03-21 09:04:23,098 [INFO] CmdLine:74 -  params #           :   9,029 items (35.27 KiB)                                                                                          
2025-03-21 09:04:23,098 [INFO] CmdLine:74 -  ----------------------------------------------------------------------------------------------------------------------------------------
2025-03-21 09:04:23,099 [INFO] CmdLine:74 -  input 1/1          :   'input_0', f32(1x5), 20 Bytes, activations                                                                       
2025-03-21 09:04:23,100 [INFO] CmdLine:74 -  output 1/1         :   'dense_7', f32(1x5), 20 Bytes, activations                                                                       
2025-03-21 09:04:23,100 [INFO] CmdLine:74 -  macc               :   10,448                                                                                                           
2025-03-21 09:04:23,101 [INFO] CmdLine:74 -  weights (ro)       :   36,116 B (35.27 KiB) (1 segment)                                                                                 
2025-03-21 09:04:23,102 [INFO] CmdLine:74 -  activations (rw)   :   512 B (512 B) (1 segment) *                                                                                      
2025-03-21 09:04:23,102 [INFO] CmdLine:74 -  ram (total)        :   512 B (512 B) = 512 + 0 + 0                                                                                      
2025-03-21 09:04:23,103 [INFO] CmdLine:74 -  ----------------------------------------------------------------------------------------------------------------------------------------
2025-03-21 09:04:23,104 [INFO] CmdLine:74 -  (*) 'input'/'output' buffers can be used from the activations buffer
2025-03-21 09:04:23,105 [INFO] CmdLine:74 - Computing AI RT data/code size (target=stm32l4)..
2025-03-21 09:04:30,139 [INFO] CmdLine:74 -  Requested memory size by section - "stm32l4" target
2025-03-21 09:04:30,140 [INFO] CmdLine:74 -  ------------------------------ ------- -------- ------- -----
2025-03-21 09:04:30,141 [INFO] CmdLine:74 -  module                            text   rodata    data   bss
2025-03-21 09:04:30,142 [INFO] CmdLine:74 -  ------------------------------ ------- -------- ------- -----
2025-03-21 09:04:30,143 [INFO] CmdLine:74 -  NetworkRuntime1000_CM4_GCC.a     7,136        0       0     0
2025-03-21 09:04:30,143 [INFO] CmdLine:74 -  model_v1.o                         606       64   2,236   160
2025-03-21 09:04:30,144 [INFO] CmdLine:74 -  model_v1_data.o                     48       16      88     0
2025-03-21 09:04:30,145 [INFO] CmdLine:74 -  lib (toolchain)*                 1,432       24      12     0
2025-03-21 09:04:30,146 [INFO] CmdLine:74 -  ------------------------------ ------- -------- ------- -----
2025-03-21 09:04:30,146 [INFO] CmdLine:74 -  RT total**                       9,222      104   2,336   160
2025-03-21 09:04:30,147 [INFO] CmdLine:74 -  ------------------------------ ------- -------- ------- -----
2025-03-21 09:04:30,148 [INFO] CmdLine:74 -  weights                              0   36,120       0     0
2025-03-21 09:04:30,148 [INFO] CmdLine:74 -  activations                          0        0       0   512
2025-03-21 09:04:30,149 [INFO] CmdLine:74 -  io                                   0        0       0     0
2025-03-21 09:04:30,150 [INFO] CmdLine:74 -  ------------------------------ ------- -------- ------- -----
2025-03-21 09:04:30,150 [INFO] CmdLine:74 -  TOTAL                            9,222   36,224   2,336   672
2025-03-21 09:04:30,152 [INFO] CmdLine:74 -  ------------------------------ ------- -------- ------- -----
2025-03-21 09:04:30,153 [INFO] CmdLine:74 -  *  toolchain objects (libm/libgcc*)
2025-03-21 09:04:30,154 [INFO] CmdLine:74 -  ** RT AI runtime objects (kernels+infrastructure)
2025-03-21 09:04:30,154 [INFO] CmdLine:74 -   Summary - "stm32l4" target
2025-03-21 09:04:30,155 [INFO] CmdLine:74 -   ---------------------------------------------------
2025-03-21 09:04:30,156 [INFO] CmdLine:74 -                FLASH (ro)      %*   RAM (rw)       %
2025-03-21 09:04:30,157 [INFO] CmdLine:74 -   ---------------------------------------------------
2025-03-21 09:04:30,157 [INFO] CmdLine:74 -   RT total         11,662   24.4%      2,496   83.0%
2025-03-21 09:04:30,158 [INFO] CmdLine:74 -   ---------------------------------------------------
2025-03-21 09:04:30,158 [INFO] CmdLine:74 -   TOTAL            47,782              3,008
2025-03-21 09:04:30,160 [INFO] CmdLine:74 -   ---------------------------------------------------
2025-03-21 09:04:30,160 [INFO] CmdLine:74 -   *  rt/total
2025-03-21 09:04:30,161 [INFO] CmdLine:74 -  Generated files (7)
2025-03-21 09:04:30,161 [INFO] CmdLine:74 -  --------------------------------------------------------------------
2025-03-21 09:04:30,163 [INFO] CmdLine:74 -  C:\Users\hugoc\.stm32cubemx\model_v1_output\model_v1_data_params.h
2025-03-21 09:04:30,163 [INFO] CmdLine:74 -  C:\Users\hugoc\.stm32cubemx\model_v1_output\model_v1_data_params.c
2025-03-21 09:04:30,164 [INFO] CmdLine:74 -  C:\Users\hugoc\.stm32cubemx\model_v1_output\model_v1_data.h
2025-03-21 09:04:30,164 [INFO] CmdLine:74 -  C:\Users\hugoc\.stm32cubemx\model_v1_output\model_v1_data.c
2025-03-21 09:04:30,164 [INFO] CmdLine:74 -  C:\Users\hugoc\.stm32cubemx\model_v1_output\model_v1_config.h
2025-03-21 09:04:30,166 [INFO] CmdLine:74 -  C:\Users\hugoc\.stm32cubemx\model_v1_output\model_v1.h
2025-03-21 09:04:30,166 [INFO] CmdLine:74 -  C:\Users\hugoc\.stm32cubemx\model_v1_output\model_v1.c
2025-03-21 09:04:30,166 [INFO] CmdLine:74 - Creating txt report file C:\Users\hugoc\.stm32cubemx\model_v1_output\model_v1_generate_report.txt
2025-03-21 09:04:34,290 [INFO] CmdLine:74 - elapsed time (generate): 37.124s
2025-03-21 09:04:35,215 [INFO] CmdLine:142 - stedgeai exit with status: 0
2025-03-21 09:04:35,282 [INFO] AIModelDetailledView:2372 - Analysis status: done
2025-03-21 09:04:39,415 [INFO] ProjectBuilder:3249 - Time for Copy HAL[1] : 2413mS.
2025-03-21 09:04:39,415 [ERROR] Middleware:2969 - Invalid RefComponent list
2025-03-21 09:04:39,416 [ERROR] Middleware:2969 - Invalid RefComponent list
2025-03-21 09:04:39,416 [ERROR] Middleware:2969 - Invalid RefComponent list
2025-03-21 09:04:39,416 [ERROR] Middleware:2969 - Invalid RefComponent list
2025-03-21 09:04:39,416 [ERROR] Middleware:2969 - Invalid RefComponent list
2025-03-21 09:04:39,416 [ERROR] Middleware:2969 - Invalid RefComponent list
2025-03-21 09:04:39,416 [ERROR] Middleware:2969 - Invalid RefComponent list
2025-03-21 09:04:39,416 [ERROR] Middleware:2969 - Invalid RefComponent list
2025-03-21 09:04:39,417 [ERROR] Middleware:2969 - Invalid RefComponent list
2025-03-21 09:04:39,417 [ERROR] Middleware:2969 - Invalid RefComponent list
2025-03-21 09:04:39,418 [ERROR] Middleware:2969 - Invalid RefComponent list
2025-03-21 09:04:39,418 [ERROR] Middleware:2969 - Invalid RefComponent list
2025-03-21 09:04:39,419 [ERROR] Middleware:2969 - Invalid RefComponent list
2025-03-21 09:04:39,419 [ERROR] Middleware:2969 - Invalid RefComponent list
2025-03-21 09:04:39,419 [ERROR] Middleware:2969 - Invalid RefComponent list
2025-03-21 09:04:39,419 [ERROR] Middleware:2969 - Invalid RefComponent list
2025-03-21 09:04:39,419 [ERROR] Middleware:2969 - Invalid RefComponent list
2025-03-21 09:04:39,419 [ERROR] Middleware:2969 - Invalid RefComponent list
2025-03-21 09:04:39,419 [ERROR] Middleware:2969 - Invalid RefComponent list
2025-03-21 09:04:39,419 [ERROR] Middleware:2969 - Invalid RefComponent list
2025-03-21 09:04:39,419 [ERROR] Middleware:2969 - Invalid RefComponent list
2025-03-21 09:04:39,419 [ERROR] Middleware:2969 - Invalid RefComponent list
2025-03-21 09:04:39,419 [ERROR] Middleware:2969 - Invalid RefComponent list
2025-03-21 09:04:39,419 [ERROR] Middleware:2969 - Invalid RefComponent list
2025-03-21 09:04:39,420 [ERROR] Middleware:2969 - Invalid RefComponent list
2025-03-21 09:04:39,420 [ERROR] Middleware:2969 - Invalid RefComponent list
2025-03-21 09:04:39,420 [ERROR] Middleware:2969 - Invalid RefComponent list
2025-03-21 09:04:39,420 [ERROR] Middleware:2969 - Invalid RefComponent list
2025-03-21 09:04:39,420 [ERROR] Middleware:2969 - Invalid RefComponent list
2025-03-21 09:04:39,420 [ERROR] Middleware:2969 - Invalid RefComponent list
2025-03-21 09:04:39,420 [ERROR] Middleware:2969 - Invalid RefComponent list
2025-03-21 09:04:39,420 [ERROR] Middleware:2969 - Invalid RefComponent list
2025-03-21 09:04:39,421 [ERROR] Middleware:2969 - Invalid RefComponent list
2025-03-21 09:04:39,421 [ERROR] Middleware:2969 - Invalid RefComponent list
2025-03-21 09:04:39,421 [ERROR] Middleware:2969 - Invalid RefComponent list
2025-03-21 09:04:39,421 [ERROR] Middleware:2969 - Invalid RefComponent list
2025-03-21 09:04:39,421 [ERROR] Middleware:2969 - Invalid RefComponent list
2025-03-21 09:04:39,421 [ERROR] Middleware:2969 - Invalid RefComponent list
2025-03-21 09:04:39,422 [ERROR] Middleware:2969 - Invalid RefComponent list
2025-03-21 09:04:39,422 [ERROR] Middleware:2969 - Invalid RefComponent list
2025-03-21 09:04:39,422 [ERROR] Middleware:2969 - Invalid RefComponent list
2025-03-21 09:04:39,422 [ERROR] Middleware:2969 - Invalid RefComponent list
2025-03-21 09:04:39,422 [ERROR] Middleware:2969 - Invalid RefComponent list
2025-03-21 09:04:39,422 [ERROR] Middleware:2969 - Invalid RefComponent list
2025-03-21 09:04:39,422 [ERROR] Middleware:2969 - Invalid RefComponent list
2025-03-21 09:04:39,422 [ERROR] Middleware:2969 - Invalid RefComponent list
2025-03-21 09:04:39,422 [ERROR] Middleware:2969 - Invalid RefComponent list
2025-03-21 09:04:39,422 [ERROR] Middleware:2969 - Invalid RefComponent list
2025-03-21 09:04:39,423 [ERROR] Middleware:2969 - Invalid RefComponent list
2025-03-21 09:04:39,423 [ERROR] Middleware:2969 - Invalid RefComponent list
2025-03-21 09:04:39,423 [ERROR] Middleware:2969 - Invalid RefComponent list
2025-03-21 09:04:39,423 [ERROR] Middleware:2969 - Invalid RefComponent list
2025-03-21 09:04:39,423 [ERROR] Middleware:2969 - Invalid RefComponent list
2025-03-21 09:04:39,423 [ERROR] Middleware:2969 - Invalid RefComponent list
2025-03-21 09:04:39,423 [ERROR] Middleware:2969 - Invalid RefComponent list
2025-03-21 09:04:39,423 [ERROR] Middleware:2969 - Invalid RefComponent list
2025-03-21 09:04:39,423 [ERROR] Middleware:2969 - Invalid RefComponent list
2025-03-21 09:04:39,424 [ERROR] Middleware:2969 - Invalid RefComponent list
2025-03-21 09:04:39,424 [ERROR] Middleware:2969 - Invalid RefComponent list
2025-03-21 09:04:39,424 [ERROR] Middleware:2969 - Invalid RefComponent list
2025-03-21 09:04:39,424 [ERROR] Middleware:2969 - Invalid RefComponent list
2025-03-21 09:04:39,424 [ERROR] Middleware:2969 - Invalid RefComponent list
2025-03-21 09:04:39,424 [ERROR] Middleware:2969 - Invalid RefComponent list
2025-03-21 09:04:39,425 [ERROR] Middleware:2969 - Invalid RefComponent list
2025-03-21 09:04:39,425 [ERROR] Middleware:2969 - Invalid RefComponent list
2025-03-21 09:04:39,425 [ERROR] Middleware:2969 - Invalid RefComponent list
2025-03-21 09:04:39,425 [ERROR] Middleware:2969 - Invalid RefComponent list
2025-03-21 09:04:39,425 [ERROR] Middleware:2969 - Invalid RefComponent list
2025-03-21 09:04:39,425 [ERROR] Middleware:2969 - Invalid RefComponent list
2025-03-21 09:04:39,425 [ERROR] Middleware:2969 - Invalid RefComponent list
2025-03-21 09:04:39,507 [INFO] ProjectBuilder:4828 - Project Generator version: 4.4.0-B60
2025-03-21 09:04:39,748 [INFO] ConfigFileManager:1531 - The Die is : DIE470
2025-03-21 09:04:39,774 [INFO] ApiDbMcu:508 - Load IP Config File for FATFS
2025-03-21 09:04:39,853 [INFO] ApiDbMcu:508 - Load IP Config File for FREERTOS
2025-03-21 09:04:40,255 [INFO] ApiDbMcu:508 - Load IP Config File for TOUCHSENSING
2025-03-21 09:04:40,314 [INFO] ApiDbMcu:508 - Load IP Config File for USB_DEVICE
2025-03-21 09:04:40,344 [INFO] ApiDbMcu:508 - Load IP Config File for USB_HOST
2025-03-21 09:04:41,581 [INFO] LogOutputStream:77 - [STDOUT_REDIRECT] 
2025-03-21 09:04:47,458 [INFO] ProjectBuilder:5097 - Time for Generating toolchain IDE Files: 7952mS.
2025-03-21 09:04:47,473 [INFO] ProjectBuilder:3107 - Time for Copy CMSIS : 14mS.
2025-03-21 09:04:47,503 [INFO] ProjectBuilder:3107 - Time for Copy CMSIS : 0mS.
2025-03-21 09:06:24,434 [INFO] MainUpdater:2873 - connection check result : 10
2025-03-21 09:06:24,434 [INFO] MainUpdater:2873 - connection check result : 10
2025-03-21 09:06:24,516 [INFO] I2cTimingTraitement:330 - 0x30A175AB
2025-03-21 09:06:24,682 [INFO] MicroXplorer:468 - Change Database Path : 
2025-03-21 09:06:24,682 [INFO] MicroXplorer:498 - Change Database Version : DB.6.0.120
2025-03-21 09:06:24,710 [ERROR] ProjectManagerView:394 - 
java.lang.NullPointerException: Cannot invoke "javax.swing.JTextField.getText()" because the return value of "java.util.List.get(int)" is null
	at com.st.microxplorer.plugins.projectmanager.gui.ProjectChoiceTab$10.caretUpdate(ProjectChoiceTab.java:2622) ~[filemanager.jar:?]
	at javax.swing.text.JTextComponent.fireCaretUpdate(JTextComponent.java:412) ~[?:?]
	at javax.swing.text.JTextComponent$MutableCaretEvent.fire(JTextComponent.java:4491) ~[?:?]
	at javax.swing.text.JTextComponent$MutableCaretEvent.stateChanged(JTextComponent.java:4513) ~[?:?]
	at javax.swing.text.DefaultCaret.fireStateChanged(DefaultCaret.java:842) ~[?:?]
	at javax.swing.text.DefaultCaret.changeCaretPosition(DefaultCaret.java:1313) ~[?:?]
	at javax.swing.text.DefaultCaret.handleSetDot(DefaultCaret.java:1212) ~[?:?]
	at javax.swing.text.DefaultCaret.setDot(DefaultCaret.java:1193) ~[?:?]
	at javax.swing.text.DefaultCaret$Handler.insertUpdate(DefaultCaret.java:1789) ~[?:?]
	at javax.swing.text.AbstractDocument.fireInsertUpdate(AbstractDocument.java:226) ~[?:?]
	at javax.swing.text.AbstractDocument.handleInsertString(AbstractDocument.java:780) ~[?:?]
	at javax.swing.text.AbstractDocument.insertString(AbstractDocument.java:739) ~[?:?]
	at javax.swing.text.PlainDocument.insertString(PlainDocument.java:131) ~[?:?]
	at javax.swing.text.AbstractDocument.replace(AbstractDocument.java:698) ~[?:?]
	at javax.swing.text.JTextComponent.setText(JTextComponent.java:1729) ~[?:?]
	at com.st.microxplorer.plugins.projectmanager.gui.ProjectChoiceTab.createHeapStackFields(ProjectChoiceTab.java:972) ~[filemanager.jar:?]
	at com.st.microxplorer.plugins.projectmanager.gui.ProjectChoiceTab.buildLinkSettingsPanel(ProjectChoiceTab.java:3597) ~[filemanager.jar:?]
	at com.st.microxplorer.plugins.projectmanager.gui.ProjectChoiceTab.defineWindowsFields(ProjectChoiceTab.java:1940) ~[filemanager.jar:?]
	at com.st.microxplorer.plugins.projectmanager.gui.ProjectChoiceTab.updateSettings(ProjectChoiceTab.java:550) ~[filemanager.jar:?]
	at com.st.microxplorer.plugins.projectmanager.gui.ProjectSettingsPanel.UpdateDialog(ProjectSettingsPanel.java:245) ~[filemanager.jar:?]
	at com.st.microxplorer.plugins.projectmanager.ProjectManagerView.propertyChange(ProjectManagerView.java:391) ~[filemanager.jar:?]
	at java.beans.PropertyChangeSupport.fire(PropertyChangeSupport.java:343) ~[?:?]
	at java.beans.PropertyChangeSupport.firePropertyChange(PropertyChangeSupport.java:335) ~[?:?]
	at java.beans.PropertyChangeSupport.firePropertyChange(PropertyChangeSupport.java:268) ~[?:?]
	at com.st.microxplorer.util.MXPropertyChangeSupport.firePropertyChange(MXPropertyChangeSupport.java:54) ~[STM32CubeMX.jar:?]
	at com.st.microxplorer.mxsystem.MxSystem.closeConfig(MxSystem.java:900) ~[STM32CubeMX.jar:?]
	at com.st.microxplorer.maingui.MainPanel.closeConfig(MainPanel.java:781) ~[STM32CubeMX.jar:?]
	at com.st.microxplorer.plugins.filemanager.engine.OpenFileManager.loadConfigurationFile(OpenFileManager.java:265) ~[filemanager.jar:?]
	at com.st.microxplorer.plugins.filemanager.engine.MainFileManager.userLoadConfig(MainFileManager.java:352) ~[filemanager.jar:?]
	at com.st.microxplorer.plugins.filemanager.engine.MainFileManager.userLoadConfig(MainFileManager.java:330) ~[filemanager.jar:?]
	at com.st.microxplorer.plugins.filemanager.FileManagerView.getSpecificTask(FileManagerView.java:246) ~[filemanager.jar:?]
	at com.st.stm32cube.common.mx.editor.CubeMxEditor.getMxTabbedPaneInstance(CubeMxEditor.java:1198) ~[com.st.stm32cube.common.mx_6.12.0.202406281431/:?]
	at com.st.stm32cube.common.mx.editor.CubeMxEditor$12$1.createSwingComponent(CubeMxEditor.java:1068) ~[com.st.stm32cube.common.mx_6.12.0.202406281431/:?]
	at com.st.stm32cube.common.mx.oss.core.awtswtbridge.EmbeddedSwingComposite.doComponentCreation(EmbeddedSwingComposite.java:492) ~[com.st.stm32cube.common.mx.oss_6.12.0.202406281431/:?]
	at com.st.stm32cube.common.mx.oss.core.awtswtbridge.EmbeddedSwingComposite$4.run(EmbeddedSwingComposite.java:291) ~[com.st.stm32cube.common.mx.oss_6.12.0.202406281431/:?]
	at com.st.stm32cube.common.mx.oss.core.awtswtbridge.AwtEnvironment$2.run(AwtEnvironment.java:166) ~[com.st.stm32cube.common.mx.oss_6.12.0.202406281431/:?]
	at java.awt.event.InvocationEvent.dispatch(InvocationEvent.java:318) ~[?:?]
	at java.awt.EventQueue.dispatchEventImpl(EventQueue.java:773) ~[?:?]
	at java.awt.EventQueue$4.run(EventQueue.java:720) ~[?:?]
	at java.awt.EventQueue$4.run(EventQueue.java:714) ~[?:?]
	at java.security.AccessController.doPrivileged(AccessController.java:399) ~[?:?]
	at java.security.ProtectionDomain$JavaSecurityAccessImpl.doIntersectionPrivilege(ProtectionDomain.java:86) ~[?:?]
	at java.awt.EventQueue.dispatchEvent(EventQueue.java:742) ~[?:?]
	at java.awt.EventDispatchThread.pumpOneEventForFilters(EventDispatchThread.java:203) ~[?:?]
	at java.awt.EventDispatchThread.pumpEventsForFilter(EventDispatchThread.java:124) ~[?:?]
	at java.awt.EventDispatchThread.pumpEventsForHierarchy(EventDispatchThread.java:113) ~[?:?]
	at java.awt.EventDispatchThread.pumpEvents(EventDispatchThread.java:109) ~[?:?]
	at java.awt.EventDispatchThread.pumpEvents(EventDispatchThread.java:101) ~[?:?]
	at java.awt.EventDispatchThread.run(EventDispatchThread.java:90) ~[?:?]
2025-03-21 09:06:24,729 [WARN] ThirdParty:871 - waiting for thirdparty lock release [close project]
2025-03-21 09:06:24,730 [INFO] ThirdParty:873 - entering critical section [close project]
2025-03-21 09:06:24,730 [INFO] ThirdParty:883 - exiting critical section [close project]
2025-03-21 09:06:24,734 [INFO] PinOutPanel:1561 - setPackage(No Configuration,No Configuration)
2025-03-21 09:06:24,739 [INFO] AI:968 - onDisable adding AI com.st.microxplorer.plugins.ip.ai.AI@5774eec9 on STMicroelectronics.X-CUBE-AI.10.0.0
2025-03-21 09:06:24,762 [INFO] UtilMem:75 - Begin LoadConfig() Used Memory: 892024832 Bytes (1073741824)
2025-03-21 09:06:24,765 [INFO] MicroXplorer:468 - Change Database Path : 
2025-03-21 09:06:24,765 [INFO] MicroXplorer:498 - Change Database Version : DB.6.0.120
2025-03-21 09:06:24,765 [INFO] OpenFileManager:332 - Change cursor
2025-03-21 09:06:24,823 [INFO] RulesReader:64 - Compatibility file has been processed (297 Rules)
2025-03-21 09:06:24,834 [INFO] Mcu:2032 - Initializing MCU STM32L4R9A(G-I)Ix STM32L4R9AIIx STM32L4R9AII6
2025-03-21 09:06:32,356 [INFO] Context:742 - Trying to add GPIOservice into a context  which must be forbidden
2025-03-21 09:06:33,200 [INFO] ApiDbMcu:508 - Load IP Config File for STMicroelectronics.X-CUBE-AI.10.0.0
2025-03-21 09:06:33,771 [INFO] RtosManager:555 - Registered RTOS mode: class=CMSIS, group=RTOS, mode=CMSIS_V1, owner=FREERTOS
2025-03-21 09:06:33,771 [INFO] RtosManager:555 - Registered RTOS mode: class=CMSIS, group=RTOS2, mode=CMSIS_V2, owner=FREERTOS
2025-03-21 09:06:33,771 [INFO] RtosManager:555 - Registered RTOS mode: class=RTOS, group=Core, mode=CMSIS_V1, owner=FREERTOS
2025-03-21 09:06:33,771 [INFO] RtosManager:555 - Registered RTOS mode: class=RTOS, group=Core, mode=CMSIS_V2, owner=FREERTOS
2025-03-21 09:06:33,772 [WARN] ModelIntegratedComponent:184 - Missing modes for component STMicroelectronics:FreeRTOS:0.0.1:STMicroelectronics:RTOS:FreeRTOS:Core:::10.2.0:
2025-03-21 09:06:33,781 [WARN] ModelIntegratedComponent:63 - No mode defined for component null
2025-03-21 09:06:33,781 [WARN] ModelIntegratedComponent:63 - No mode defined for component null
2025-03-21 09:06:33,781 [WARN] ModelIntegratedComponent:63 - No mode defined for component null
2025-03-21 09:06:33,781 [WARN] ModelIntegratedComponent:63 - No mode defined for component null
2025-03-21 09:06:33,781 [WARN] ModelIntegratedComponent:63 - No mode defined for component null
2025-03-21 09:06:33,781 [WARN] ModelIntegratedComponent:63 - No mode defined for component null
2025-03-21 09:06:33,781 [WARN] ModelIntegratedComponent:63 - No mode defined for component null
2025-03-21 09:06:33,781 [WARN] ModelIntegratedComponent:63 - No mode defined for component null
2025-03-21 09:06:33,781 [WARN] ModelIntegratedComponent:63 - No mode defined for component null
2025-03-21 09:06:33,782 [WARN] ModelIntegratedComponent:63 - No mode defined for component null
2025-03-21 09:06:33,782 [WARN] ModelIntegratedComponent:63 - No mode defined for component null
2025-03-21 09:06:33,782 [WARN] ModelIntegratedComponent:63 - No mode defined for component null
2025-03-21 09:06:33,782 [WARN] ModelIntegratedComponent:63 - No mode defined for component null
2025-03-21 09:06:33,782 [WARN] ModelIntegratedComponent:63 - No mode defined for component null
2025-03-21 09:06:33,782 [WARN] ModelIntegratedComponent:63 - No mode defined for component null
2025-03-21 09:06:33,782 [WARN] ModelIntegratedComponent:63 - No mode defined for component null
2025-03-21 09:06:33,782 [WARN] ModelIntegratedComponent:63 - No mode defined for component null
2025-03-21 09:06:33,782 [WARN] ModelIntegratedComponent:63 - No mode defined for component null
2025-03-21 09:06:33,782 [WARN] ModelIntegratedComponent:63 - No mode defined for component null
2025-03-21 09:06:33,782 [WARN] ModelIntegratedComponent:63 - No mode defined for component null
2025-03-21 09:06:33,782 [WARN] ModelIntegratedComponent:63 - No mode defined for component null
2025-03-21 09:06:33,783 [WARN] ModelIntegratedComponent:63 - No mode defined for component null
2025-03-21 09:06:33,783 [WARN] ModelIntegratedComponent:63 - No mode defined for component null
2025-03-21 09:06:33,783 [WARN] ModelIntegratedComponent:63 - No mode defined for component null
2025-03-21 09:06:33,783 [WARN] ModelIntegratedComponent:63 - No mode defined for component null
2025-03-21 09:06:33,783 [WARN] ModelIntegratedComponent:63 - No mode defined for component null
2025-03-21 09:06:33,783 [WARN] ModelIntegratedComponent:63 - No mode defined for component null
2025-03-21 09:06:33,783 [WARN] ModelIntegratedComponent:63 - No mode defined for component null
2025-03-21 09:06:33,783 [WARN] ModelIntegratedComponent:63 - No mode defined for component null
2025-03-21 09:06:33,784 [WARN] ModelIntegratedComponent:63 - No mode defined for component null
2025-03-21 09:06:33,785 [WARN] ModelIntegratedComponent:63 - No mode defined for component null
2025-03-21 09:06:33,785 [WARN] ModelIntegratedComponent:63 - No mode defined for component null
2025-03-21 09:06:33,786 [WARN] ModelIntegratedComponent:63 - No mode defined for component null
2025-03-21 09:06:33,786 [WARN] ModelIntegratedComponent:63 - No mode defined for component null
2025-03-21 09:06:33,786 [WARN] ModelIntegratedComponent:63 - No mode defined for component null
2025-03-21 09:06:33,786 [WARN] ModelPack:524 - Component already loaded: STMicroelectronics:HAL Drivers:0.0.0:STMicroelectronics:Device:STMicro_Driver:XSPI:HAL::0.0.1:HAL_XSPI
2025-03-21 09:06:35,017 [INFO] Middleware:612 - instanceName : STMicroelectronics.X-CUBE-AI.10.0.0 bspName : COM Port check condition failed for : !SEMDeviceJjApplicationJjApplicationTemplate
2025-03-21 09:06:35,017 [INFO] Middleware:612 - instanceName : STMicroelectronics.X-CUBE-AI.10.0.0 bspName : COM Port check condition failed for : !SEMDeviceJjApplicationJjApplicationTemplate
2025-03-21 09:06:35,017 [INFO] Middleware:612 - instanceName : STMicroelectronics.X-CUBE-AI.10.0.0 bspName : COM Port check condition failed for : !SEMDeviceJjApplicationJjApplicationTemplate
2025-03-21 09:06:35,062 [INFO] ThirdPartyModel:298 - Start build external matchings
2025-03-21 09:06:39,071 [INFO] ThirdPartyModel:316 - End build external matchings
2025-03-21 09:06:39,126 [INFO] ImportTextPane:205 - (OptionalMessage_ERROR) IP (RCC) : Parameter (DSIFreq_Value) has invalid value (64000000)
2025-03-21 09:06:39,127 [INFO] ImportTextPane:205 - (OptionalMessage_ERROR) IP (RCC) : Parameter (DSIRXEscFreq_Value) has invalid value (100000000)
2025-03-21 09:06:39,127 [INFO] ImportTextPane:205 - (OptionalMessage_ERROR) IP (RCC) : Invalid parameter (FamilyName)
2025-03-21 09:06:39,127 [INFO] ImportTextPane:205 - (OptionalMessage_ERROR) IP (RCC) : Invalid parameter (LTDCCLKoutputFreq_Value)
2025-03-21 09:06:39,127 [INFO] ImportTextPane:205 - (OptionalMessage_ERROR) IP (RCC) : Parameter (PLLDSIFreq_Value) has invalid value (512000000)
2025-03-21 09:06:39,127 [INFO] ImportTextPane:205 - (OptionalMessage_ERROR) IP (RCC) : Parameter (PLLDSIVCOFreq_Value) has invalid value (1024000000)
2025-03-21 09:06:39,129 [INFO] ImportTextPane:205 - (OptionalMessage_ERROR) IP (RCC) : Invalid parameter (SDIOFreq_Value)
2025-03-21 09:06:39,137 [INFO] ImportTextPane:205 - (OptionalMessage_ERROR) IP (STMicroelectronics.X-CUBE-AI.10.0.0) : Parameter (ModelName) has Id (e7202a7dc3442564aff9ae2f839d331ee249c720a91223bedd371705b8eea04d) currently not set
2025-03-21 09:06:39,137 [INFO] ImportTextPane:205 - (OptionalMessage_ERROR) IP (STMicroelectronics.X-CUBE-AI.10.0.0) : Parameter (ModelKind) has Id (e7202a7dc3442564aff9ae2f839d331ee249c720a91223bedd371705b8eea04d) currently not set
2025-03-21 09:06:39,137 [INFO] ImportTextPane:205 - (OptionalMessage_ERROR) IP (STMicroelectronics.X-CUBE-AI.10.0.0) : Parameter (ModelCompression) has Id (e7202a7dc3442564aff9ae2f839d331ee249c720a91223bedd371705b8eea04d) currently not set
2025-03-21 09:06:39,138 [INFO] ImportTextPane:205 - (OptionalMessage_ERROR) IP (STMicroelectronics.X-CUBE-AI.10.0.0) : Parameter (ModelStructureFile) has Id (e7202a7dc3442564aff9ae2f839d331ee249c720a91223bedd371705b8eea04d) currently not set
2025-03-21 09:06:39,138 [INFO] ImportTextPane:205 - (OptionalMessage_ERROR) IP (STMicroelectronics.X-CUBE-AI.10.0.0) : Invalid parameter (LatestDirectoryUsed)
2025-03-21 09:06:39,138 [INFO] ImportTextPane:205 - (OptionalMessage_ERROR) IP (STMicroelectronics.X-CUBE-AI.10.0.0) : Invalid parameter (ValidationInputFileHistory)
2025-03-21 09:06:39,138 [INFO] ImportTextPane:205 - (OptionalMessage_ERROR) IP (STMicroelectronics.X-CUBE-AI.10.0.0) : Parameter (ModelActualCompression) has Id (e7202a7dc3442564aff9ae2f839d331ee249c720a91223bedd371705b8eea04d) currently not set
2025-03-21 09:06:39,138 [INFO] ImportTextPane:205 - (OptionalMessage_ERROR) IP (STMicroelectronics.X-CUBE-AI.10.0.0) : Parameter (ModelFlashOccupation) has Id (e7202a7dc3442564aff9ae2f839d331ee249c720a91223bedd371705b8eea04d) currently not set
2025-03-21 09:06:39,138 [INFO] ImportTextPane:205 - (OptionalMessage_ERROR) IP (STMicroelectronics.X-CUBE-AI.10.0.0) : Parameter (ModelMacc) has Id (e7202a7dc3442564aff9ae2f839d331ee249c720a91223bedd371705b8eea04d) currently not set
2025-03-21 09:06:39,138 [INFO] ImportTextPane:205 - (OptionalMessage_ERROR) IP (STMicroelectronics.X-CUBE-AI.10.0.0) : Parameter (ModelRamOccupation) has Id (e7202a7dc3442564aff9ae2f839d331ee249c720a91223bedd371705b8eea04d) currently not set
2025-03-21 09:06:39,138 [INFO] ImportTextPane:205 - (OptionalMessage_ERROR) IP (STMicroelectronics.X-CUBE-AI.10.0.0) : Parameter (ModelType) has Id (e7202a7dc3442564aff9ae2f839d331ee249c720a91223bedd371705b8eea04d) currently not set
2025-03-21 09:06:39,138 [INFO] ImportTextPane:205 - (OptionalMessage_ERROR) IP (STMicroelectronics.X-CUBE-AI.10.0.0) : Invalid parameter (ValidationOutputFileHistory)
2025-03-21 09:06:39,139 [INFO] ImportTextPane:205 - (OptionalMessage_ERROR) IP (STMicroelectronics.X-CUBE-AI.10.0.0) : Invalid parameter (ValidationInputFile)
2025-03-21 09:06:39,139 [INFO] ImportTextPane:205 - (OptionalMessage_ERROR) IP (STMicroelectronics.X-CUBE-AI.10.0.0) : Invalid parameter (ValidationOutputFile)
2025-03-21 09:06:39,139 [INFO] ImportTextPane:205 - (OptionalMessage_ERROR) IP (STMicroelectronics.X-CUBE-AI.10.0.0) : Invalid parameter (useInputAllocation)
2025-03-21 09:06:39,139 [INFO] ImportTextPane:205 - (OptionalMessage_ERROR) IP (STMicroelectronics.X-CUBE-AI.10.0.0) : Invalid parameter (useOutputAllocation)
2025-03-21 09:06:39,139 [INFO] ImportTextPane:205 - (OptionalMessage_ERROR) IP (STMicroelectronics.X-CUBE-AI.10.0.0) : Invalid parameter (customLayerConfigEnabled)
2025-03-21 09:06:39,139 [INFO] ImportTextPane:205 - (OptionalMessage_ERROR) IP (STMicroelectronics.X-CUBE-AI.10.0.0) : Invalid parameter (noOnnxIoTranspose)
2025-03-21 09:06:39,139 [INFO] ImportTextPane:205 - (OptionalMessage_ERROR) IP (STMicroelectronics.X-CUBE-AI.10.0.0) : Invalid parameter (MaximumNumberOfInputLayer)
2025-03-21 09:06:39,139 [INFO] ImportTextPane:205 - (OptionalMessage_ERROR) IP (STMicroelectronics.X-CUBE-AI.10.0.0) : Invalid parameter (MaximumNumberOfOutputLayer)
2025-03-21 09:06:40,412 [INFO] UtilMem:75 - End LoadConfig() Used Memory: 902295944 Bytes (1073741824)
2025-03-21 09:06:40,581 [WARN] ThirdParty:833 - waiting for thirdparty lock release [change project]
2025-03-21 09:06:40,581 [INFO] ThirdParty:835 - entering critical section [change project]
2025-03-21 09:06:40,581 [INFO] ThirdParty:1030 - CMSIS Pack Vendor :STMicroelectronics USBPD 4.1
2025-03-21 09:06:40,581 [INFO] ThirdParty:1030 - CMSIS Pack Vendor :STMicroelectronics X-CUBE-GNSS1 6.0.0
2025-03-21 09:06:40,582 [INFO] ThirdParty:1030 - CMSIS Pack Vendor :STMicroelectronics USB_HOST 2.0.0
2025-03-21 09:06:40,582 [INFO] ThirdParty:1030 - CMSIS Pack Vendor :STMicroelectronics FP-SNS-MOTENVWB1 1.4.0
2025-03-21 09:06:40,582 [INFO] ThirdParty:1030 - CMSIS Pack Vendor :STMicroelectronics X-CUBE-AZRTOS-F4 1.1.0
2025-03-21 09:06:40,582 [INFO] ThirdParty:1030 - CMSIS Pack Vendor :STMicroelectronics LIBJPEG 8.0.0
2025-03-21 09:06:40,582 [INFO] ThirdParty:1030 - CMSIS Pack Vendor :STMicroelectronics FP-ATR-ASTRA1 2.0.2
2025-03-21 09:06:40,582 [INFO] ThirdParty:1030 - CMSIS Pack Vendor :STMicroelectronics FP-ATR-ASTRA1 2.0.1
2025-03-21 09:06:40,582 [INFO] ThirdParty:1030 - CMSIS Pack Vendor :wolfSSL I-CUBE-wolfSSL 5.6.3
2025-03-21 09:06:40,582 [INFO] ThirdParty:1030 - CMSIS Pack Vendor :STMicroelectronics X-CUBE-SMBUS 2.1.0
2025-03-21 09:06:40,582 [INFO] ThirdParty:1030 - CMSIS Pack Vendor :STMicroelectronics X-CUBE-WB05N 1.1.0
2025-03-21 09:06:40,582 [INFO] ThirdParty:1030 - CMSIS Pack Vendor :STMicroelectronics X-CUBE-ISPU 2.1.0
2025-03-21 09:06:40,582 [INFO] ThirdParty:1030 - CMSIS Pack Vendor :STMicroelectronics X-CUBE-FREERTOS 1.2.0
2025-03-21 09:06:40,583 [INFO] ThirdParty:1030 - CMSIS Pack Vendor :STMicroelectronics X-CUBE-TOUCHGFX 4.23.1
2025-03-21 09:06:40,583 [INFO] ThirdParty:1030 - CMSIS Pack Vendor :STMicroelectronics X-CUBE-TOUCHGFX 4.23.0
2025-03-21 09:06:40,583 [INFO] ThirdParty:1030 - CMSIS Pack Vendor :STMicroelectronics X-CUBE-TOUCHGFX 4.23.2
2025-03-21 09:06:40,583 [INFO] ThirdParty:1030 - CMSIS Pack Vendor :STMicroelectronics X-CUBE-AZRTOS-F7 1.1.0
2025-03-21 09:06:40,583 [INFO] ThirdParty:1030 - CMSIS Pack Vendor :STMicroelectronics X-CUBE-AZRTOS-L5 2.0.0
2025-03-21 09:06:40,583 [INFO] ThirdParty:1030 - CMSIS Pack Vendor :STMicroelectronics USB_DEVICE 2.0.0
2025-03-21 09:06:40,583 [INFO] ThirdParty:1030 - CMSIS Pack Vendor :STMicroelectronics X-CUBE-EEPRMA1 4.2.0
2025-03-21 09:06:40,583 [INFO] ThirdParty:1030 - CMSIS Pack Vendor :STMicroelectronics X-CUBE-NFC6 3.1.0
2025-03-21 09:06:40,584 [INFO] ThirdParty:1030 - CMSIS Pack Vendor :ITTIA_DB I-CUBE-ITTIADB 8.8.0
2025-03-21 09:06:40,585 [INFO] ThirdParty:1030 - CMSIS Pack Vendor :STMicroelectronics FP-SNS-MOTENV1 4.3.2
2025-03-21 09:06:40,585 [INFO] ThirdParty:1030 - CMSIS Pack Vendor :STMicroelectronics X-CUBE-MEMS1 11.0.0
2025-03-21 09:06:40,585 [INFO] ThirdParty:1030 - CMSIS Pack Vendor :STMicroelectronics FreeRTOS 0.0.1
2025-03-21 09:06:40,585 [INFO] ThirdParty:1030 - CMSIS Pack Vendor :STMicroelectronics X-CUBE-BLEMGR 2.0.0
2025-03-21 09:06:40,585 [INFO] ThirdParty:1030 - CMSIS Pack Vendor :STMicroelectronics X-CUBE-DPower 1.2.0
2025-03-21 09:06:40,586 [INFO] ThirdParty:1030 - CMSIS Pack Vendor :STMicroelectronics FP-SNS-FLIGHT1 5.0.2
2025-03-21 09:06:40,586 [INFO] ThirdParty:1030 - CMSIS Pack Vendor :STMicroelectronics X-CUBE-AI 9.0.0
2025-03-21 09:06:40,586 [INFO] ThirdParty:1030 - CMSIS Pack Vendor :STMicroelectronics X-CUBE-AZRTOS-H7 3.1.0
2025-03-21 09:06:40,586 [INFO] ThirdParty:1030 - CMSIS Pack Vendor :STMicroelectronics PDM2PCM 3.3.0
2025-03-21 09:06:40,586 [INFO] ThirdParty:1030 - CMSIS Pack Vendor :STMicroelectronics X-CUBE-DISPLAY 3.0.0
2025-03-21 09:06:40,586 [INFO] ThirdParty:1030 - CMSIS Pack Vendor :STMicroelectronics X-CUBE-BLE1 7.0.0
2025-03-21 09:06:40,586 [INFO] ThirdParty:1030 - CMSIS Pack Vendor :STMicroelectronics X-CUBE-NFC10 1.0.0
2025-03-21 09:06:40,586 [INFO] ThirdParty:1030 - CMSIS Pack Vendor :STMicroelectronics X-CUBE-BLEMGR 4.0.0
2025-03-21 09:06:40,586 [INFO] ThirdParty:1030 - CMSIS Pack Vendor :STMicroelectronics HAL Drivers 0.0.0
2025-03-21 09:06:40,586 [INFO] ThirdParty:1030 - CMSIS Pack Vendor :emotas I-CUBE-CANOPEN 1.3.0
2025-03-21 09:06:40,587 [INFO] ThirdParty:1030 - CMSIS Pack Vendor :STMicroelectronics X-CUBE-FREERTOS 1.3.0
2025-03-21 09:06:40,587 [INFO] ThirdParty:1030 - CMSIS Pack Vendor :STMicroelectronics X-CUBE-NFC7 1.0.1
2025-03-21 09:06:40,587 [INFO] ThirdParty:1030 - CMSIS Pack Vendor :STMicroelectronics MBEDTLS 2.14.1
2025-03-21 09:06:40,587 [INFO] ThirdParty:1030 - CMSIS Pack Vendor :STMicroelectronics X-CUBE-TOUCHGFX 4.22.1
2025-03-21 09:06:40,587 [INFO] ThirdParty:1030 - CMSIS Pack Vendor :wolfSSL I-CUBE-wolfTPM 3.2.0
2025-03-21 09:06:40,587 [INFO] ThirdParty:1030 - CMSIS Pack Vendor :STMicroelectronics X-CUBE-NFC6 3.0.0
2025-03-21 09:06:40,587 [INFO] ThirdParty:1030 - CMSIS Pack Vendor :STMicroelectronics X-CUBE-EEPRMA1 4.1.0
2025-03-21 09:06:40,587 [INFO] ThirdParty:1030 - CMSIS Pack Vendor :STMicroelectronics X-CUBE-BLEMGR 3.1.0
2025-03-21 09:06:40,587 [INFO] ThirdParty:1030 - CMSIS Pack Vendor :STMicroelectronics X-CUBE-AI 10.0.0
2025-03-21 09:06:40,587 [INFO] ThirdParty:1030 - CMSIS Pack Vendor :STMicroelectronics FP-SNS-SMARTAG2 1.2.0
2025-03-21 09:06:40,588 [INFO] ThirdParty:1030 - CMSIS Pack Vendor :STMicroelectronics X-CUBE-MEMS1 11.1.0
2025-03-21 09:06:40,588 [INFO] ThirdParty:1030 - CMSIS Pack Vendor :STMicroelectronics X-CUBE-AZRTOS-WL 2.0.0
2025-03-21 09:06:40,588 [INFO] ThirdParty:1030 - CMSIS Pack Vendor :STMicroelectronics FP-SNS-MOTENV1 5.0.0
2025-03-21 09:06:40,588 [INFO] ThirdParty:1030 - CMSIS Pack Vendor :STMicroelectronics USB_DEVICE 1.0.0
2025-03-21 09:06:40,588 [INFO] ThirdParty:1030 - CMSIS Pack Vendor :STMicroelectronics X-CUBE-AI 8.1.0
2025-03-21 09:06:40,588 [INFO] ThirdParty:1030 - CMSIS Pack Vendor :wolfSSL I-CUBE-wolfMQTT 1.19.0
2025-03-21 09:06:40,588 [INFO] ThirdParty:1030 - CMSIS Pack Vendor :STMicroelectronics X-CUBE-AZRTOS-L4 2.0.0
2025-03-21 09:06:40,588 [INFO] ThirdParty:1030 - CMSIS Pack Vendor :STMicroelectronics ThreadX 0.0.2
2025-03-21 09:06:40,588 [INFO] ThirdParty:1030 - CMSIS Pack Vendor :WES I-CUBE-Cesium 1.3.0
2025-03-21 09:06:40,588 [INFO] ThirdParty:1030 - CMSIS Pack Vendor :STMicroelectronics lwIP 2.1.2
2025-03-21 09:06:40,588 [INFO] ThirdParty:1030 - CMSIS Pack Vendor :STMicroelectronics X-CUBE-SFXS2LP1 4.0.0
2025-03-21 09:06:40,588 [INFO] ThirdParty:1030 - CMSIS Pack Vendor :STMicroelectronics X-CUBE-BLE2 3.3.0
2025-03-21 09:06:40,588 [INFO] ThirdParty:1030 - CMSIS Pack Vendor :STMicroelectronics PDM2PCM 3.2.0
2025-03-21 09:06:40,589 [INFO] ThirdParty:1030 - CMSIS Pack Vendor :STMicroelectronics X-CUBE-ISPU 1.1.0
2025-03-21 09:06:40,589 [INFO] ThirdParty:1030 - CMSIS Pack Vendor :STMicroelectronics X-CUBE-AZRTOS-H7 3.3.0
2025-03-21 09:06:40,589 [INFO] ThirdParty:1030 - CMSIS Pack Vendor :STMicroelectronics X-CUBE-NFC9 1.0.0
2025-03-21 09:06:40,589 [INFO] ThirdParty:1030 - CMSIS Pack Vendor :STMicroelectronics X-CUBE-BLE1 7.1.0
2025-03-21 09:06:40,589 [INFO] ThirdParty:1030 - CMSIS Pack Vendor :STMicroelectronics USB_DEVICE 3.0.0
2025-03-21 09:06:40,589 [INFO] ThirdParty:1030 - CMSIS Pack Vendor :STMicroelectronics X-CUBE-TCPP 4.1.0
2025-03-21 09:06:40,589 [INFO] ThirdParty:1030 - CMSIS Pack Vendor :STMicroelectronics X-CUBE-IPS 3.0.0
2025-03-21 09:06:40,589 [INFO] ThirdParty:1030 - CMSIS Pack Vendor :STMicroelectronics X-CUBE-AZRTOS-WB 2.0.0
2025-03-21 09:06:40,590 [INFO] ThirdParty:1030 - CMSIS Pack Vendor :STMicroelectronics X-CUBE-GNSS1 7.0.0
2025-03-21 09:06:40,590 [INFO] ThirdParty:1030 - CMSIS Pack Vendor :STMicroelectronics X-CUBE-GNSS1 7.0.1
2025-03-21 09:06:40,590 [INFO] ThirdParty:1030 - CMSIS Pack Vendor :STMicroelectronics X-CUBE-TOUCHGFX 4.25.0
2025-03-21 09:06:40,590 [INFO] ThirdParty:1030 - CMSIS Pack Vendor :STMicroelectronics FP-SNS-STBOX1 2.0.0
2025-03-21 09:06:40,590 [INFO] ThirdParty:1030 - CMSIS Pack Vendor :STMicroelectronics X-CUBE-ALGOBUILD 1.3.0
2025-03-21 09:06:40,590 [INFO] ThirdParty:1030 - CMSIS Pack Vendor :STMicroelectronics X-CUBE-AZRTOS-G0 1.1.0
2025-03-21 09:06:40,590 [INFO] ThirdParty:1030 - CMSIS Pack Vendor :STMicroelectronics X-CUBE-SAFEA1 1.2.2
2025-03-21 09:06:40,590 [INFO] ThirdParty:1030 - CMSIS Pack Vendor :STMicroelectronics X-CUBE-NFC4 3.0.0
2025-03-21 09:06:40,590 [INFO] ThirdParty:1030 - CMSIS Pack Vendor :STMicroelectronics X-CUBE-SUBG2 5.0.0
2025-03-21 09:06:40,590 [INFO] ThirdParty:1030 - CMSIS Pack Vendor :STMicroelectronics X-CUBE-AZRTOS-H7RS 1.1.0
2025-03-21 09:06:40,590 [INFO] ThirdParty:1030 - CMSIS Pack Vendor :STMicroelectronics STM32_WPAN 1.0.0
2025-03-21 09:06:40,590 [INFO] ThirdParty:1030 - CMSIS Pack Vendor :wolfSSL I-CUBE-wolfMQTT 1.18.0
2025-03-21 09:06:40,591 [INFO] ThirdParty:1030 - CMSIS Pack Vendor :EmbeddedOffice I-CUBE-FS-RTOS 1.0.1
2025-03-21 09:06:40,591 [INFO] ThirdParty:1030 - CMSIS Pack Vendor :STMicroelectronics lwIP 2.0.3
2025-03-21 09:06:40,591 [INFO] ThirdParty:1030 - CMSIS Pack Vendor :STMicroelectronics USB_HOST 1.0.0
2025-03-21 09:06:40,591 [INFO] ThirdParty:1030 - CMSIS Pack Vendor :STMicroelectronics X-CUBE-TOF1 3.3.1
2025-03-21 09:06:40,591 [INFO] ThirdParty:1030 - CMSIS Pack Vendor :STMicroelectronics X-CUBE-AZRTOS-G4 2.0.0
2025-03-21 09:06:40,591 [INFO] ThirdParty:1030 - CMSIS Pack Vendor :STMicroelectronics PDM2PCM 3.1.0
2025-03-21 09:06:40,591 [INFO] ThirdParty:1030 - CMSIS Pack Vendor :Infineon AIROC-Wi-Fi-Bluetooth-STM32 1.5.1
2025-03-21 09:06:40,591 [INFO] ThirdParty:1030 - CMSIS Pack Vendor :STMicroelectronics X-CUBE-BLEMGR 3.0.0
2025-03-21 09:06:40,591 [INFO] ThirdParty:1030 - CMSIS Pack Vendor :RealThread X-CUBE-RT-Thread_Nano 4.1.1
2025-03-21 09:06:40,591 [INFO] ThirdParty:1030 - CMSIS Pack Vendor :STMicroelectronics FP-SNS-MOTENVWB1 1.3.1
2025-03-21 09:06:40,591 [INFO] ThirdParty:1030 - CMSIS Pack Vendor :STMicroelectronics FP-ATR-SIGFOX1 3.2.0
2025-03-21 09:06:40,591 [INFO] ThirdParty:1030 - CMSIS Pack Vendor :quantropi X-CUBE-qispace-sdk-base 1.9.3
2025-03-21 09:06:40,591 [INFO] ThirdParty:1030 - CMSIS Pack Vendor :STMicroelectronics X-CUBE-ISPU 2.0.0
2025-03-21 09:06:40,591 [INFO] ThirdParty:1030 - CMSIS Pack Vendor :STMicroelectronics X-CUBE-EEPRMA1 5.1.0
2025-03-21 09:06:40,592 [INFO] ThirdParty:1030 - CMSIS Pack Vendor :STMicroelectronics MBEDTLS 2.16.2
2025-03-21 09:06:40,592 [INFO] ThirdParty:1030 - CMSIS Pack Vendor :STMicroelectronics X-CUBE-ALS 1.0.2
2025-03-21 09:06:40,592 [INFO] ThirdParty:1030 - CMSIS Pack Vendor :STMicroelectronics X-CUBE-MEMS1 10.0.0
2025-03-21 09:06:40,592 [INFO] ThirdParty:1030 - CMSIS Pack Vendor :STMicroelectronics X-CUBE-FREERTOS 1.1.0
2025-03-21 09:06:40,592 [INFO] ThirdParty:1030 - CMSIS Pack Vendor :STMicroelectronics X-CUBE-TOUCHGFX 4.24.0
2025-03-21 09:06:40,592 [INFO] ThirdParty:1030 - CMSIS Pack Vendor :STMicroelectronics X-CUBE-TOUCHGFX 4.24.2
2025-03-21 09:06:40,592 [INFO] ThirdParty:1030 - CMSIS Pack Vendor :STMicroelectronics X-CUBE-TOUCHGFX 4.24.1
2025-03-21 09:06:40,592 [INFO] ThirdParty:1030 - CMSIS Pack Vendor :portGmbH I-Cube-SoM-uGOAL 1.1.0
2025-03-21 09:06:40,592 [INFO] ThirdParty:1030 - CMSIS Pack Vendor :STMicroelectronics X-CUBE-ALS 1.0.1
2025-03-21 09:06:40,592 [INFO] ThirdParty:1030 - CMSIS Pack Vendor :STMicroelectronics ThreadX 1.0.0
2025-03-21 09:06:40,592 [INFO] ThirdParty:1030 - CMSIS Pack Vendor :SEGGER I-CUBE-embOS 1.3.1
2025-03-21 09:06:40,592 [INFO] ThirdParty:1030 - CMSIS Pack Vendor :STMicroelectronics X-CUBE-ALGOBUILD 1.4.0
2025-03-21 09:06:40,592 [INFO] ThirdParty:1030 - CMSIS Pack Vendor :STMicroelectronics X-CUBE-AZRTOS-H7RS 1.0.0
2025-03-21 09:06:40,593 [INFO] ThirdParty:1030 - CMSIS Pack Vendor :STMicroelectronics FP-ATR-ASTRA1 2.0.0
2025-03-21 09:06:40,593 [INFO] ThirdParty:1030 - CMSIS Pack Vendor :STMicroelectronics X-CUBE-TOF1 3.4.2
2025-03-21 09:06:40,593 [INFO] ThirdParty:1030 - CMSIS Pack Vendor :STMicroelectronics X-CUBE-AI 9.1.0
2025-03-21 09:06:40,593 [INFO] ThirdParty:1030 - CMSIS Pack Vendor :STMicroelectronics X-CUBE-TOF1 3.4.0
2025-03-21 09:06:40,593 [INFO] ThirdParty:1030 - CMSIS Pack Vendor :STMicroelectronics X-CUBE-TOF1 3.4.1
2025-03-21 09:06:40,593 [INFO] ThirdParty:1030 - CMSIS Pack Vendor :STMicroelectronics X-CUBE-AZRTOS-H7 3.2.0
2025-03-21 09:06:40,593 [INFO] ThirdParty:1030 - CMSIS Pack Vendor :wolfSSL I-CUBE-wolfSSH 1.4.17
2025-03-21 09:06:40,593 [INFO] ThirdParty:841 - exiting critical section [change project]
2025-03-21 09:06:41,218 [INFO] PinOutPanel:1561 - setPackage(No Configuration,No Configuration)
2025-03-21 09:06:41,221 [INFO] PinOutPanel:1561 - setPackage(STM32L4R9AIIx,UFBGA169)
2025-03-21 09:06:42,069 [INFO] UtilMem:75 - Before build in PCC Used Memory: 954691192 Bytes (1073741824)
2025-03-21 09:06:42,930 [INFO] UtilMem:75 - After build in PCC Used Memory: 921509888 Bytes (1073741824)
2025-03-21 09:06:42,931 [INFO] Middleware:612 - instanceName : STMicroelectronics.X-CUBE-AI.10.0.0 bspName : COM Port check condition failed for : !SEMDeviceJjApplicationJjApplicationTemplate
2025-03-21 09:06:42,931 [INFO] Middleware:612 - instanceName : STMicroelectronics.X-CUBE-AI.10.0.0 bspName : COM Port check condition failed for : !SEMDeviceJjApplicationJjApplicationTemplate
2025-03-21 09:06:42,931 [INFO] Middleware:612 - instanceName : STMicroelectronics.X-CUBE-AI.10.0.0 bspName : COM Port check condition failed for : !SEMDeviceJjApplicationJjApplicationTemplate
2025-03-21 09:06:43,038 [INFO] IPUIPlugin:80 - create IPUIPlugin
2025-03-21 09:06:43,038 [INFO] IPUIPlugin:80 - create IPUIPlugin
2025-03-21 09:06:43,038 [INFO] IPUIPlugin:80 - create IPUIPlugin
2025-03-21 09:06:43,038 [INFO] IPUIPlugin:80 - create IPUIPlugin
2025-03-21 09:06:43,039 [INFO] IPUIPlugin:80 - create IPUIPlugin
2025-03-21 09:06:43,039 [INFO] IPUIPlugin:80 - create IPUIPlugin
2025-03-21 09:06:43,039 [INFO] IPUIPlugin:80 - create IPUIPlugin
2025-03-21 09:06:43,040 [INFO] IPUIPlugin:80 - create IPUIPlugin
2025-03-21 09:06:43,040 [INFO] IPUIPlugin:80 - create IPUIPlugin
2025-03-21 09:06:43,040 [INFO] IPUIPlugin:80 - create IPUIPlugin
2025-03-21 09:06:43,040 [INFO] IPUIPlugin:80 - create IPUIPlugin
2025-03-21 09:06:43,041 [INFO] IPUIPlugin:80 - create IPUIPlugin
2025-03-21 09:06:43,041 [INFO] IPUIPlugin:80 - create IPUIPlugin
2025-03-21 09:06:43,041 [INFO] IPUIPlugin:80 - create IPUIPlugin
2025-03-21 09:06:43,041 [INFO] IPUIPlugin:80 - create IPUIPlugin
2025-03-21 09:06:43,041 [INFO] IPUIPlugin:80 - create IPUIPlugin
2025-03-21 09:06:43,042 [INFO] IPUIPlugin:80 - create IPUIPlugin
2025-03-21 09:06:43,042 [INFO] IPUIPlugin:80 - create IPUIPlugin
2025-03-21 09:06:43,042 [INFO] IPUIPlugin:80 - create IPUIPlugin
2025-03-21 09:06:43,043 [INFO] IPUIPlugin:80 - create IPUIPlugin
2025-03-21 09:06:43,043 [INFO] IPUIPlugin:80 - create IPUIPlugin
2025-03-21 09:06:43,044 [INFO] IPUIPlugin:80 - create IPUIPlugin
2025-03-21 09:06:43,044 [INFO] IPUIPlugin:80 - create IPUIPlugin
2025-03-21 09:06:43,045 [INFO] IPUIPlugin:80 - create IPUIPlugin
2025-03-21 09:06:43,045 [INFO] IPUIPlugin:80 - create IPUIPlugin
2025-03-21 09:06:43,046 [INFO] IPUIPlugin:80 - create IPUIPlugin
2025-03-21 09:06:43,046 [INFO] IPUIPlugin:80 - create IPUIPlugin
2025-03-21 09:06:43,046 [INFO] IPUIPlugin:80 - create IPUIPlugin
2025-03-21 09:06:43,047 [INFO] IPUIPlugin:80 - create IPUIPlugin
2025-03-21 09:06:43,047 [INFO] IPUIPlugin:80 - create IPUIPlugin
2025-03-21 09:06:43,048 [INFO] IPUIPlugin:80 - create IPUIPlugin
2025-03-21 09:06:43,048 [INFO] IPUIPlugin:80 - create IPUIPlugin
2025-03-21 09:06:43,049 [INFO] IPUIPlugin:80 - create IPUIPlugin
2025-03-21 09:06:43,050 [INFO] IPUIPlugin:80 - create IPUIPlugin
2025-03-21 09:06:43,051 [INFO] IPUIPlugin:80 - create IPUIPlugin
2025-03-21 09:06:43,051 [INFO] IPUIPlugin:80 - create IPUIPlugin
2025-03-21 09:06:43,052 [INFO] IPUIPlugin:80 - create IPUIPlugin
2025-03-21 09:06:43,054 [INFO] IPUIPlugin:80 - create IPUIPlugin
2025-03-21 09:06:43,055 [INFO] IPUIPlugin:80 - create IPUIPlugin
2025-03-21 09:06:43,055 [INFO] IPUIPlugin:80 - create IPUIPlugin
2025-03-21 09:06:43,056 [INFO] IPUIPlugin:80 - create IPUIPlugin
2025-03-21 09:06:43,057 [INFO] IPUIPlugin:80 - create IPUIPlugin
2025-03-21 09:06:43,058 [INFO] IPUIPlugin:80 - create IPUIPlugin
2025-03-21 09:06:43,059 [INFO] IPUIPlugin:80 - create IPUIPlugin
2025-03-21 09:06:43,060 [INFO] IPUIPlugin:80 - create IPUIPlugin
2025-03-21 09:06:43,060 [INFO] IPUIPlugin:80 - create IPUIPlugin
2025-03-21 09:06:43,061 [INFO] IPUIPlugin:80 - create IPUIPlugin
2025-03-21 09:06:43,061 [INFO] IPUIPlugin:80 - create IPUIPlugin
2025-03-21 09:06:43,062 [INFO] IPUIPlugin:80 - create IPUIPlugin
2025-03-21 09:06:43,062 [INFO] IPUIPlugin:80 - create IPUIPlugin
2025-03-21 09:06:43,063 [INFO] IPUIPlugin:80 - create IPUIPlugin
2025-03-21 09:06:43,063 [INFO] IPUIPlugin:80 - create IPUIPlugin
2025-03-21 09:06:43,064 [INFO] IPUIPlugin:80 - create IPUIPlugin
2025-03-21 09:06:43,065 [INFO] IPUIPlugin:80 - create IPUIPlugin
2025-03-21 09:06:43,066 [INFO] IPUIPlugin:80 - create IPUIPlugin
2025-03-21 09:06:43,067 [INFO] IPUIPlugin:80 - create IPUIPlugin
2025-03-21 09:06:43,068 [INFO] IPUIPlugin:80 - create IPUIPlugin
2025-03-21 09:06:43,070 [INFO] IPUIPlugin:80 - create IPUIPlugin
2025-03-21 09:06:43,071 [INFO] IPUIPlugin:80 - create IPUIPlugin
2025-03-21 09:06:43,072 [INFO] IPUIPlugin:80 - create IPUIPlugin
2025-03-21 09:06:43,073 [INFO] IPUIPlugin:80 - create IPUIPlugin
2025-03-21 09:06:43,074 [INFO] IPUIPlugin:80 - create IPUIPlugin
2025-03-21 09:06:43,075 [INFO] IPUIPlugin:80 - create IPUIPlugin
2025-03-21 09:06:43,076 [INFO] IPUIPlugin:80 - create IPUIPlugin
2025-03-21 09:06:43,077 [INFO] IPUIPlugin:80 - create IPUIPlugin
2025-03-21 09:06:43,079 [INFO] AI:968 - onDisable adding AI com.st.microxplorer.plugins.ip.ai.AI@1c42fc44 on STMicroelectronics.X-CUBE-AI.10.0.0
2025-03-21 09:06:43,335 [INFO] CADModel:165 - CPN selected for project levelSTM32L4R9AII6
2025-03-21 09:06:43,335 [INFO] CADModel:114 - Register for checkConnection events
2025-03-21 09:06:43,444 [INFO] OpenFileManager:363 - Restore cursor
2025-03-21 09:06:44,240 [INFO] AIMainUI:1270 - Restoring parameters from IP...
2025-03-21 09:06:44,240 [INFO] AIMainUI:1393 - No old model detected
2025-03-21 09:06:44,249 [ERROR] N6Profiles:77 - java.io.FileNotFoundException: C:\Users\hugoc\STM32Cube\Repository\Packs\STMicroelectronics\X-CUBE-AI\10.0.0\scripts\N6_scripts\user_neuralart.json (Le chemin d’accès spécifié est introuvable)
2025-03-21 09:06:44,258 [INFO] AInterface:114 - AInterface using toolDir: C:/Users/hugoc/STM32Cube/Repository/Packs/STMicroelectronics/X-CUBE-AI/10.0.0/Utilities/windows
2025-03-21 09:06:44,265 [INFO] AIModelDetailledView:2372 - Analysis status: -
2025-03-21 09:06:44,267 [INFO] AIModelDetailledView:930 - Selected model: Keras
2025-03-21 09:06:44,341 [INFO] AIModelDetailledView:2372 - Analysis status: done
2025-03-21 09:06:55,758 [INFO] AI:951 - getUI adding AI com.st.microxplorer.plugins.ip.ai.AI@1c42fc44 on STMicroelectronics.X-CUBE-AI.10.0.0
2025-03-21 09:06:55,759 [INFO] Middleware:612 - instanceName : STMicroelectronics.X-CUBE-AI.10.0.0 bspName : COM Port check condition failed for : !SEMDeviceJjApplicationJjApplicationTemplate
2025-03-21 09:06:55,760 [INFO] Middleware:612 - instanceName : STMicroelectronics.X-CUBE-AI.10.0.0 bspName : COM Port check condition failed for : !SEMDeviceJjApplicationJjApplicationTemplate
2025-03-21 09:06:55,760 [INFO] Middleware:612 - instanceName : STMicroelectronics.X-CUBE-AI.10.0.0 bspName : COM Port check condition failed for : !SEMDeviceJjApplicationJjApplicationTemplate
2025-03-21 09:07:07,209 [INFO] AIModelDetailledView:2372 - Analysis status: -
2025-03-21 09:07:52,410 [INFO] Middleware:612 - instanceName : STMicroelectronics.X-CUBE-AI.10.0.0 bspName : COM Port check condition failed for : !SEMDeviceJjApplicationJjApplicationTemplate
2025-03-21 09:07:52,410 [INFO] Middleware:612 - instanceName : STMicroelectronics.X-CUBE-AI.10.0.0 bspName : COM Port check condition failed for : !SEMDeviceJjApplicationJjApplicationTemplate
2025-03-21 09:07:52,410 [INFO] Middleware:612 - instanceName : STMicroelectronics.X-CUBE-AI.10.0.0 bspName : COM Port check condition failed for : !SEMDeviceJjApplicationJjApplicationTemplate
2025-03-21 09:07:52,410 [INFO] Middleware:612 - instanceName : STMicroelectronics.X-CUBE-AI.10.0.0 bspName : COM Port check condition failed for : !SEMDeviceJjApplicationJjApplicationTemplate
2025-03-21 09:07:52,410 [INFO] Middleware:612 - instanceName : STMicroelectronics.X-CUBE-AI.10.0.0 bspName : COM Port check condition failed for : !SEMDeviceJjApplicationJjApplicationTemplate
2025-03-21 09:07:52,410 [INFO] Middleware:612 - instanceName : STMicroelectronics.X-CUBE-AI.10.0.0 bspName : COM Port check condition failed for : !SEMDeviceJjApplicationJjApplicationTemplate
2025-03-21 09:08:05,162 [INFO] AInterface:254 - ModelName:mnist; files:[C:\Users\hugoc\OneDrive\Documents\Hugo\ISMIN\Cours\S8\Ia_Data\IA_embarque\Github\IA_Embarque\COLAB\Model_V1.h5]; type:Keras; compression:None
2025-03-21 09:08:05,163 [INFO] AInterface:519 - workspaceTempDir: C:/Users/hugoc/AppData/Local/Temp/mxAI_workspace220201418310014952530009497387069
2025-03-21 09:08:05,165 [INFO] AInterface:1132 - Setting Env: C:/Users/hugoc/STM32Cube/Repository/Packs/STMicroelectronics/X-CUBE-AI/10.0.0/Utilities/windows
2025-03-21 09:08:05,196 [INFO] STM32CubeIDEBuilder:265 - Looking for gnu-tools-for-stm32 tools/bin/arm-none-eabi-gcc.exe in C:\ST\STM32CubeIDE_1.13.1\STM32CubeIDE
2025-03-21 09:08:05,203 [INFO] STM32CubeIDEBuilder:294 - checking C:\ST\STM32CubeIDE_1.13.1\STM32CubeIDE\plugins\com.st.stm32cube.ide.mcu.externaltools.gnu-tools-for-stm32.12.3.rel1.win32_1.0.200.202406191623\tools\bin\arm-none-eabi-gcc.exe
2025-03-21 09:08:05,205 [INFO] STM32CubeIDEBuilder:297 - ret=C:\ST\STM32CubeIDE_1.13.1\STM32CubeIDE\plugins\com.st.stm32cube.ide.mcu.externaltools.gnu-tools-for-stm32.12.3.rel1.win32_1.0.200.202406191623\tools\bin\arm-none-eabi-gcc.exe
2025-03-21 09:08:05,206 [INFO] STM32CubeIDEBuilder:311 - returning C:\ST\STM32CubeIDE_1.13.1\STM32CubeIDE\plugins\com.st.stm32cube.ide.mcu.externaltools.gnu-tools-for-stm32.12.3.rel1.win32_1.0.200.202406191623\tools\bin\arm-none-eabi-gcc.exe
2025-03-21 09:08:05,207 [INFO] AInterface:1189 - Custom PATH variable: C:/Users/hugoc/STM32Cube/Repository/Packs/STMicroelectronics/X-CUBE-AI/10.0.0/Utilities/windows;C:/Users/hugoc/STM32Cube/Repository/Packs/STMicroelectronics/X-CUBE-AI/10.0.0/Utilities/windows/mingw64/bin;C:/Users/hugoc/STM32Cube/Repository/Packs/STMicroelectronics/X-CUBE-AI/10.0.0/Utilities/windows/mingw64/libexec/gcc/x86_64-w64-mingw32/7.3.0;;C:\ST\STM32CubeIDE_1.13.1\STM32CubeIDE\plugins\com.st.stm32cube.ide.mcu.externaltools.gnu-tools-for-stm32.12.3.rel1.win32_1.0.200.202406191623\tools\bin
2025-03-21 09:08:05,209 [INFO] CmdLine:109 - Command: C:/Users/hugoc/STM32Cube/Repository/Packs/STMicroelectronics/X-CUBE-AI/10.0.0/Utilities/windows/stedgeai.exe analyze --target stm32l4 --name mnist -m C:/Users/hugoc/OneDrive/Documents/Hugo/ISMIN/Cours/S8/Ia_Data/IA_embarque/Github/IA_Embarque/COLAB/Model_V1.h5 --compression none --verbosity 1 --workspace C:/Users/hugoc/AppData/Local/Temp/mxAI_workspace220201418310014952530009497387069 --output C:/Users/hugoc/.stm32cubemx/mnist_output
2025-03-21 09:08:05,226 [INFO] AIModelDetailledView:2372 - Analysis status: pending
2025-03-21 09:08:08,577 [INFO] CmdLine:74 - ST Edge AI Core v2.0.0-20049
2025-03-21 09:08:35,297 [INFO] CmdLine:74 - Creating c (debug) info json file C:\Users\hugoc\AppData\Local\Temp\mxAI_workspace220201418310014952530009497387069\mnist_c_info.json
2025-03-21 09:08:35,512 [INFO] CmdLine:74 -  
2025-03-21 09:08:35,513 [INFO] CmdLine:74 -  Exec/report summary (analyze)
2025-03-21 09:08:35,513 [INFO] CmdLine:74 -  ----------------------------------------------------------------------------------------------------------------------------------------
2025-03-21 09:08:35,514 [INFO] CmdLine:74 -  model file         :   C:\Users\hugoc\OneDrive\Documents\Hugo\ISMIN\Cours\S8\Ia_Data\IA_embarque\Github\IA_Embarque\COLAB\Model_V1.h5   
2025-03-21 09:08:35,516 [INFO] CmdLine:74 -  type               :   keras                                                                                                            
2025-03-21 09:08:35,517 [INFO] CmdLine:74 -  c_name             :   mnist                                                                                                            
2025-03-21 09:08:35,518 [INFO] CmdLine:74 -  compression        :   none                                                                                                             
2025-03-21 09:08:35,519 [INFO] CmdLine:74 -  options            :   allocate-inputs, allocate-outputs                                                                                
2025-03-21 09:08:35,519 [INFO] CmdLine:74 -  optimization       :   balanced                                                                                                         
2025-03-21 09:08:35,520 [INFO] CmdLine:74 -  target/series      :   stm32l4                                                                                                          
2025-03-21 09:08:35,520 [INFO] CmdLine:74 -  workspace dir      :   C:\Users\hugoc\AppData\Local\Temp\mxAI_workspace220201418310014952530009497387069                                
2025-03-21 09:08:35,520 [INFO] CmdLine:74 -  output dir         :   C:\Users\hugoc\.stm32cubemx\mnist_output                                                                         
2025-03-21 09:08:35,522 [INFO] CmdLine:74 -  model_fmt          :   float                                                                                                            
2025-03-21 09:08:35,522 [INFO] CmdLine:74 -  model_name         :   Model_V1                                                                                                         
2025-03-21 09:08:35,523 [INFO] CmdLine:74 -  model_hash         :   0x2ac21b7b6d50788773a4495e0a84f8a1                                                                               
2025-03-21 09:08:35,524 [INFO] CmdLine:74 -  params #           :   9,029 items (35.27 KiB)                                                                                          
2025-03-21 09:08:35,524 [INFO] CmdLine:74 -  ----------------------------------------------------------------------------------------------------------------------------------------
2025-03-21 09:08:35,525 [INFO] CmdLine:74 -  input 1/1          :   'input_0', f32(1x5), 20 Bytes, activations                                                                       
2025-03-21 09:08:35,526 [INFO] CmdLine:74 -  output 1/1         :   'dense_7', f32(1x5), 20 Bytes, activations                                                                       
2025-03-21 09:08:35,526 [INFO] CmdLine:74 -  macc               :   10,448                                                                                                           
2025-03-21 09:08:35,527 [INFO] CmdLine:74 -  weights (ro)       :   36,116 B (35.27 KiB) (1 segment)                                                                                 
2025-03-21 09:08:35,528 [INFO] CmdLine:74 -  activations (rw)   :   512 B (512 B) (1 segment) *                                                                                      
2025-03-21 09:08:35,529 [INFO] CmdLine:74 -  ram (total)        :   512 B (512 B) = 512 + 0 + 0                                                                                      
2025-03-21 09:08:35,530 [INFO] CmdLine:74 -  ----------------------------------------------------------------------------------------------------------------------------------------
2025-03-21 09:08:35,530 [INFO] CmdLine:74 -  (*) 'input'/'output' buffers can be used from the activations buffer
2025-03-21 09:08:35,531 [INFO] CmdLine:74 - Computing AI RT data/code size (target=stm32l4)..
2025-03-21 09:08:41,594 [INFO] CmdLine:74 -  Model name - Model_V1
2025-03-21 09:08:41,595 [INFO] CmdLine:74 -  ------ ----------------------- ------------ -------------- ------- ---------------
2025-03-21 09:08:41,596 [INFO] CmdLine:74 -  m_id   layer (original)        oshape       param/size        macc    connected to
2025-03-21 09:08:41,597 [INFO] CmdLine:74 -  ------ ----------------------- ------------ -------------- ------- ---------------
2025-03-21 09:08:41,597 [INFO] CmdLine:74 -  0      input_0 (None)          [b:1,c:5]
2025-03-21 09:08:41,598 [INFO] CmdLine:74 -         dense_4_dense (Dense)   [b:1,c:64]   384/1,536          384         input_0
2025-03-21 09:08:41,599 [INFO] CmdLine:74 -         dense_4 (Dense)         [b:1,c:64]                       64   dense_4_dense
2025-03-21 09:08:41,600 [INFO] CmdLine:74 -  ------ ----------------------- ------------ -------------- ------- ---------------
2025-03-21 09:08:41,600 [INFO] CmdLine:74 -  2      dense_5_dense (Dense)   [b:1,c:64]   4,160/16,640     4,160         dense_4
2025-03-21 09:08:41,601 [INFO] CmdLine:74 -         dense_5 (Dense)         [b:1,c:64]                      640   dense_5_dense
2025-03-21 09:08:41,604 [INFO] CmdLine:74 -  ------ ----------------------- ------------ -------------- ------- ---------------
2025-03-21 09:08:41,604 [INFO] CmdLine:74 -  4      dense_6_dense (Dense)   [b:1,c:64]   4,160/16,640     4,160         dense_5
2025-03-21 09:08:41,605 [INFO] CmdLine:74 -         dense_6 (Dense)         [b:1,c:64]                      640   dense_6_dense
2025-03-21 09:08:41,606 [INFO] CmdLine:74 -  ------ ----------------------- ------------ -------------- ------- ---------------
2025-03-21 09:08:41,607 [INFO] CmdLine:74 -  6      dense_7_dense (Dense)   [b:1,c:5]    325/1,300          325         dense_6
2025-03-21 09:08:41,608 [INFO] CmdLine:74 -         dense_7 (Dense)         [b:1,c:5]                        75   dense_7_dense
2025-03-21 09:08:41,609 [INFO] CmdLine:74 -  ------ ----------------------- ------------ -------------- ------- ---------------
2025-03-21 09:08:41,611 [INFO] CmdLine:74 -  model: macc=10,448 weights=36,116 activations=-- io=--
2025-03-21 09:08:41,612 [INFO] CmdLine:74 -  Number of operations per c-layer
2025-03-21 09:08:41,613 [INFO] CmdLine:74 -  ------- ------ ------------------------ -------- --------------
2025-03-21 09:08:41,614 [INFO] CmdLine:74 -  c_id    m_id   name (type)                   #op           type
2025-03-21 09:08:41,614 [INFO] CmdLine:74 -  ------- ------ ------------------------ -------- --------------
2025-03-21 09:08:41,616 [INFO] CmdLine:74 -  0       0      dense_4_dense (Dense)         384   smul_f32_f32
2025-03-21 09:08:41,618 [INFO] CmdLine:74 -  1       0      dense_4 (Nonlinearity)         64     op_f32_f32
2025-03-21 09:08:41,619 [INFO] CmdLine:74 -  2       2      dense_5_dense (Dense)       4,160   smul_f32_f32
2025-03-21 09:08:41,620 [INFO] CmdLine:74 -  3       2      dense_5 (Nonlinearity)        640     op_f32_f32
2025-03-21 09:08:41,620 [INFO] CmdLine:74 -  4       4      dense_6_dense (Dense)       4,160   smul_f32_f32
2025-03-21 09:08:41,621 [INFO] CmdLine:74 -  5       4      dense_6 (Nonlinearity)        640     op_f32_f32
2025-03-21 09:08:41,621 [INFO] CmdLine:74 -  6       6      dense_7_dense (Dense)         325   smul_f32_f32
2025-03-21 09:08:41,622 [INFO] CmdLine:74 -  7       6      dense_7 (Nonlinearity)         75     op_f32_f32
2025-03-21 09:08:41,623 [INFO] CmdLine:74 -  ------- ------ ------------------------ -------- --------------
2025-03-21 09:08:41,624 [INFO] CmdLine:74 -  total                                     10,448
2025-03-21 09:08:41,624 [INFO] CmdLine:74 -  Number of operation types
2025-03-21 09:08:41,625 [INFO] CmdLine:74 -  ---------------- ------- -----------
2025-03-21 09:08:41,626 [INFO] CmdLine:74 -  operation type         #           %
2025-03-21 09:08:41,626 [INFO] CmdLine:74 -  ---------------- ------- -----------
2025-03-21 09:08:41,627 [INFO] CmdLine:74 -  smul_f32_f32       9,029       86.4%
2025-03-21 09:08:41,627 [INFO] CmdLine:74 -  op_f32_f32         1,419       13.6%
2025-03-21 09:08:41,628 [INFO] CmdLine:74 -  Complexity report (model)
2025-03-21 09:08:41,629 [INFO] CmdLine:74 -  ------ --------------- ------------------------- ------------------------- --------
2025-03-21 09:08:41,630 [INFO] CmdLine:74 -  m_id   name            c_macc                    c_rom                     c_id
2025-03-21 09:08:41,635 [INFO] CmdLine:74 -  ------ --------------- ------------------------- ------------------------- --------
2025-03-21 09:08:41,636 [INFO] CmdLine:74 -  0      input_0         ||                 4.3%   ||                 4.3%   [0, 1]
2025-03-21 09:08:41,637 [INFO] CmdLine:74 -  2      dense_5_dense   ||||||||||||||||  45.9%   ||||||||||||||||  46.1%   [2, 3]
2025-03-21 09:08:41,637 [INFO] CmdLine:74 -  4      dense_6_dense   ||||||||||||||||  45.9%   ||||||||||||||||  46.1%   [4, 5]
2025-03-21 09:08:41,638 [INFO] CmdLine:74 -  6      dense_7_dense   ||                 3.8%   ||                 3.6%   [6, 7]
2025-03-21 09:08:41,639 [INFO] CmdLine:74 -  ------ --------------- ------------------------- ------------------------- --------
2025-03-21 09:08:41,640 [INFO] CmdLine:74 -  macc=10,448 weights=36,116 act=512 ram_io=0
2025-03-21 09:08:41,641 [INFO] CmdLine:74 -  Requested memory size by section - "stm32l4" target
2025-03-21 09:08:41,642 [INFO] CmdLine:74 -  ------------------------------ ------- -------- ------- -----
2025-03-21 09:08:41,642 [INFO] CmdLine:74 -  module                            text   rodata    data   bss
2025-03-21 09:08:41,643 [INFO] CmdLine:74 -  ------------------------------ ------- -------- ------- -----
2025-03-21 09:08:41,644 [INFO] CmdLine:74 -  NetworkRuntime1000_CM4_GCC.a     7,136        0       0     0
2025-03-21 09:08:41,645 [INFO] CmdLine:74 -  mnist.o                            606       64   2,236   160
2025-03-21 09:08:41,646 [INFO] CmdLine:74 -  mnist_data.o                        48       16      88     0
2025-03-21 09:08:41,647 [INFO] CmdLine:74 -  lib (toolchain)*                 1,432       24      12     0
2025-03-21 09:08:41,647 [INFO] CmdLine:74 -  ------------------------------ ------- -------- ------- -----
2025-03-21 09:08:41,648 [INFO] CmdLine:74 -  RT total**                       9,222      104   2,336   160
2025-03-21 09:08:41,649 [INFO] CmdLine:74 -  ------------------------------ ------- -------- ------- -----
2025-03-21 09:08:41,650 [INFO] CmdLine:74 -  weights                              0   36,120       0     0
2025-03-21 09:08:41,651 [INFO] CmdLine:74 -  activations                          0        0       0   512
2025-03-21 09:08:41,658 [INFO] CmdLine:74 -  io                                   0        0       0     0
2025-03-21 09:08:41,659 [INFO] CmdLine:74 -  ------------------------------ ------- -------- ------- -----
2025-03-21 09:08:41,660 [INFO] CmdLine:74 -  TOTAL                            9,222   36,224   2,336   672
2025-03-21 09:08:41,661 [INFO] CmdLine:74 -  ------------------------------ ------- -------- ------- -----
2025-03-21 09:08:41,661 [INFO] CmdLine:74 -  *  toolchain objects (libm/libgcc*)
2025-03-21 09:08:41,662 [INFO] CmdLine:74 -  ** RT AI runtime objects (kernels+infrastructure)
2025-03-21 09:08:41,662 [INFO] CmdLine:74 -   Summary - "stm32l4" target
2025-03-21 09:08:41,663 [INFO] CmdLine:74 -   ---------------------------------------------------
2025-03-21 09:08:41,663 [INFO] CmdLine:74 -                FLASH (ro)      %*   RAM (rw)       %
2025-03-21 09:08:41,664 [INFO] CmdLine:74 -   ---------------------------------------------------
2025-03-21 09:08:41,664 [INFO] CmdLine:74 -   RT total         11,662   24.4%      2,496   83.0%
2025-03-21 09:08:41,664 [INFO] CmdLine:74 -   ---------------------------------------------------
2025-03-21 09:08:41,665 [INFO] CmdLine:74 -   TOTAL            47,782              3,008
2025-03-21 09:08:41,665 [INFO] CmdLine:74 -   ---------------------------------------------------
2025-03-21 09:08:41,667 [INFO] CmdLine:74 -   *  rt/total
2025-03-21 09:08:41,668 [INFO] CmdLine:74 - Creating txt report file C:\Users\hugoc\.stm32cubemx\mnist_output\mnist_analyze_report.txt
2025-03-21 09:08:46,525 [INFO] CmdLine:74 - elapsed time (analyze): 37.946s
2025-03-21 09:08:47,418 [INFO] CmdLine:142 - stedgeai exit with status: 0
2025-03-21 09:08:47,491 [INFO] AIModelDetailledView:1176 - Model file:      Model_V1.h5
2025-03-21 09:08:47,491 [INFO] AIModelDetailledView:1176 - Total Flash:     47778 B (46.66 KiB)
2025-03-21 09:08:47,492 [INFO] AIModelDetailledView:1176 -     Weights:     36116 B (35.27 KiB)
2025-03-21 09:08:47,493 [INFO] AIModelDetailledView:1176 -     Library:     11662 B (11.39 KiB)
2025-03-21 09:08:47,494 [INFO] AIModelDetailledView:1176 - Total Ram:       3020 B (2.95 KiB)
2025-03-21 09:08:47,495 [INFO] AIModelDetailledView:1176 -     Activations: 524 B
2025-03-21 09:08:47,495 [INFO] AIModelDetailledView:1176 -     Library:     2496 B (2.44 KiB)
2025-03-21 09:08:47,496 [INFO] AIModelDetailledView:1176 -     Input:       20 B (included in Activations)
2025-03-21 09:08:47,497 [INFO] AIModelDetailledView:1176 -     Output:      20 B (included in Activations)
2025-03-21 09:08:47,497 [INFO] AIModelDetailledView:1176 - Done
2025-03-21 09:08:47,498 [INFO] AIModelDetailledView:2707 - Analyze complete on AI model
2025-03-21 09:08:47,563 [INFO] Middleware:612 - instanceName : STMicroelectronics.X-CUBE-AI.10.0.0 bspName : COM Port check condition failed for : !SEMDeviceJjApplicationJjApplicationTemplate
2025-03-21 09:08:47,564 [INFO] Middleware:612 - instanceName : STMicroelectronics.X-CUBE-AI.10.0.0 bspName : COM Port check condition failed for : !SEMDeviceJjApplicationJjApplicationTemplate
2025-03-21 09:08:47,564 [INFO] Middleware:612 - instanceName : STMicroelectronics.X-CUBE-AI.10.0.0 bspName : COM Port check condition failed for : !SEMDeviceJjApplicationJjApplicationTemplate
2025-03-21 09:08:47,564 [INFO] Middleware:612 - instanceName : STMicroelectronics.X-CUBE-AI.10.0.0 bspName : COM Port check condition failed for : !SEMDeviceJjApplicationJjApplicationTemplate
2025-03-21 09:08:47,564 [INFO] Middleware:612 - instanceName : STMicroelectronics.X-CUBE-AI.10.0.0 bspName : COM Port check condition failed for : !SEMDeviceJjApplicationJjApplicationTemplate
2025-03-21 09:08:47,564 [INFO] Middleware:612 - instanceName : STMicroelectronics.X-CUBE-AI.10.0.0 bspName : COM Port check condition failed for : !SEMDeviceJjApplicationJjApplicationTemplate
2025-03-21 09:08:47,660 [INFO] Middleware:612 - instanceName : STMicroelectronics.X-CUBE-AI.10.0.0 bspName : COM Port check condition failed for : !SEMDeviceJjApplicationJjApplicationTemplate
2025-03-21 09:08:47,660 [INFO] Middleware:612 - instanceName : STMicroelectronics.X-CUBE-AI.10.0.0 bspName : COM Port check condition failed for : !SEMDeviceJjApplicationJjApplicationTemplate
2025-03-21 09:08:47,660 [INFO] Middleware:612 - instanceName : STMicroelectronics.X-CUBE-AI.10.0.0 bspName : COM Port check condition failed for : !SEMDeviceJjApplicationJjApplicationTemplate
2025-03-21 09:08:47,660 [INFO] Middleware:612 - instanceName : STMicroelectronics.X-CUBE-AI.10.0.0 bspName : COM Port check condition failed for : !SEMDeviceJjApplicationJjApplicationTemplate
2025-03-21 09:08:47,660 [INFO] Middleware:612 - instanceName : STMicroelectronics.X-CUBE-AI.10.0.0 bspName : COM Port check condition failed for : !SEMDeviceJjApplicationJjApplicationTemplate
2025-03-21 09:08:47,660 [INFO] Middleware:612 - instanceName : STMicroelectronics.X-CUBE-AI.10.0.0 bspName : COM Port check condition failed for : !SEMDeviceJjApplicationJjApplicationTemplate
2025-03-21 09:08:47,747 [INFO] Middleware:612 - instanceName : STMicroelectronics.X-CUBE-AI.10.0.0 bspName : COM Port check condition failed for : !SEMDeviceJjApplicationJjApplicationTemplate
2025-03-21 09:08:47,748 [INFO] Middleware:612 - instanceName : STMicroelectronics.X-CUBE-AI.10.0.0 bspName : COM Port check condition failed for : !SEMDeviceJjApplicationJjApplicationTemplate
2025-03-21 09:08:47,748 [INFO] Middleware:612 - instanceName : STMicroelectronics.X-CUBE-AI.10.0.0 bspName : COM Port check condition failed for : !SEMDeviceJjApplicationJjApplicationTemplate
2025-03-21 09:08:47,748 [INFO] Middleware:612 - instanceName : STMicroelectronics.X-CUBE-AI.10.0.0 bspName : COM Port check condition failed for : !SEMDeviceJjApplicationJjApplicationTemplate
2025-03-21 09:08:47,748 [INFO] Middleware:612 - instanceName : STMicroelectronics.X-CUBE-AI.10.0.0 bspName : COM Port check condition failed for : !SEMDeviceJjApplicationJjApplicationTemplate
2025-03-21 09:08:47,748 [INFO] Middleware:612 - instanceName : STMicroelectronics.X-CUBE-AI.10.0.0 bspName : COM Port check condition failed for : !SEMDeviceJjApplicationJjApplicationTemplate
2025-03-21 09:08:47,771 [INFO] AIModelDetailledView:2372 - Analysis status: done
2025-03-21 09:09:07,880 [INFO] UtilMem:75 - End SaveConfig() Used Memory: 864609200 Bytes (1073741824)
2025-03-21 09:09:09,032 [INFO] Middleware:612 - instanceName : STMicroelectronics.X-CUBE-AI.10.0.0 bspName : COM Port check condition failed for : !SEMDeviceJjApplicationJjApplicationTemplate
2025-03-21 09:09:09,032 [INFO] Middleware:612 - instanceName : STMicroelectronics.X-CUBE-AI.10.0.0 bspName : COM Port check condition failed for : !SEMDeviceJjApplicationJjApplicationTemplate
2025-03-21 09:09:09,032 [INFO] Middleware:612 - instanceName : STMicroelectronics.X-CUBE-AI.10.0.0 bspName : COM Port check condition failed for : !SEMDeviceJjApplicationJjApplicationTemplate
2025-03-21 09:09:09,032 [INFO] Middleware:612 - instanceName : STMicroelectronics.X-CUBE-AI.10.0.0 bspName : COM Port check condition failed for : !SEMDeviceJjApplicationJjApplicationTemplate
2025-03-21 09:09:09,033 [INFO] Middleware:612 - instanceName : STMicroelectronics.X-CUBE-AI.10.0.0 bspName : COM Port check condition failed for : !SEMDeviceJjApplicationJjApplicationTemplate
2025-03-21 09:09:09,033 [INFO] Middleware:612 - instanceName : STMicroelectronics.X-CUBE-AI.10.0.0 bspName : COM Port check condition failed for : !SEMDeviceJjApplicationJjApplicationTemplate
2025-03-21 09:09:09,042 [INFO] AIModelDetailledView:2372 - Analysis status: -
2025-03-21 09:09:09,050 [INFO] AInterface:254 - ModelName:mnist; files:[C:\Users\hugoc\OneDrive\Documents\Hugo\ISMIN\Cours\S8\Ia_Data\IA_embarque\Github\IA_Embarque\COLAB\Model_V1.h5]; type:Keras; compression:None
2025-03-21 09:09:09,051 [INFO] AInterface:519 - workspaceTempDir: C:/Users/hugoc/AppData/Local/Temp/mxAI_workspace226590212020012197622490660179323
2025-03-21 09:09:09,052 [INFO] AInterface:1132 - Setting Env: C:/Users/hugoc/STM32Cube/Repository/Packs/STMicroelectronics/X-CUBE-AI/10.0.0/Utilities/windows
2025-03-21 09:09:09,077 [INFO] STM32CubeIDEBuilder:265 - Looking for gnu-tools-for-stm32 tools/bin/arm-none-eabi-gcc.exe in C:\ST\STM32CubeIDE_1.13.1\STM32CubeIDE
2025-03-21 09:09:09,085 [INFO] STM32CubeIDEBuilder:294 - checking C:\ST\STM32CubeIDE_1.13.1\STM32CubeIDE\plugins\com.st.stm32cube.ide.mcu.externaltools.gnu-tools-for-stm32.12.3.rel1.win32_1.0.200.202406191623\tools\bin\arm-none-eabi-gcc.exe
2025-03-21 09:09:09,087 [INFO] STM32CubeIDEBuilder:297 - ret=C:\ST\STM32CubeIDE_1.13.1\STM32CubeIDE\plugins\com.st.stm32cube.ide.mcu.externaltools.gnu-tools-for-stm32.12.3.rel1.win32_1.0.200.202406191623\tools\bin\arm-none-eabi-gcc.exe
2025-03-21 09:09:09,087 [INFO] STM32CubeIDEBuilder:311 - returning C:\ST\STM32CubeIDE_1.13.1\STM32CubeIDE\plugins\com.st.stm32cube.ide.mcu.externaltools.gnu-tools-for-stm32.12.3.rel1.win32_1.0.200.202406191623\tools\bin\arm-none-eabi-gcc.exe
2025-03-21 09:09:09,089 [INFO] AInterface:1189 - Custom PATH variable: C:/Users/hugoc/STM32Cube/Repository/Packs/STMicroelectronics/X-CUBE-AI/10.0.0/Utilities/windows;C:/Users/hugoc/STM32Cube/Repository/Packs/STMicroelectronics/X-CUBE-AI/10.0.0/Utilities/windows/mingw64/bin;C:/Users/hugoc/STM32Cube/Repository/Packs/STMicroelectronics/X-CUBE-AI/10.0.0/Utilities/windows/mingw64/libexec/gcc/x86_64-w64-mingw32/7.3.0;;C:\ST\STM32CubeIDE_1.13.1\STM32CubeIDE\plugins\com.st.stm32cube.ide.mcu.externaltools.gnu-tools-for-stm32.12.3.rel1.win32_1.0.200.202406191623\tools\bin
2025-03-21 09:09:09,090 [INFO] CmdLine:109 - Command: C:/Users/hugoc/STM32Cube/Repository/Packs/STMicroelectronics/X-CUBE-AI/10.0.0/Utilities/windows/stedgeai.exe analyze --target stm32l4 --name mnist -m C:/Users/hugoc/OneDrive/Documents/Hugo/ISMIN/Cours/S8/Ia_Data/IA_embarque/Github/IA_Embarque/COLAB/Model_V1.h5 --compression none --verbosity 1 --workspace C:/Users/hugoc/AppData/Local/Temp/mxAI_workspace226590212020012197622490660179323 --output C:/Users/hugoc/.stm32cubemx/mnist_output
2025-03-21 09:09:09,091 [INFO] AIModelDetailledView:2372 - Analysis status: pending
2025-03-21 09:09:11,752 [INFO] CmdLine:74 - ST Edge AI Core v2.0.0-20049
2025-03-21 09:09:37,046 [INFO] CmdLine:74 - Creating c (debug) info json file C:\Users\hugoc\AppData\Local\Temp\mxAI_workspace226590212020012197622490660179323\mnist_c_info.json
2025-03-21 09:09:37,249 [INFO] CmdLine:74 -  
2025-03-21 09:09:37,249 [INFO] CmdLine:74 -  Exec/report summary (analyze)
2025-03-21 09:09:37,250 [INFO] CmdLine:74 -  ----------------------------------------------------------------------------------------------------------------------------------------
2025-03-21 09:09:37,250 [INFO] CmdLine:74 -  model file         :   C:\Users\hugoc\OneDrive\Documents\Hugo\ISMIN\Cours\S8\Ia_Data\IA_embarque\Github\IA_Embarque\COLAB\Model_V1.h5   
2025-03-21 09:09:37,250 [INFO] CmdLine:74 -  type               :   keras                                                                                                            
2025-03-21 09:09:37,251 [INFO] CmdLine:74 -  c_name             :   mnist                                                                                                            
2025-03-21 09:09:37,251 [INFO] CmdLine:74 -  compression        :   none                                                                                                             
2025-03-21 09:09:37,251 [INFO] CmdLine:74 -  options            :   allocate-inputs, allocate-outputs                                                                                
2025-03-21 09:09:37,251 [INFO] CmdLine:74 -  optimization       :   balanced                                                                                                         
2025-03-21 09:09:37,252 [INFO] CmdLine:74 -  target/series      :   stm32l4                                                                                                          
2025-03-21 09:09:37,252 [INFO] CmdLine:74 -  workspace dir      :   C:\Users\hugoc\AppData\Local\Temp\mxAI_workspace226590212020012197622490660179323                                
2025-03-21 09:09:37,252 [INFO] CmdLine:74 -  output dir         :   C:\Users\hugoc\.stm32cubemx\mnist_output                                                                         
2025-03-21 09:09:37,253 [INFO] CmdLine:74 -  model_fmt          :   float                                                                                                            
2025-03-21 09:09:37,253 [INFO] CmdLine:74 -  model_name         :   Model_V1                                                                                                         
2025-03-21 09:09:37,254 [INFO] CmdLine:74 -  model_hash         :   0x2ac21b7b6d50788773a4495e0a84f8a1                                                                               
2025-03-21 09:09:37,254 [INFO] CmdLine:74 -  params #           :   9,029 items (35.27 KiB)                                                                                          
2025-03-21 09:09:37,255 [INFO] CmdLine:74 -  ----------------------------------------------------------------------------------------------------------------------------------------
2025-03-21 09:09:37,255 [INFO] CmdLine:74 -  input 1/1          :   'input_0', f32(1x5), 20 Bytes, activations                                                                       
2025-03-21 09:09:37,255 [INFO] CmdLine:74 -  output 1/1         :   'dense_7', f32(1x5), 20 Bytes, activations                                                                       
2025-03-21 09:09:37,256 [INFO] CmdLine:74 -  macc               :   10,448                                                                                                           
2025-03-21 09:09:37,256 [INFO] CmdLine:74 -  weights (ro)       :   36,116 B (35.27 KiB) (1 segment)                                                                                 
2025-03-21 09:09:37,257 [INFO] CmdLine:74 -  activations (rw)   :   512 B (512 B) (1 segment) *                                                                                      
2025-03-21 09:09:37,257 [INFO] CmdLine:74 -  ram (total)        :   512 B (512 B) = 512 + 0 + 0                                                                                      
2025-03-21 09:09:37,258 [INFO] CmdLine:74 -  ----------------------------------------------------------------------------------------------------------------------------------------
2025-03-21 09:09:37,259 [INFO] CmdLine:74 -  (*) 'input'/'output' buffers can be used from the activations buffer
2025-03-21 09:09:37,264 [INFO] CmdLine:74 - Computing AI RT data/code size (target=stm32l4)..
2025-03-21 09:09:43,029 [INFO] CmdLine:74 -  Model name - Model_V1
2025-03-21 09:09:43,030 [INFO] CmdLine:74 -  ------ ----------------------- ------------ -------------- ------- ---------------
2025-03-21 09:09:43,030 [INFO] CmdLine:74 -  m_id   layer (original)        oshape       param/size        macc    connected to
2025-03-21 09:09:43,031 [INFO] CmdLine:74 -  ------ ----------------------- ------------ -------------- ------- ---------------
2025-03-21 09:09:43,032 [INFO] CmdLine:74 -  0      input_0 (None)          [b:1,c:5]
2025-03-21 09:09:43,032 [INFO] CmdLine:74 -         dense_4_dense (Dense)   [b:1,c:64]   384/1,536          384         input_0
2025-03-21 09:09:43,033 [INFO] CmdLine:74 -         dense_4 (Dense)         [b:1,c:64]                       64   dense_4_dense
2025-03-21 09:09:43,033 [INFO] CmdLine:74 -  ------ ----------------------- ------------ -------------- ------- ---------------
2025-03-21 09:09:43,034 [INFO] CmdLine:74 -  2      dense_5_dense (Dense)   [b:1,c:64]   4,160/16,640     4,160         dense_4
2025-03-21 09:09:43,034 [INFO] CmdLine:74 -         dense_5 (Dense)         [b:1,c:64]                      640   dense_5_dense
2025-03-21 09:09:43,035 [INFO] CmdLine:74 -  ------ ----------------------- ------------ -------------- ------- ---------------
2025-03-21 09:09:43,035 [INFO] CmdLine:74 -  4      dense_6_dense (Dense)   [b:1,c:64]   4,160/16,640     4,160         dense_5
2025-03-21 09:09:43,036 [INFO] CmdLine:74 -         dense_6 (Dense)         [b:1,c:64]                      640   dense_6_dense
2025-03-21 09:09:43,037 [INFO] CmdLine:74 -  ------ ----------------------- ------------ -------------- ------- ---------------
2025-03-21 09:09:43,037 [INFO] CmdLine:74 -  6      dense_7_dense (Dense)   [b:1,c:5]    325/1,300          325         dense_6
2025-03-21 09:09:43,038 [INFO] CmdLine:74 -         dense_7 (Dense)         [b:1,c:5]                        75   dense_7_dense
2025-03-21 09:09:43,039 [INFO] CmdLine:74 -  ------ ----------------------- ------------ -------------- ------- ---------------
2025-03-21 09:09:43,039 [INFO] CmdLine:74 -  model: macc=10,448 weights=36,116 activations=-- io=--
2025-03-21 09:09:43,040 [INFO] CmdLine:74 -  Number of operations per c-layer
2025-03-21 09:09:43,042 [INFO] CmdLine:74 -  ------- ------ ------------------------ -------- --------------
2025-03-21 09:09:43,042 [INFO] CmdLine:74 -  c_id    m_id   name (type)                   #op           type
2025-03-21 09:09:43,043 [INFO] CmdLine:74 -  ------- ------ ------------------------ -------- --------------
2025-03-21 09:09:43,043 [INFO] CmdLine:74 -  0       0      dense_4_dense (Dense)         384   smul_f32_f32
2025-03-21 09:09:43,044 [INFO] CmdLine:74 -  1       0      dense_4 (Nonlinearity)         64     op_f32_f32
2025-03-21 09:09:43,045 [INFO] CmdLine:74 -  2       2      dense_5_dense (Dense)       4,160   smul_f32_f32
2025-03-21 09:09:43,045 [INFO] CmdLine:74 -  3       2      dense_5 (Nonlinearity)        640     op_f32_f32
2025-03-21 09:09:43,046 [INFO] CmdLine:74 -  4       4      dense_6_dense (Dense)       4,160   smul_f32_f32
2025-03-21 09:09:43,046 [INFO] CmdLine:74 -  5       4      dense_6 (Nonlinearity)        640     op_f32_f32
2025-03-21 09:09:43,047 [INFO] CmdLine:74 -  6       6      dense_7_dense (Dense)         325   smul_f32_f32
2025-03-21 09:09:43,047 [INFO] CmdLine:74 -  7       6      dense_7 (Nonlinearity)         75     op_f32_f32
2025-03-21 09:09:43,048 [INFO] CmdLine:74 -  ------- ------ ------------------------ -------- --------------
2025-03-21 09:09:43,048 [INFO] CmdLine:74 -  total                                     10,448
2025-03-21 09:09:43,048 [INFO] CmdLine:74 -  Number of operation types
2025-03-21 09:09:43,049 [INFO] CmdLine:74 -  ---------------- ------- -----------
2025-03-21 09:09:43,049 [INFO] CmdLine:74 -  operation type         #           %
2025-03-21 09:09:43,050 [INFO] CmdLine:74 -  ---------------- ------- -----------
2025-03-21 09:09:43,050 [INFO] CmdLine:74 -  smul_f32_f32       9,029       86.4%
2025-03-21 09:09:43,050 [INFO] CmdLine:74 -  op_f32_f32         1,419       13.6%
2025-03-21 09:09:43,051 [INFO] CmdLine:74 -  Complexity report (model)
2025-03-21 09:09:43,051 [INFO] CmdLine:74 -  ------ --------------- ------------------------- ------------------------- --------
2025-03-21 09:09:43,052 [INFO] CmdLine:74 -  m_id   name            c_macc                    c_rom                     c_id
2025-03-21 09:09:43,053 [INFO] CmdLine:74 -  ------ --------------- ------------------------- ------------------------- --------
2025-03-21 09:09:43,053 [INFO] CmdLine:74 -  0      input_0         ||                 4.3%   ||                 4.3%   [0, 1]
2025-03-21 09:09:43,054 [INFO] CmdLine:74 -  2      dense_5_dense   ||||||||||||||||  45.9%   ||||||||||||||||  46.1%   [2, 3]
2025-03-21 09:09:43,054 [INFO] CmdLine:74 -  4      dense_6_dense   ||||||||||||||||  45.9%   ||||||||||||||||  46.1%   [4, 5]
2025-03-21 09:09:43,055 [INFO] CmdLine:74 -  6      dense_7_dense   ||                 3.8%   ||                 3.6%   [6, 7]
2025-03-21 09:09:43,055 [INFO] CmdLine:74 -  ------ --------------- ------------------------- ------------------------- --------
2025-03-21 09:09:43,056 [INFO] CmdLine:74 -  macc=10,448 weights=36,116 act=512 ram_io=0
2025-03-21 09:09:43,056 [INFO] CmdLine:74 -  Requested memory size by section - "stm32l4" target
2025-03-21 09:09:43,057 [INFO] CmdLine:74 -  ------------------------------ ------- -------- ------- -----
2025-03-21 09:09:43,058 [INFO] CmdLine:74 -  module                            text   rodata    data   bss
2025-03-21 09:09:43,059 [INFO] CmdLine:74 -  ------------------------------ ------- -------- ------- -----
2025-03-21 09:09:43,059 [INFO] CmdLine:74 -  NetworkRuntime1000_CM4_GCC.a     7,136        0       0     0
2025-03-21 09:09:43,060 [INFO] CmdLine:74 -  mnist.o                            606       64   2,236   160
2025-03-21 09:09:43,060 [INFO] CmdLine:74 -  mnist_data.o                        48       16      88     0
2025-03-21 09:09:43,061 [INFO] CmdLine:74 -  lib (toolchain)*                 1,432       24      12     0
2025-03-21 09:09:43,061 [INFO] CmdLine:74 -  ------------------------------ ------- -------- ------- -----
2025-03-21 09:09:43,062 [INFO] CmdLine:74 -  RT total**                       9,222      104   2,336   160
2025-03-21 09:09:43,062 [INFO] CmdLine:74 -  ------------------------------ ------- -------- ------- -----
2025-03-21 09:09:43,063 [INFO] CmdLine:74 -  weights                              0   36,120       0     0
2025-03-21 09:09:43,063 [INFO] CmdLine:74 -  activations                          0        0       0   512
2025-03-21 09:09:43,064 [INFO] CmdLine:74 -  io                                   0        0       0     0
2025-03-21 09:09:43,064 [INFO] CmdLine:74 -  ------------------------------ ------- -------- ------- -----
2025-03-21 09:09:43,065 [INFO] CmdLine:74 -  TOTAL                            9,222   36,224   2,336   672
2025-03-21 09:09:43,065 [INFO] CmdLine:74 -  ------------------------------ ------- -------- ------- -----
2025-03-21 09:09:43,066 [INFO] CmdLine:74 -  *  toolchain objects (libm/libgcc*)
2025-03-21 09:09:43,066 [INFO] CmdLine:74 -  ** RT AI runtime objects (kernels+infrastructure)
2025-03-21 09:09:43,066 [INFO] CmdLine:74 -   Summary - "stm32l4" target
2025-03-21 09:09:43,067 [INFO] CmdLine:74 -   ---------------------------------------------------
2025-03-21 09:09:43,067 [INFO] CmdLine:74 -                FLASH (ro)      %*   RAM (rw)       %
2025-03-21 09:09:43,067 [INFO] CmdLine:74 -   ---------------------------------------------------
2025-03-21 09:09:43,068 [INFO] CmdLine:74 -   RT total         11,662   24.4%      2,496   83.0%
2025-03-21 09:09:43,069 [INFO] CmdLine:74 -   ---------------------------------------------------
2025-03-21 09:09:43,069 [INFO] CmdLine:74 -   TOTAL            47,782              3,008
2025-03-21 09:09:43,069 [INFO] CmdLine:74 -   ---------------------------------------------------
2025-03-21 09:09:43,070 [INFO] CmdLine:74 -   *  rt/total
2025-03-21 09:09:43,070 [INFO] CmdLine:74 - Creating txt report file C:\Users\hugoc\.stm32cubemx\mnist_output\mnist_analyze_report.txt
2025-03-21 09:09:43,164 [INFO] CmdLine:74 - elapsed time (analyze): 31.412s
2025-03-21 09:09:44,020 [INFO] CmdLine:142 - stedgeai exit with status: 0
2025-03-21 09:09:44,101 [INFO] AIModelDetailledView:2707 - Analyze complete on AI model
2025-03-21 09:09:44,103 [INFO] AIModelDetailledView:2372 - Analysis status: done
2025-03-21 09:09:44,128 [ERROR] LogOutputStream:75 - [STDERR_REDIRECT] Exception in thread "AWT-EventQueue-0" java.lang.ClassCastException: class javax.swing.SwingUtilities$SharedOwnerFrame cannot be cast to class com.st.microxplorer.maingui.MainFrame (javax.swing.SwingUtilities$SharedOwnerFrame is in module java.desktop of loader 'bootstrap'; com.st.microxplorer.maingui.MainFrame is in unnamed module of loader org.eclipse.osgi.internal.loader.EquinoxClassLoader @49d42faf)
2025-03-21 09:09:44,134 [ERROR] LogOutputStream:75 - [STDERR_REDIRECT] 	at com.st.microxplorer.plugins.ip.ai.model.AIAdvancedSettingsData.saveSettings(AIAdvancedSettingsData.java:655)
2025-03-21 09:09:44,139 [ERROR] LogOutputStream:75 - [STDERR_REDIRECT] 	at com.st.microxplorer.plugins.ip.ai.model.AIAdvancedSettingsData.cmdSaveSettings(AIAdvancedSettingsData.java:527)
2025-03-21 09:09:44,145 [ERROR] LogOutputStream:75 - [STDERR_REDIRECT] 	at com.st.microxplorer.plugins.ip.ai.gui.AIModelDetailledView.saveData(AIModelDetailledView.java:501)
2025-03-21 09:09:44,151 [ERROR] LogOutputStream:75 - [STDERR_REDIRECT] 	at com.st.microxplorer.plugins.ip.ai.gui.AIMainUI.saveModelDataNeededForGeneration(AIMainUI.java:912)
2025-03-21 09:09:44,155 [ERROR] LogOutputStream:75 - [STDERR_REDIRECT] 	at com.st.microxplorer.plugins.ip.ai.gui.AITopWindow.saveModelsData(AITopWindow.java:239)
2025-03-21 09:09:44,159 [ERROR] LogOutputStream:75 - [STDERR_REDIRECT] 	at com.st.microxplorer.plugins.ip.ai.AI.propertyChange(AI.java:1618)
2025-03-21 09:09:44,164 [ERROR] LogOutputStream:75 - [STDERR_REDIRECT] 	at java.desktop/java.beans.PropertyChangeSupport.fire(PropertyChangeSupport.java:343)
2025-03-21 09:09:44,169 [ERROR] LogOutputStream:75 - [STDERR_REDIRECT] 	at java.desktop/java.beans.PropertyChangeSupport.firePropertyChange(PropertyChangeSupport.java:335)
2025-03-21 09:09:44,175 [ERROR] LogOutputStream:75 - [STDERR_REDIRECT] 	at java.desktop/java.beans.PropertyChangeSupport.firePropertyChange(PropertyChangeSupport.java:268)
2025-03-21 09:09:44,180 [ERROR] LogOutputStream:75 - [STDERR_REDIRECT] 	at com.st.microxplorer.util.MXPropertyChangeSupport.firePropertyChange(MXPropertyChangeSupport.java:54)
2025-03-21 09:09:44,185 [ERROR] LogOutputStream:75 - [STDERR_REDIRECT] 	at com.st.microxplorer.mxsystem.MxSystem.completeSaveConfig(MxSystem.java:844)
2025-03-21 09:09:44,190 [ERROR] LogOutputStream:75 - [STDERR_REDIRECT] 	at com.st.microxplorer.plugins.filemanager.engine.SaveFileManager.saveConfiguration(SaveFileManager.java:125)
2025-03-21 09:09:44,195 [ERROR] LogOutputStream:75 - [STDERR_REDIRECT] 	at com.st.microxplorer.plugins.filemanager.engine.MainFileManager.userSaveConfig(MainFileManager.java:470)
2025-03-21 09:09:44,201 [ERROR] LogOutputStream:75 - [STDERR_REDIRECT] 	at com.st.microxplorer.plugins.filemanager.FileManagerView.getSpecificTask(FileManagerView.java:262)
2025-03-21 09:09:44,205 [ERROR] LogOutputStream:75 - [STDERR_REDIRECT] 	at com.st.stm32cube.common.mx.editor.CubeMxEditor$9.run(CubeMxEditor.java:690)
2025-03-21 09:09:44,210 [ERROR] LogOutputStream:75 - [STDERR_REDIRECT] 	at com.st.stm32cube.common.mx.oss.core.awtswtbridge.AwtEnvironment$2.run(AwtEnvironment.java:166)
2025-03-21 09:09:44,214 [ERROR] LogOutputStream:75 - [STDERR_REDIRECT] 	at java.desktop/java.awt.event.InvocationEvent.dispatch(InvocationEvent.java:318)
2025-03-21 09:09:44,218 [ERROR] LogOutputStream:75 - [STDERR_REDIRECT] 	at java.desktop/java.awt.EventQueue.dispatchEventImpl(EventQueue.java:773)
2025-03-21 09:09:44,222 [ERROR] LogOutputStream:75 - [STDERR_REDIRECT] 	at java.desktop/java.awt.EventQueue$4.run(EventQueue.java:720)
2025-03-21 09:09:44,225 [ERROR] LogOutputStream:75 - [STDERR_REDIRECT] 	at java.desktop/java.awt.EventQueue$4.run(EventQueue.java:714)
2025-03-21 09:09:44,230 [ERROR] LogOutputStream:75 - [STDERR_REDIRECT] 	at java.base/java.security.AccessController.doPrivileged(AccessController.java:399)
2025-03-21 09:09:44,236 [ERROR] LogOutputStream:75 - [STDERR_REDIRECT] 	at java.base/java.security.ProtectionDomain$JavaSecurityAccessImpl.doIntersectionPrivilege(ProtectionDomain.java:86)
2025-03-21 09:09:44,240 [ERROR] LogOutputStream:75 - [STDERR_REDIRECT] 	at java.desktop/java.awt.EventQueue.dispatchEvent(EventQueue.java:742)
2025-03-21 09:09:44,245 [ERROR] LogOutputStream:75 - [STDERR_REDIRECT] 	at java.desktop/java.awt.EventDispatchThread.pumpOneEventForFilters(EventDispatchThread.java:203)
2025-03-21 09:09:44,250 [ERROR] LogOutputStream:75 - [STDERR_REDIRECT] 	at java.desktop/java.awt.EventDispatchThread.pumpEventsForFilter(EventDispatchThread.java:124)
2025-03-21 09:09:44,255 [ERROR] LogOutputStream:75 - [STDERR_REDIRECT] 	at java.desktop/java.awt.EventDispatchThread.pumpEventsForHierarchy(EventDispatchThread.java:113)
2025-03-21 09:09:44,259 [ERROR] LogOutputStream:75 - [STDERR_REDIRECT] 	at java.desktop/java.awt.EventDispatchThread.pumpEvents(EventDispatchThread.java:109)
2025-03-21 09:09:44,263 [ERROR] LogOutputStream:75 - [STDERR_REDIRECT] 	at java.desktop/java.awt.EventDispatchThread.pumpEvents(EventDispatchThread.java:101)
2025-03-21 09:09:44,267 [ERROR] LogOutputStream:75 - [STDERR_REDIRECT] 	at java.desktop/java.awt.EventDispatchThread.run(EventDispatchThread.java:90)
2025-03-21 09:10:01,631 [INFO] AIModelDetailledView:1053 - Model path:  C:\Users\hugoc\OneDrive\Documents\Hugo\ISMIN\Cours\S8\Ia_Data\IA_embarque\TP1_IA_Emb\.ai\mnist_Model_V1.h5_c_info.json
2025-03-21 09:10:01,631 [INFO] JxBrowserEngine:152 - Initiate JxBrowser Engine with user profile folder
2025-03-21 09:10:19,943 [INFO] UtilMem:75 - End SaveConfig() Used Memory: 901617344 Bytes (1073741824)
2025-03-21 09:10:21,015 [INFO] Middleware:612 - instanceName : STMicroelectronics.X-CUBE-AI.10.0.0 bspName : COM Port check condition failed for : !SEMDeviceJjApplicationJjApplicationTemplate
2025-03-21 09:10:21,015 [INFO] Middleware:612 - instanceName : STMicroelectronics.X-CUBE-AI.10.0.0 bspName : COM Port check condition failed for : !SEMDeviceJjApplicationJjApplicationTemplate
2025-03-21 09:10:21,015 [INFO] Middleware:612 - instanceName : STMicroelectronics.X-CUBE-AI.10.0.0 bspName : COM Port check condition failed for : !SEMDeviceJjApplicationJjApplicationTemplate
2025-03-21 09:10:21,016 [INFO] Middleware:612 - instanceName : STMicroelectronics.X-CUBE-AI.10.0.0 bspName : COM Port check condition failed for : !SEMDeviceJjApplicationJjApplicationTemplate
2025-03-21 09:10:21,016 [INFO] Middleware:612 - instanceName : STMicroelectronics.X-CUBE-AI.10.0.0 bspName : COM Port check condition failed for : !SEMDeviceJjApplicationJjApplicationTemplate
2025-03-21 09:10:21,016 [INFO] Middleware:612 - instanceName : STMicroelectronics.X-CUBE-AI.10.0.0 bspName : COM Port check condition failed for : !SEMDeviceJjApplicationJjApplicationTemplate
2025-03-21 09:10:35,141 [INFO] UtilMem:75 - End SaveConfig() Used Memory: 950900416 Bytes (1073741824)
2025-03-21 09:11:09,836 [INFO] UtilMem:75 - End SaveConfig() Used Memory: 880246672 Bytes (1073741824)
2025-03-21 09:11:11,741 [INFO] BlockDiagram:2766 - set Specific Code input for plugin: SPI
2025-03-21 09:11:11,742 [INFO] BlockDiagram:2766 - set Specific Code input for plugin: SYS
2025-03-21 09:11:11,742 [INFO] BlockDiagram:2766 - set Specific Code input for plugin: RCC
2025-03-21 09:11:11,742 [INFO] BlockDiagram:2766 - set Specific Code input for plugin: I2C
2025-03-21 09:11:11,742 [INFO] BlockDiagram:2766 - set Specific Code input for plugin: SDMMC
2025-03-21 09:11:11,742 [INFO] BlockDiagram:2766 - set Specific Code input for plugin: USB_OTG_FS
2025-03-21 09:11:11,742 [INFO] BlockDiagram:2766 - set Specific Code input for plugin: NVIC
2025-03-21 09:11:11,742 [INFO] BlockDiagram:2766 - set Specific Code input for plugin: USART
2025-03-21 09:11:11,742 [INFO] BlockDiagram:2766 - set Specific Code input for plugin: USART
2025-03-21 09:11:11,742 [INFO] BlockDiagram:2766 - set Specific Code input for plugin: FMC
2025-03-21 09:11:11,742 [INFO] BlockDiagram:2766 - set Specific Code input for plugin: STMicroelectronics.X-CUBE-AI.10.0.0
2025-03-21 09:11:11,746 [INFO] BlockDiagram:2766 - set Specific Code input for plugin: GPIO
2025-03-21 09:11:11,746 [INFO] BlockDiagram:2766 - set Specific Code input for plugin: SAI
2025-03-21 09:11:11,751 [INFO] CodeGenerator:807 - code generatio: config db path: C:\ST\STM32CubeIDE_1.13.1\STM32CubeIDE\plugins\com.st.stm32cube.common.mx_6.12.0.202406281431\\db\
2025-03-21 09:11:12,147 [INFO] IP:3348 - RTE Config file name : RTE_Component
2025-03-21 09:11:12,147 [INFO] IP:3366 - RTE template : RTE_Components.ftl
2025-03-21 09:11:12,233 [INFO] CodeEngine:255 - oldGeneratedFile, C:\Users\hugoc\OneDrive\Documents\Hugo\ISMIN\Cours\S8\Ia_Data\IA_embarque\TP1_IA_Emb\MXTmpFiles\license.tmp_save
2025-03-21 09:11:12,576 [INFO] CodeEngine:279 - Generated code: C:\Users\hugoc\OneDrive\Documents\Hugo\ISMIN\Cours\S8\Ia_Data\IA_embarque\TP1_IA_Emb\MXTmpFiles\license.tmp
2025-03-21 09:11:13,717 [INFO] CodeEngine:255 - oldGeneratedFile, C:\Users\hugoc\OneDrive\Documents\Hugo\ISMIN\Cours\S8\Ia_Data\IA_embarque\TP1_IA_Emb\MXTmpFiles\gpio.tmp_save
2025-03-21 09:11:14,107 [INFO] CodeEngine:279 - Generated code: C:\Users\hugoc\OneDrive\Documents\Hugo\ISMIN\Cours\S8\Ia_Data\IA_embarque\TP1_IA_Emb\MXTmpFiles\gpio.tmp
2025-03-21 09:11:22,197 [WARN] IPConfigManager:3005 - Warning: the RefConfig PWREx_EnableUSBVoltageDetector is not available in your config.xml file
2025-03-21 09:11:22,216 [INFO] Middleware:1439 - No code input for Bsp Dependency
2025-03-21 09:11:22,217 [INFO] Middleware:1439 - No code input for Bsp Dependency
2025-03-21 09:11:22,218 [INFO] IP:3348 - RTE Config file name : RTE_Component
2025-03-21 09:11:22,218 [INFO] IP:3366 - RTE template : RTE_Components.ftl
2025-03-21 09:11:22,318 [INFO] CodeEngine:255 - oldGeneratedFile, C:\Users\hugoc\OneDrive\Documents\Hugo\ISMIN\Cours\S8\Ia_Data\IA_embarque\TP1_IA_Emb\MXTmpFiles\mx_fmc_HC.tmp_save
2025-03-21 09:11:22,654 [INFO] CodeEngine:279 - Generated code: C:\Users\hugoc\OneDrive\Documents\Hugo\ISMIN\Cours\S8\Ia_Data\IA_embarque\TP1_IA_Emb\MXTmpFiles\mx_fmc_HC.tmp
2025-03-21 09:11:22,751 [INFO] CodeEngine:255 - oldGeneratedFile, C:\Users\hugoc\OneDrive\Documents\Hugo\ISMIN\Cours\S8\Ia_Data\IA_embarque\TP1_IA_Emb\MXTmpFiles\mx_fmc_GV.tmp_save
2025-03-21 09:11:23,021 [INFO] CodeEngine:279 - Generated code: C:\Users\hugoc\OneDrive\Documents\Hugo\ISMIN\Cours\S8\Ia_Data\IA_embarque\TP1_IA_Emb\MXTmpFiles\mx_fmc_GV.tmp
2025-03-21 09:11:23,072 [INFO] CodeEngine:255 - oldGeneratedFile, C:\Users\hugoc\OneDrive\Documents\Hugo\ISMIN\Cours\S8\Ia_Data\IA_embarque\TP1_IA_Emb\MXTmpFiles\mx_fmc_MSP.tmp_save
2025-03-21 09:11:23,291 [INFO] CodeEngine:279 - Generated code: C:\Users\hugoc\OneDrive\Documents\Hugo\ISMIN\Cours\S8\Ia_Data\IA_embarque\TP1_IA_Emb\MXTmpFiles\mx_fmc_MSP.tmp
2025-03-21 09:11:23,418 [INFO] CodeEngine:255 - oldGeneratedFile, C:\Users\hugoc\OneDrive\Documents\Hugo\ISMIN\Cours\S8\Ia_Data\IA_embarque\TP1_IA_Emb\MXTmpFiles\sai_init.tmp_save
2025-03-21 09:11:23,618 [INFO] CodeEngine:279 - Generated code: C:\Users\hugoc\OneDrive\Documents\Hugo\ISMIN\Cours\S8\Ia_Data\IA_embarque\TP1_IA_Emb\MXTmpFiles\sai_init.tmp
2025-03-21 09:11:23,649 [INFO] CodeEngine:255 - oldGeneratedFile, C:\Users\hugoc\OneDrive\Documents\Hugo\ISMIN\Cours\S8\Ia_Data\IA_embarque\TP1_IA_Emb\MXTmpFiles\sai_GV.tmp_save
2025-03-21 09:11:23,843 [INFO] CodeEngine:279 - Generated code: C:\Users\hugoc\OneDrive\Documents\Hugo\ISMIN\Cours\S8\Ia_Data\IA_embarque\TP1_IA_Emb\MXTmpFiles\sai_GV.tmp
2025-03-21 09:11:23,895 [INFO] CodeEngine:255 - oldGeneratedFile, C:\Users\hugoc\OneDrive\Documents\Hugo\ISMIN\Cours\S8\Ia_Data\IA_embarque\TP1_IA_Emb\MXTmpFiles\sai_msp.tmp_save
2025-03-21 09:11:24,108 [INFO] CodeEngine:279 - Generated code: C:\Users\hugoc\OneDrive\Documents\Hugo\ISMIN\Cours\S8\Ia_Data\IA_embarque\TP1_IA_Emb\MXTmpFiles\sai_msp.tmp
2025-03-21 09:11:24,137 [INFO] Middleware:1439 - No code input for Bsp Dependency
2025-03-21 09:11:24,137 [INFO] Middleware:1439 - No code input for Bsp Dependency
2025-03-21 09:11:24,139 [INFO] IP:3348 - RTE Config file name : RTE_Component
2025-03-21 09:11:24,140 [INFO] IP:3366 - RTE template : RTE_Components.ftl
2025-03-21 09:11:24,242 [INFO] CodeEngine:255 - oldGeneratedFile, C:\Users\hugoc\OneDrive\Documents\Hugo\ISMIN\Cours\S8\Ia_Data\IA_embarque\TP1_IA_Emb\X-CUBE-AI\App\app_x-cube-ai.h_save
2025-03-21 09:11:24,497 [INFO] CodeEngine:279 - Generated code: C:\Users\hugoc\OneDrive\Documents\Hugo\ISMIN\Cours\S8\Ia_Data\IA_embarque\TP1_IA_Emb\X-CUBE-AI\App\app_x-cube-ai.h
2025-03-21 09:11:24,548 [INFO] CodeEngine:255 - oldGeneratedFile, C:\Users\hugoc\OneDrive\Documents\Hugo\ISMIN\Cours\S8\Ia_Data\IA_embarque\TP1_IA_Emb\X-CUBE-AI\constants_ai.h_save
2025-03-21 09:11:24,762 [INFO] CodeEngine:279 - Generated code: C:\Users\hugoc\OneDrive\Documents\Hugo\ISMIN\Cours\S8\Ia_Data\IA_embarque\TP1_IA_Emb\X-CUBE-AI\constants_ai.h
2025-03-21 09:11:24,831 [INFO] CodeEngine:255 - oldGeneratedFile, C:\Users\hugoc\OneDrive\Documents\Hugo\ISMIN\Cours\S8\Ia_Data\IA_embarque\TP1_IA_Emb\X-CUBE-AI\App\app_x-cube-ai.c_save
2025-03-21 09:11:25,090 [INFO] CodeEngine:279 - Generated code: C:\Users\hugoc\OneDrive\Documents\Hugo\ISMIN\Cours\S8\Ia_Data\IA_embarque\TP1_IA_Emb\X-CUBE-AI\App\app_x-cube-ai.c
2025-03-21 09:11:25,265 [INFO] CodeEngine:255 - oldGeneratedFile, C:\Users\hugoc\OneDrive\Documents\Hugo\ISMIN\Cours\S8\Ia_Data\IA_embarque\TP1_IA_Emb\Core\Src\stm32l4xx_it.c_save
2025-03-21 09:11:25,710 [INFO] CodeEngine:279 - Generated code: C:\Users\hugoc\OneDrive\Documents\Hugo\ISMIN\Cours\S8\Ia_Data\IA_embarque\TP1_IA_Emb\Core\Src\stm32l4xx_it.c
2025-03-21 09:11:25,770 [INFO] CodeEngine:255 - oldGeneratedFile, C:\Users\hugoc\OneDrive\Documents\Hugo\ISMIN\Cours\S8\Ia_Data\IA_embarque\TP1_IA_Emb\Core\Inc\stm32l4xx_it.h_save
2025-03-21 09:11:25,994 [INFO] CodeEngine:279 - Generated code: C:\Users\hugoc\OneDrive\Documents\Hugo\ISMIN\Cours\S8\Ia_Data\IA_embarque\TP1_IA_Emb\Core\Inc\stm32l4xx_it.h
2025-03-21 09:11:26,016 [INFO] IP:3348 - RTE Config file name : RTE_Component
2025-03-21 09:11:26,016 [INFO] IP:3366 - RTE template : RTE_Components.ftl
2025-03-21 09:11:26,017 [INFO] CodeGenerator:2153 - Add RTE Code Input 
2025-03-21 09:11:26,117 [INFO] CodeEngine:255 - oldGeneratedFile, C:\Users\hugoc\OneDrive\Documents\Hugo\ISMIN\Cours\S8\Ia_Data\IA_embarque\TP1_IA_Emb\Core\Inc\RTE_Components.h_save
2025-03-21 09:11:26,376 [INFO] CodeEngine:279 - Generated code: C:\Users\hugoc\OneDrive\Documents\Hugo\ISMIN\Cours\S8\Ia_Data\IA_embarque\TP1_IA_Emb\Core\Inc\RTE_Components.h
2025-03-21 09:11:26,520 [INFO] CodeEngine:255 - oldGeneratedFile, C:\Users\hugoc\OneDrive\Documents\Hugo\ISMIN\Cours\S8\Ia_Data\IA_embarque\TP1_IA_Emb\MXTmpFiles\sai_init.tmp_save
2025-03-21 09:11:26,719 [INFO] CodeEngine:279 - Generated code: C:\Users\hugoc\OneDrive\Documents\Hugo\ISMIN\Cours\S8\Ia_Data\IA_embarque\TP1_IA_Emb\MXTmpFiles\sai_init.tmp
2025-03-21 09:11:26,768 [INFO] CodeEngine:255 - oldGeneratedFile, C:\Users\hugoc\OneDrive\Documents\Hugo\ISMIN\Cours\S8\Ia_Data\IA_embarque\TP1_IA_Emb\MXTmpFiles\sai_GV.tmp_save
2025-03-21 09:11:26,959 [INFO] CodeEngine:279 - Generated code: C:\Users\hugoc\OneDrive\Documents\Hugo\ISMIN\Cours\S8\Ia_Data\IA_embarque\TP1_IA_Emb\MXTmpFiles\sai_GV.tmp
2025-03-21 09:11:27,033 [INFO] CodeEngine:255 - oldGeneratedFile, C:\Users\hugoc\OneDrive\Documents\Hugo\ISMIN\Cours\S8\Ia_Data\IA_embarque\TP1_IA_Emb\MXTmpFiles\sai_msp.tmp_save
2025-03-21 09:11:27,250 [INFO] CodeEngine:279 - Generated code: C:\Users\hugoc\OneDrive\Documents\Hugo\ISMIN\Cours\S8\Ia_Data\IA_embarque\TP1_IA_Emb\MXTmpFiles\sai_msp.tmp
2025-03-21 09:11:27,387 [INFO] CodeEngine:255 - oldGeneratedFile, C:\Users\hugoc\OneDrive\Documents\Hugo\ISMIN\Cours\S8\Ia_Data\IA_embarque\TP1_IA_Emb\MXTmpFiles\mx_fmc_HC.tmp_save
2025-03-21 09:11:27,604 [INFO] CodeEngine:279 - Generated code: C:\Users\hugoc\OneDrive\Documents\Hugo\ISMIN\Cours\S8\Ia_Data\IA_embarque\TP1_IA_Emb\MXTmpFiles\mx_fmc_HC.tmp
2025-03-21 09:11:27,674 [INFO] CodeEngine:255 - oldGeneratedFile, C:\Users\hugoc\OneDrive\Documents\Hugo\ISMIN\Cours\S8\Ia_Data\IA_embarque\TP1_IA_Emb\MXTmpFiles\mx_fmc_GV.tmp_save
2025-03-21 09:11:27,869 [INFO] CodeEngine:279 - Generated code: C:\Users\hugoc\OneDrive\Documents\Hugo\ISMIN\Cours\S8\Ia_Data\IA_embarque\TP1_IA_Emb\MXTmpFiles\mx_fmc_GV.tmp
2025-03-21 09:11:27,944 [INFO] CodeEngine:255 - oldGeneratedFile, C:\Users\hugoc\OneDrive\Documents\Hugo\ISMIN\Cours\S8\Ia_Data\IA_embarque\TP1_IA_Emb\MXTmpFiles\mx_fmc_MSP.tmp_save
2025-03-21 09:11:28,183 [INFO] CodeEngine:279 - Generated code: C:\Users\hugoc\OneDrive\Documents\Hugo\ISMIN\Cours\S8\Ia_Data\IA_embarque\TP1_IA_Emb\MXTmpFiles\mx_fmc_MSP.tmp
2025-03-21 09:11:28,327 [INFO] CodeEngine:255 - oldGeneratedFile, C:\Users\hugoc\OneDrive\Documents\Hugo\ISMIN\Cours\S8\Ia_Data\IA_embarque\TP1_IA_Emb\Core\Src\stm32l4xx_hal_msp.c_save
2025-03-21 09:11:28,697 [INFO] CodeEngine:279 - Generated code: C:\Users\hugoc\OneDrive\Documents\Hugo\ISMIN\Cours\S8\Ia_Data\IA_embarque\TP1_IA_Emb\Core\Src\stm32l4xx_hal_msp.c
2025-03-21 09:11:28,757 [INFO] CodeEngine:255 - oldGeneratedFile, C:\Users\hugoc\OneDrive\Documents\Hugo\ISMIN\Cours\S8\Ia_Data\IA_embarque\TP1_IA_Emb\MXTmpFiles\system.tmp_save
2025-03-21 09:11:28,953 [INFO] CodeEngine:279 - Generated code: C:\Users\hugoc\OneDrive\Documents\Hugo\ISMIN\Cours\S8\Ia_Data\IA_embarque\TP1_IA_Emb\MXTmpFiles\system.tmp
2025-03-21 09:11:29,085 [INFO] CodeEngine:311 - oldGeneratedFile, C:\Users\hugoc\OneDrive\Documents\Hugo\ISMIN\Cours\S8\Ia_Data\IA_embarque\TP1_IA_Emb\Core\Inc\stm32l4xx_hal_conf.h_save
2025-03-21 09:11:29,363 [INFO] CodeEngine:335 - Generated code: C:\Users\hugoc\OneDrive\Documents\Hugo\ISMIN\Cours\S8\Ia_Data\IA_embarque\TP1_IA_Emb\Core\Inc\stm32l4xx_hal_conf.h
2025-03-21 09:11:29,479 [WARN] IPConfigManager:3554 - IP not found : USB_OTG
2025-03-21 09:11:29,483 [WARN] CodeGenerator:4002 - IP not found : null
2025-03-21 09:11:29,588 [INFO] CodeEngine:255 - oldGeneratedFile, C:\Users\hugoc\OneDrive\Documents\Hugo\ISMIN\Cours\S8\Ia_Data\IA_embarque\TP1_IA_Emb\Core\Inc\main.h_save
2025-03-21 09:11:29,834 [INFO] CodeEngine:279 - Generated code: C:\Users\hugoc\OneDrive\Documents\Hugo\ISMIN\Cours\S8\Ia_Data\IA_embarque\TP1_IA_Emb\Core\Inc\main.h
2025-03-21 09:11:29,892 [INFO] CodeEngine:255 - oldGeneratedFile, C:\Users\hugoc\OneDrive\Documents\Hugo\ISMIN\Cours\S8\Ia_Data\IA_embarque\TP1_IA_Emb\Core\Src\main.c_save
2025-03-21 09:11:30,343 [INFO] CodeEngine:279 - Generated code: C:\Users\hugoc\OneDrive\Documents\Hugo\ISMIN\Cours\S8\Ia_Data\IA_embarque\TP1_IA_Emb\Core\Src\main.c
2025-03-21 09:11:36,767 [INFO] AInterface:317 - ModelName:mnist; files:[C:\Users\hugoc\OneDrive\Documents\Hugo\ISMIN\Cours\S8\Ia_Data\IA_embarque\Github\IA_Embarque\COLAB\Model_V1.h5]; type:Keras; compression:None
2025-03-21 09:11:36,769 [INFO] AInterface:519 - workspaceTempDir: C:/Users/hugoc/AppData/Local/Temp/mxAI_workspace241361981030017518367724356268819
2025-03-21 09:11:36,770 [INFO] AInterface:1132 - Setting Env: C:/Users/hugoc/STM32Cube/Repository/Packs/STMicroelectronics/X-CUBE-AI/10.0.0/Utilities/windows
2025-03-21 09:11:36,794 [INFO] STM32CubeIDEBuilder:265 - Looking for gnu-tools-for-stm32 tools/bin/arm-none-eabi-gcc.exe in C:\ST\STM32CubeIDE_1.13.1\STM32CubeIDE
2025-03-21 09:11:36,801 [INFO] STM32CubeIDEBuilder:294 - checking C:\ST\STM32CubeIDE_1.13.1\STM32CubeIDE\plugins\com.st.stm32cube.ide.mcu.externaltools.gnu-tools-for-stm32.12.3.rel1.win32_1.0.200.202406191623\tools\bin\arm-none-eabi-gcc.exe
2025-03-21 09:11:36,804 [INFO] STM32CubeIDEBuilder:297 - ret=C:\ST\STM32CubeIDE_1.13.1\STM32CubeIDE\plugins\com.st.stm32cube.ide.mcu.externaltools.gnu-tools-for-stm32.12.3.rel1.win32_1.0.200.202406191623\tools\bin\arm-none-eabi-gcc.exe
2025-03-21 09:11:36,804 [INFO] STM32CubeIDEBuilder:311 - returning C:\ST\STM32CubeIDE_1.13.1\STM32CubeIDE\plugins\com.st.stm32cube.ide.mcu.externaltools.gnu-tools-for-stm32.12.3.rel1.win32_1.0.200.202406191623\tools\bin\arm-none-eabi-gcc.exe
2025-03-21 09:11:36,805 [INFO] AInterface:1189 - Custom PATH variable: C:/Users/hugoc/STM32Cube/Repository/Packs/STMicroelectronics/X-CUBE-AI/10.0.0/Utilities/windows;C:/Users/hugoc/STM32Cube/Repository/Packs/STMicroelectronics/X-CUBE-AI/10.0.0/Utilities/windows/mingw64/bin;C:/Users/hugoc/STM32Cube/Repository/Packs/STMicroelectronics/X-CUBE-AI/10.0.0/Utilities/windows/mingw64/libexec/gcc/x86_64-w64-mingw32/7.3.0;;C:\ST\STM32CubeIDE_1.13.1\STM32CubeIDE\plugins\com.st.stm32cube.ide.mcu.externaltools.gnu-tools-for-stm32.12.3.rel1.win32_1.0.200.202406191623\tools\bin
2025-03-21 09:11:36,806 [INFO] CmdLine:109 - Command: C:/Users/hugoc/STM32Cube/Repository/Packs/STMicroelectronics/X-CUBE-AI/10.0.0/Utilities/windows/stedgeai.exe generate --target stm32l4 --name mnist -m C:/Users/hugoc/OneDrive/Documents/Hugo/ISMIN/Cours/S8/Ia_Data/IA_embarque/Github/IA_Embarque/COLAB/Model_V1.h5 --compression none --verbosity 1 --workspace C:/Users/hugoc/AppData/Local/Temp/mxAI_workspace241361981030017518367724356268819 --output C:/Users/hugoc/.stm32cubemx/mnist_output
2025-03-21 09:11:36,809 [INFO] AIModelDetailledView:2372 - Analysis status: pending
2025-03-21 09:11:39,675 [INFO] CmdLine:74 - ST Edge AI Core v2.0.0-20049
2025-03-21 09:12:06,512 [INFO] CmdLine:74 - Creating c (debug) info json file C:\Users\hugoc\AppData\Local\Temp\mxAI_workspace241361981030017518367724356268819\mnist_c_info.json
2025-03-21 09:12:06,741 [INFO] CmdLine:74 -  
2025-03-21 09:12:06,742 [INFO] CmdLine:74 -  Exec/report summary (generate)
2025-03-21 09:12:06,742 [INFO] CmdLine:74 -  ----------------------------------------------------------------------------------------------------------------------------------------
2025-03-21 09:12:06,743 [INFO] CmdLine:74 -  model file         :   C:\Users\hugoc\OneDrive\Documents\Hugo\ISMIN\Cours\S8\Ia_Data\IA_embarque\Github\IA_Embarque\COLAB\Model_V1.h5   
2025-03-21 09:12:06,743 [INFO] CmdLine:74 -  type               :   keras                                                                                                            
2025-03-21 09:12:06,743 [INFO] CmdLine:74 -  c_name             :   mnist                                                                                                            
2025-03-21 09:12:06,744 [INFO] CmdLine:74 -  compression        :   none                                                                                                             
2025-03-21 09:12:06,744 [INFO] CmdLine:74 -  options            :   allocate-inputs, allocate-outputs                                                                                
2025-03-21 09:12:06,744 [INFO] CmdLine:74 -  optimization       :   balanced                                                                                                         
2025-03-21 09:12:06,745 [INFO] CmdLine:74 -  target/series      :   stm32l4                                                                                                          
2025-03-21 09:12:06,745 [INFO] CmdLine:74 -  workspace dir      :   C:\Users\hugoc\AppData\Local\Temp\mxAI_workspace241361981030017518367724356268819                                
2025-03-21 09:12:06,745 [INFO] CmdLine:74 -  output dir         :   C:\Users\hugoc\.stm32cubemx\mnist_output                                                                         
2025-03-21 09:12:06,746 [INFO] CmdLine:74 -  model_fmt          :   float                                                                                                            
2025-03-21 09:12:06,746 [INFO] CmdLine:74 -  model_name         :   Model_V1                                                                                                         
2025-03-21 09:12:06,746 [INFO] CmdLine:74 -  model_hash         :   0x2ac21b7b6d50788773a4495e0a84f8a1                                                                               
2025-03-21 09:12:06,746 [INFO] CmdLine:74 -  params #           :   9,029 items (35.27 KiB)                                                                                          
2025-03-21 09:12:06,747 [INFO] CmdLine:74 -  ----------------------------------------------------------------------------------------------------------------------------------------
2025-03-21 09:12:06,747 [INFO] CmdLine:74 -  input 1/1          :   'input_0', f32(1x5), 20 Bytes, activations                                                                       
2025-03-21 09:12:06,747 [INFO] CmdLine:74 -  output 1/1         :   'dense_7', f32(1x5), 20 Bytes, activations                                                                       
2025-03-21 09:12:06,748 [INFO] CmdLine:74 -  macc               :   10,448                                                                                                           
2025-03-21 09:12:06,748 [INFO] CmdLine:74 -  weights (ro)       :   36,116 B (35.27 KiB) (1 segment)                                                                                 
2025-03-21 09:12:06,748 [INFO] CmdLine:74 -  activations (rw)   :   512 B (512 B) (1 segment) *                                                                                      
2025-03-21 09:12:06,748 [INFO] CmdLine:74 -  ram (total)        :   512 B (512 B) = 512 + 0 + 0                                                                                      
2025-03-21 09:12:06,748 [INFO] CmdLine:74 -  ----------------------------------------------------------------------------------------------------------------------------------------
2025-03-21 09:12:06,749 [INFO] CmdLine:74 -  (*) 'input'/'output' buffers can be used from the activations buffer
2025-03-21 09:12:06,755 [INFO] CmdLine:74 - Computing AI RT data/code size (target=stm32l4)..
2025-03-21 09:12:14,264 [INFO] CmdLine:74 -  Requested memory size by section - "stm32l4" target
2025-03-21 09:12:14,265 [INFO] CmdLine:74 -  ------------------------------ ------- -------- ------- -----
2025-03-21 09:12:14,266 [INFO] CmdLine:74 -  module                            text   rodata    data   bss
2025-03-21 09:12:14,266 [INFO] CmdLine:74 -  ------------------------------ ------- -------- ------- -----
2025-03-21 09:12:14,267 [INFO] CmdLine:74 -  NetworkRuntime1000_CM4_GCC.a     7,136        0       0     0
2025-03-21 09:12:14,268 [INFO] CmdLine:74 -  mnist.o                            606       64   2,236   160
2025-03-21 09:12:14,268 [INFO] CmdLine:74 -  mnist_data.o                        48       16      88     0
2025-03-21 09:12:14,270 [INFO] CmdLine:74 -  lib (toolchain)*                 1,432       24      12     0
2025-03-21 09:12:14,271 [INFO] CmdLine:74 -  ------------------------------ ------- -------- ------- -----
2025-03-21 09:12:14,271 [INFO] CmdLine:74 -  RT total**                       9,222      104   2,336   160
2025-03-21 09:12:14,272 [INFO] CmdLine:74 -  ------------------------------ ------- -------- ------- -----
2025-03-21 09:12:14,272 [INFO] CmdLine:74 -  weights                              0   36,120       0     0
2025-03-21 09:12:14,273 [INFO] CmdLine:74 -  activations                          0        0       0   512
2025-03-21 09:12:14,274 [INFO] CmdLine:74 -  io                                   0        0       0     0
2025-03-21 09:12:14,274 [INFO] CmdLine:74 -  ------------------------------ ------- -------- ------- -----
2025-03-21 09:12:14,275 [INFO] CmdLine:74 -  TOTAL                            9,222   36,224   2,336   672
2025-03-21 09:12:14,275 [INFO] CmdLine:74 -  ------------------------------ ------- -------- ------- -----
2025-03-21 09:12:14,276 [INFO] CmdLine:74 -  *  toolchain objects (libm/libgcc*)
2025-03-21 09:12:14,276 [INFO] CmdLine:74 -  ** RT AI runtime objects (kernels+infrastructure)
2025-03-21 09:12:14,276 [INFO] CmdLine:74 -   Summary - "stm32l4" target
2025-03-21 09:12:14,277 [INFO] CmdLine:74 -   ---------------------------------------------------
2025-03-21 09:12:14,277 [INFO] CmdLine:74 -                FLASH (ro)      %*   RAM (rw)       %
2025-03-21 09:12:14,277 [INFO] CmdLine:74 -   ---------------------------------------------------
2025-03-21 09:12:14,278 [INFO] CmdLine:74 -   RT total         11,662   24.4%      2,496   83.0%
2025-03-21 09:12:14,278 [INFO] CmdLine:74 -   ---------------------------------------------------
2025-03-21 09:12:14,279 [INFO] CmdLine:74 -   TOTAL            47,782              3,008
2025-03-21 09:12:14,279 [INFO] CmdLine:74 -   ---------------------------------------------------
2025-03-21 09:12:14,280 [INFO] CmdLine:74 -   *  rt/total
2025-03-21 09:12:14,280 [INFO] CmdLine:74 -  Generated files (7)
2025-03-21 09:12:14,281 [INFO] CmdLine:74 -  --------------------------------------------------------------
2025-03-21 09:12:14,281 [INFO] CmdLine:74 -  C:\Users\hugoc\.stm32cubemx\mnist_output\mnist_data_params.h
2025-03-21 09:12:14,282 [INFO] CmdLine:74 -  C:\Users\hugoc\.stm32cubemx\mnist_output\mnist_data_params.c
2025-03-21 09:12:14,282 [INFO] CmdLine:74 -  C:\Users\hugoc\.stm32cubemx\mnist_output\mnist_data.h
2025-03-21 09:12:14,283 [INFO] CmdLine:74 -  C:\Users\hugoc\.stm32cubemx\mnist_output\mnist_data.c
2025-03-21 09:12:14,283 [INFO] CmdLine:74 -  C:\Users\hugoc\.stm32cubemx\mnist_output\mnist_config.h
2025-03-21 09:12:14,284 [INFO] CmdLine:74 -  C:\Users\hugoc\.stm32cubemx\mnist_output\mnist.h
2025-03-21 09:12:14,284 [INFO] CmdLine:74 -  C:\Users\hugoc\.stm32cubemx\mnist_output\mnist.c
2025-03-21 09:12:14,284 [INFO] CmdLine:74 - Creating txt report file C:\Users\hugoc\.stm32cubemx\mnist_output\mnist_generate_report.txt
2025-03-21 09:12:17,097 [INFO] CmdLine:74 - elapsed time (generate): 37.420s
2025-03-21 09:12:18,122 [INFO] CmdLine:142 - stedgeai exit with status: 0
2025-03-21 09:12:18,198 [INFO] AIModelDetailledView:2372 - Analysis status: done
2025-03-21 09:12:22,032 [INFO] ProjectBuilder:3249 - Time for Copy HAL[1] : 2135mS.
2025-03-21 09:12:22,033 [ERROR] Middleware:2969 - Invalid RefComponent list
2025-03-21 09:12:22,033 [ERROR] Middleware:2969 - Invalid RefComponent list
2025-03-21 09:12:22,033 [ERROR] Middleware:2969 - Invalid RefComponent list
2025-03-21 09:12:22,033 [ERROR] Middleware:2969 - Invalid RefComponent list
2025-03-21 09:12:22,033 [ERROR] Middleware:2969 - Invalid RefComponent list
2025-03-21 09:12:22,033 [ERROR] Middleware:2969 - Invalid RefComponent list
2025-03-21 09:12:22,033 [ERROR] Middleware:2969 - Invalid RefComponent list
2025-03-21 09:12:22,033 [ERROR] Middleware:2969 - Invalid RefComponent list
2025-03-21 09:12:22,033 [ERROR] Middleware:2969 - Invalid RefComponent list
2025-03-21 09:12:22,034 [ERROR] Middleware:2969 - Invalid RefComponent list
2025-03-21 09:12:22,034 [ERROR] Middleware:2969 - Invalid RefComponent list
2025-03-21 09:12:22,034 [ERROR] Middleware:2969 - Invalid RefComponent list
2025-03-21 09:12:22,034 [ERROR] Middleware:2969 - Invalid RefComponent list
2025-03-21 09:12:22,034 [ERROR] Middleware:2969 - Invalid RefComponent list
2025-03-21 09:12:22,034 [ERROR] Middleware:2969 - Invalid RefComponent list
2025-03-21 09:12:22,034 [ERROR] Middleware:2969 - Invalid RefComponent list
2025-03-21 09:12:22,034 [ERROR] Middleware:2969 - Invalid RefComponent list
2025-03-21 09:12:22,035 [ERROR] Middleware:2969 - Invalid RefComponent list
2025-03-21 09:12:22,035 [ERROR] Middleware:2969 - Invalid RefComponent list
2025-03-21 09:12:22,035 [ERROR] Middleware:2969 - Invalid RefComponent list
2025-03-21 09:12:22,035 [ERROR] Middleware:2969 - Invalid RefComponent list
2025-03-21 09:12:22,035 [ERROR] Middleware:2969 - Invalid RefComponent list
2025-03-21 09:12:22,035 [ERROR] Middleware:2969 - Invalid RefComponent list
2025-03-21 09:12:22,035 [ERROR] Middleware:2969 - Invalid RefComponent list
2025-03-21 09:12:22,036 [ERROR] Middleware:2969 - Invalid RefComponent list
2025-03-21 09:12:22,036 [ERROR] Middleware:2969 - Invalid RefComponent list
2025-03-21 09:12:22,037 [ERROR] Middleware:2969 - Invalid RefComponent list
2025-03-21 09:12:22,037 [ERROR] Middleware:2969 - Invalid RefComponent list
2025-03-21 09:12:22,037 [ERROR] Middleware:2969 - Invalid RefComponent list
2025-03-21 09:12:22,037 [ERROR] Middleware:2969 - Invalid RefComponent list
2025-03-21 09:12:22,037 [ERROR] Middleware:2969 - Invalid RefComponent list
2025-03-21 09:12:22,037 [ERROR] Middleware:2969 - Invalid RefComponent list
2025-03-21 09:12:22,037 [ERROR] Middleware:2969 - Invalid RefComponent list
2025-03-21 09:12:22,037 [ERROR] Middleware:2969 - Invalid RefComponent list
2025-03-21 09:12:22,037 [ERROR] Middleware:2969 - Invalid RefComponent list
2025-03-21 09:12:22,038 [ERROR] Middleware:2969 - Invalid RefComponent list
2025-03-21 09:12:22,038 [ERROR] Middleware:2969 - Invalid RefComponent list
2025-03-21 09:12:22,038 [ERROR] Middleware:2969 - Invalid RefComponent list
2025-03-21 09:12:22,038 [ERROR] Middleware:2969 - Invalid RefComponent list
2025-03-21 09:12:22,038 [ERROR] Middleware:2969 - Invalid RefComponent list
2025-03-21 09:12:22,038 [ERROR] Middleware:2969 - Invalid RefComponent list
2025-03-21 09:12:22,038 [ERROR] Middleware:2969 - Invalid RefComponent list
2025-03-21 09:12:22,038 [ERROR] Middleware:2969 - Invalid RefComponent list
2025-03-21 09:12:22,038 [ERROR] Middleware:2969 - Invalid RefComponent list
2025-03-21 09:12:22,039 [ERROR] Middleware:2969 - Invalid RefComponent list
2025-03-21 09:12:22,039 [ERROR] Middleware:2969 - Invalid RefComponent list
2025-03-21 09:12:22,039 [ERROR] Middleware:2969 - Invalid RefComponent list
2025-03-21 09:12:22,039 [ERROR] Middleware:2969 - Invalid RefComponent list
2025-03-21 09:12:22,039 [ERROR] Middleware:2969 - Invalid RefComponent list
2025-03-21 09:12:22,039 [ERROR] Middleware:2969 - Invalid RefComponent list
2025-03-21 09:12:22,039 [ERROR] Middleware:2969 - Invalid RefComponent list
2025-03-21 09:12:22,039 [ERROR] Middleware:2969 - Invalid RefComponent list
2025-03-21 09:12:22,039 [ERROR] Middleware:2969 - Invalid RefComponent list
2025-03-21 09:12:22,039 [ERROR] Middleware:2969 - Invalid RefComponent list
2025-03-21 09:12:22,040 [ERROR] Middleware:2969 - Invalid RefComponent list
2025-03-21 09:12:22,040 [ERROR] Middleware:2969 - Invalid RefComponent list
2025-03-21 09:12:22,040 [ERROR] Middleware:2969 - Invalid RefComponent list
2025-03-21 09:12:22,040 [ERROR] Middleware:2969 - Invalid RefComponent list
2025-03-21 09:12:22,040 [ERROR] Middleware:2969 - Invalid RefComponent list
2025-03-21 09:12:22,040 [ERROR] Middleware:2969 - Invalid RefComponent list
2025-03-21 09:12:22,040 [ERROR] Middleware:2969 - Invalid RefComponent list
2025-03-21 09:12:22,040 [ERROR] Middleware:2969 - Invalid RefComponent list
2025-03-21 09:12:22,040 [ERROR] Middleware:2969 - Invalid RefComponent list
2025-03-21 09:12:22,041 [ERROR] Middleware:2969 - Invalid RefComponent list
2025-03-21 09:12:22,041 [ERROR] Middleware:2969 - Invalid RefComponent list
2025-03-21 09:12:22,041 [ERROR] Middleware:2969 - Invalid RefComponent list
2025-03-21 09:12:22,041 [ERROR] Middleware:2969 - Invalid RefComponent list
2025-03-21 09:12:22,041 [ERROR] Middleware:2969 - Invalid RefComponent list
2025-03-21 09:12:22,041 [ERROR] Middleware:2969 - Invalid RefComponent list
2025-03-21 09:12:22,041 [ERROR] Middleware:2969 - Invalid RefComponent list
2025-03-21 09:12:22,098 [INFO] ProjectBuilder:4828 - Project Generator version: 4.4.0-B60
2025-03-21 09:12:22,322 [INFO] ConfigFileManager:1531 - The Die is : DIE470
2025-03-21 09:12:22,343 [INFO] ApiDbMcu:508 - Load IP Config File for FATFS
2025-03-21 09:12:22,415 [INFO] ApiDbMcu:508 - Load IP Config File for FREERTOS
2025-03-21 09:12:22,779 [INFO] ApiDbMcu:508 - Load IP Config File for TOUCHSENSING
2025-03-21 09:12:22,832 [INFO] ApiDbMcu:508 - Load IP Config File for USB_DEVICE
2025-03-21 09:12:22,858 [INFO] ApiDbMcu:508 - Load IP Config File for USB_HOST
2025-03-21 09:12:27,950 [INFO] ProjectBuilder:5097 - Time for Generating toolchain IDE Files: 5851mS.
2025-03-21 09:12:27,953 [INFO] ProjectBuilder:3107 - Time for Copy CMSIS : 3mS.
2025-03-21 09:12:27,975 [INFO] ProjectBuilder:3107 - Time for Copy CMSIS : 0mS.
2025-03-21 09:15:49,932 [INFO] Middleware:612 - instanceName : STMicroelectronics.X-CUBE-AI.10.0.0 bspName : COM Port check condition failed for : !SEMDeviceJjApplicationJjApplicationTemplate
2025-03-21 09:15:49,932 [INFO] Middleware:612 - instanceName : STMicroelectronics.X-CUBE-AI.10.0.0 bspName : COM Port check condition failed for : !SEMDeviceJjApplicationJjApplicationTemplate
2025-03-21 09:15:49,932 [INFO] Middleware:612 - instanceName : STMicroelectronics.X-CUBE-AI.10.0.0 bspName : COM Port check condition failed for : !SEMDeviceJjApplicationJjApplicationTemplate
2025-03-21 09:15:49,932 [INFO] Middleware:612 - instanceName : STMicroelectronics.X-CUBE-AI.10.0.0 bspName : COM Port check condition failed for : !SEMDeviceJjApplicationJjApplicationTemplate
2025-03-21 09:15:49,932 [INFO] Middleware:612 - instanceName : STMicroelectronics.X-CUBE-AI.10.0.0 bspName : COM Port check condition failed for : !SEMDeviceJjApplicationJjApplicationTemplate
2025-03-21 09:15:49,932 [INFO] Middleware:612 - instanceName : STMicroelectronics.X-CUBE-AI.10.0.0 bspName : COM Port check condition failed for : !SEMDeviceJjApplicationJjApplicationTemplate
2025-03-21 09:15:50,016 [INFO] Middleware:612 - instanceName : STMicroelectronics.X-CUBE-AI.10.0.0 bspName : COM Port check condition failed for : !SEMDeviceJjApplicationJjApplicationTemplate
2025-03-21 09:15:50,016 [INFO] Middleware:612 - instanceName : STMicroelectronics.X-CUBE-AI.10.0.0 bspName : COM Port check condition failed for : !SEMDeviceJjApplicationJjApplicationTemplate
2025-03-21 09:15:50,016 [INFO] Middleware:612 - instanceName : STMicroelectronics.X-CUBE-AI.10.0.0 bspName : COM Port check condition failed for : !SEMDeviceJjApplicationJjApplicationTemplate
2025-03-21 09:15:50,016 [INFO] Middleware:612 - instanceName : STMicroelectronics.X-CUBE-AI.10.0.0 bspName : COM Port check condition failed for : !SEMDeviceJjApplicationJjApplicationTemplate
2025-03-21 09:15:50,017 [INFO] Middleware:612 - instanceName : STMicroelectronics.X-CUBE-AI.10.0.0 bspName : COM Port check condition failed for : !SEMDeviceJjApplicationJjApplicationTemplate
2025-03-21 09:15:50,017 [INFO] Middleware:612 - instanceName : STMicroelectronics.X-CUBE-AI.10.0.0 bspName : COM Port check condition failed for : !SEMDeviceJjApplicationJjApplicationTemplate
2025-03-21 09:15:56,335 [INFO] UtilMem:75 - End SaveConfig() Used Memory: 877480736 Bytes (1073741824)
2025-03-21 09:15:57,503 [INFO] Middleware:612 - instanceName : STMicroelectronics.X-CUBE-AI.10.0.0 bspName : COM Port check condition failed for : !SEMDeviceJjApplicationJjApplicationTemplate
2025-03-21 09:15:57,503 [INFO] Middleware:612 - instanceName : STMicroelectronics.X-CUBE-AI.10.0.0 bspName : COM Port check condition failed for : !SEMDeviceJjApplicationJjApplicationTemplate
2025-03-21 09:15:57,503 [INFO] Middleware:612 - instanceName : STMicroelectronics.X-CUBE-AI.10.0.0 bspName : COM Port check condition failed for : !SEMDeviceJjApplicationJjApplicationTemplate
2025-03-21 09:15:57,503 [INFO] Middleware:612 - instanceName : STMicroelectronics.X-CUBE-AI.10.0.0 bspName : COM Port check condition failed for : !SEMDeviceJjApplicationJjApplicationTemplate
2025-03-21 09:15:57,503 [INFO] Middleware:612 - instanceName : STMicroelectronics.X-CUBE-AI.10.0.0 bspName : COM Port check condition failed for : !SEMDeviceJjApplicationJjApplicationTemplate
2025-03-21 09:15:57,503 [INFO] Middleware:612 - instanceName : STMicroelectronics.X-CUBE-AI.10.0.0 bspName : COM Port check condition failed for : !SEMDeviceJjApplicationJjApplicationTemplate
2025-03-21 09:15:57,564 [INFO] Middleware:612 - instanceName : STMicroelectronics.X-CUBE-AI.10.0.0 bspName : COM Port check condition failed for : !SEMDeviceJjApplicationJjApplicationTemplate
2025-03-21 09:15:57,564 [INFO] Middleware:612 - instanceName : STMicroelectronics.X-CUBE-AI.10.0.0 bspName : COM Port check condition failed for : !SEMDeviceJjApplicationJjApplicationTemplate
2025-03-21 09:15:57,564 [INFO] Middleware:612 - instanceName : STMicroelectronics.X-CUBE-AI.10.0.0 bspName : COM Port check condition failed for : !SEMDeviceJjApplicationJjApplicationTemplate
2025-03-21 09:15:57,565 [INFO] Middleware:612 - instanceName : STMicroelectronics.X-CUBE-AI.10.0.0 bspName : COM Port check condition failed for : !SEMDeviceJjApplicationJjApplicationTemplate
2025-03-21 09:15:57,565 [INFO] Middleware:612 - instanceName : STMicroelectronics.X-CUBE-AI.10.0.0 bspName : COM Port check condition failed for : !SEMDeviceJjApplicationJjApplicationTemplate
2025-03-21 09:15:57,565 [INFO] Middleware:612 - instanceName : STMicroelectronics.X-CUBE-AI.10.0.0 bspName : COM Port check condition failed for : !SEMDeviceJjApplicationJjApplicationTemplate
2025-03-21 09:16:00,946 [INFO] UtilMem:75 - End SaveConfig() Used Memory: 877135872 Bytes (1073741824)
2025-03-21 09:16:02,468 [INFO] BlockDiagram:2766 - set Specific Code input for plugin: SPI
2025-03-21 09:16:02,469 [INFO] BlockDiagram:2766 - set Specific Code input for plugin: SYS
2025-03-21 09:16:02,469 [INFO] BlockDiagram:2766 - set Specific Code input for plugin: RCC
2025-03-21 09:16:02,469 [INFO] BlockDiagram:2766 - set Specific Code input for plugin: I2C
2025-03-21 09:16:02,469 [INFO] BlockDiagram:2766 - set Specific Code input for plugin: SDMMC
2025-03-21 09:16:02,469 [INFO] BlockDiagram:2766 - set Specific Code input for plugin: USB_OTG_FS
2025-03-21 09:16:02,469 [INFO] BlockDiagram:2766 - set Specific Code input for plugin: NVIC
2025-03-21 09:16:02,469 [INFO] BlockDiagram:2766 - set Specific Code input for plugin: USART
2025-03-21 09:16:02,469 [INFO] BlockDiagram:2766 - set Specific Code input for plugin: USART
2025-03-21 09:16:02,469 [INFO] BlockDiagram:2766 - set Specific Code input for plugin: FMC
2025-03-21 09:16:02,469 [INFO] BlockDiagram:2766 - set Specific Code input for plugin: STMicroelectronics.X-CUBE-AI.10.0.0
2025-03-21 09:16:02,472 [INFO] BlockDiagram:2766 - set Specific Code input for plugin: GPIO
2025-03-21 09:16:02,472 [INFO] BlockDiagram:2766 - set Specific Code input for plugin: SAI
2025-03-21 09:16:02,477 [INFO] CodeGenerator:807 - code generatio: config db path: C:\ST\STM32CubeIDE_1.13.1\STM32CubeIDE\plugins\com.st.stm32cube.common.mx_6.12.0.202406281431\\db\
2025-03-21 09:16:02,796 [INFO] IP:3348 - RTE Config file name : RTE_Component
2025-03-21 09:16:02,796 [INFO] IP:3366 - RTE template : RTE_Components.ftl
2025-03-21 09:16:02,874 [INFO] CodeEngine:255 - oldGeneratedFile, C:\Users\hugoc\OneDrive\Documents\Hugo\ISMIN\Cours\S8\Ia_Data\IA_embarque\TP1_IA_Emb\MXTmpFiles\license.tmp_save
2025-03-21 09:16:03,109 [INFO] CodeEngine:279 - Generated code: C:\Users\hugoc\OneDrive\Documents\Hugo\ISMIN\Cours\S8\Ia_Data\IA_embarque\TP1_IA_Emb\MXTmpFiles\license.tmp
2025-03-21 09:16:03,893 [INFO] CodeEngine:255 - oldGeneratedFile, C:\Users\hugoc\OneDrive\Documents\Hugo\ISMIN\Cours\S8\Ia_Data\IA_embarque\TP1_IA_Emb\MXTmpFiles\gpio.tmp_save
2025-03-21 09:16:04,131 [INFO] CodeEngine:279 - Generated code: C:\Users\hugoc\OneDrive\Documents\Hugo\ISMIN\Cours\S8\Ia_Data\IA_embarque\TP1_IA_Emb\MXTmpFiles\gpio.tmp
2025-03-21 09:16:11,463 [WARN] IPConfigManager:3005 - Warning: the RefConfig PWREx_EnableUSBVoltageDetector is not available in your config.xml file
2025-03-21 09:16:11,479 [INFO] Middleware:1439 - No code input for Bsp Dependency
2025-03-21 09:16:11,480 [INFO] Middleware:1439 - No code input for Bsp Dependency
2025-03-21 09:16:11,481 [INFO] IP:3348 - RTE Config file name : RTE_Component
2025-03-21 09:16:11,481 [INFO] IP:3366 - RTE template : RTE_Components.ftl
2025-03-21 09:16:11,573 [INFO] CodeEngine:255 - oldGeneratedFile, C:\Users\hugoc\OneDrive\Documents\Hugo\ISMIN\Cours\S8\Ia_Data\IA_embarque\TP1_IA_Emb\MXTmpFiles\mx_fmc_HC.tmp_save
2025-03-21 09:16:11,811 [INFO] CodeEngine:279 - Generated code: C:\Users\hugoc\OneDrive\Documents\Hugo\ISMIN\Cours\S8\Ia_Data\IA_embarque\TP1_IA_Emb\MXTmpFiles\mx_fmc_HC.tmp
2025-03-21 09:16:11,856 [INFO] CodeEngine:255 - oldGeneratedFile, C:\Users\hugoc\OneDrive\Documents\Hugo\ISMIN\Cours\S8\Ia_Data\IA_embarque\TP1_IA_Emb\MXTmpFiles\mx_fmc_GV.tmp_save
2025-03-21 09:16:12,040 [INFO] CodeEngine:279 - Generated code: C:\Users\hugoc\OneDrive\Documents\Hugo\ISMIN\Cours\S8\Ia_Data\IA_embarque\TP1_IA_Emb\MXTmpFiles\mx_fmc_GV.tmp
2025-03-21 09:16:12,086 [INFO] CodeEngine:255 - oldGeneratedFile, C:\Users\hugoc\OneDrive\Documents\Hugo\ISMIN\Cours\S8\Ia_Data\IA_embarque\TP1_IA_Emb\MXTmpFiles\mx_fmc_MSP.tmp_save
2025-03-21 09:16:12,297 [INFO] CodeEngine:279 - Generated code: C:\Users\hugoc\OneDrive\Documents\Hugo\ISMIN\Cours\S8\Ia_Data\IA_embarque\TP1_IA_Emb\MXTmpFiles\mx_fmc_MSP.tmp
2025-03-21 09:16:12,411 [INFO] CodeEngine:255 - oldGeneratedFile, C:\Users\hugoc\OneDrive\Documents\Hugo\ISMIN\Cours\S8\Ia_Data\IA_embarque\TP1_IA_Emb\MXTmpFiles\sai_init.tmp_save
2025-03-21 09:16:12,601 [INFO] CodeEngine:279 - Generated code: C:\Users\hugoc\OneDrive\Documents\Hugo\ISMIN\Cours\S8\Ia_Data\IA_embarque\TP1_IA_Emb\MXTmpFiles\sai_init.tmp
2025-03-21 09:16:12,631 [INFO] CodeEngine:255 - oldGeneratedFile, C:\Users\hugoc\OneDrive\Documents\Hugo\ISMIN\Cours\S8\Ia_Data\IA_embarque\TP1_IA_Emb\MXTmpFiles\sai_GV.tmp_save
2025-03-21 09:16:12,820 [INFO] CodeEngine:279 - Generated code: C:\Users\hugoc\OneDrive\Documents\Hugo\ISMIN\Cours\S8\Ia_Data\IA_embarque\TP1_IA_Emb\MXTmpFiles\sai_GV.tmp
2025-03-21 09:16:12,866 [INFO] CodeEngine:255 - oldGeneratedFile, C:\Users\hugoc\OneDrive\Documents\Hugo\ISMIN\Cours\S8\Ia_Data\IA_embarque\TP1_IA_Emb\MXTmpFiles\sai_msp.tmp_save
2025-03-21 09:16:13,086 [INFO] CodeEngine:279 - Generated code: C:\Users\hugoc\OneDrive\Documents\Hugo\ISMIN\Cours\S8\Ia_Data\IA_embarque\TP1_IA_Emb\MXTmpFiles\sai_msp.tmp
2025-03-21 09:16:13,112 [INFO] Middleware:1439 - No code input for Bsp Dependency
2025-03-21 09:16:13,113 [INFO] Middleware:1439 - No code input for Bsp Dependency
2025-03-21 09:16:13,114 [INFO] IP:3348 - RTE Config file name : RTE_Component
2025-03-21 09:16:13,114 [INFO] IP:3366 - RTE template : RTE_Components.ftl
2025-03-21 09:16:13,211 [INFO] CodeEngine:255 - oldGeneratedFile, C:\Users\hugoc\OneDrive\Documents\Hugo\ISMIN\Cours\S8\Ia_Data\IA_embarque\TP1_IA_Emb\X-CUBE-AI\App\app_x-cube-ai.h_save
2025-03-21 09:16:13,453 [INFO] CodeEngine:279 - Generated code: C:\Users\hugoc\OneDrive\Documents\Hugo\ISMIN\Cours\S8\Ia_Data\IA_embarque\TP1_IA_Emb\X-CUBE-AI\App\app_x-cube-ai.h
2025-03-21 09:16:13,506 [INFO] CodeEngine:255 - oldGeneratedFile, C:\Users\hugoc\OneDrive\Documents\Hugo\ISMIN\Cours\S8\Ia_Data\IA_embarque\TP1_IA_Emb\X-CUBE-AI\constants_ai.h_save
2025-03-21 09:16:13,715 [INFO] CodeEngine:279 - Generated code: C:\Users\hugoc\OneDrive\Documents\Hugo\ISMIN\Cours\S8\Ia_Data\IA_embarque\TP1_IA_Emb\X-CUBE-AI\constants_ai.h
2025-03-21 09:16:13,772 [INFO] CodeEngine:255 - oldGeneratedFile, C:\Users\hugoc\OneDrive\Documents\Hugo\ISMIN\Cours\S8\Ia_Data\IA_embarque\TP1_IA_Emb\X-CUBE-AI\App\app_x-cube-ai.c_save
2025-03-21 09:16:14,065 [INFO] CodeEngine:279 - Generated code: C:\Users\hugoc\OneDrive\Documents\Hugo\ISMIN\Cours\S8\Ia_Data\IA_embarque\TP1_IA_Emb\X-CUBE-AI\App\app_x-cube-ai.c
2025-03-21 09:16:14,234 [INFO] CodeEngine:255 - oldGeneratedFile, C:\Users\hugoc\OneDrive\Documents\Hugo\ISMIN\Cours\S8\Ia_Data\IA_embarque\TP1_IA_Emb\Core\Src\stm32l4xx_it.c_save
2025-03-21 09:16:14,632 [INFO] CodeEngine:279 - Generated code: C:\Users\hugoc\OneDrive\Documents\Hugo\ISMIN\Cours\S8\Ia_Data\IA_embarque\TP1_IA_Emb\Core\Src\stm32l4xx_it.c
2025-03-21 09:16:14,682 [INFO] CodeEngine:255 - oldGeneratedFile, C:\Users\hugoc\OneDrive\Documents\Hugo\ISMIN\Cours\S8\Ia_Data\IA_embarque\TP1_IA_Emb\Core\Inc\stm32l4xx_it.h_save
2025-03-21 09:16:14,914 [INFO] CodeEngine:279 - Generated code: C:\Users\hugoc\OneDrive\Documents\Hugo\ISMIN\Cours\S8\Ia_Data\IA_embarque\TP1_IA_Emb\Core\Inc\stm32l4xx_it.h
2025-03-21 09:16:14,942 [INFO] IP:3348 - RTE Config file name : RTE_Component
2025-03-21 09:16:14,942 [INFO] IP:3366 - RTE template : RTE_Components.ftl
2025-03-21 09:16:14,942 [INFO] CodeGenerator:2153 - Add RTE Code Input 
2025-03-21 09:16:15,032 [INFO] CodeEngine:255 - oldGeneratedFile, C:\Users\hugoc\OneDrive\Documents\Hugo\ISMIN\Cours\S8\Ia_Data\IA_embarque\TP1_IA_Emb\Core\Inc\RTE_Components.h_save
2025-03-21 09:16:15,315 [INFO] CodeEngine:279 - Generated code: C:\Users\hugoc\OneDrive\Documents\Hugo\ISMIN\Cours\S8\Ia_Data\IA_embarque\TP1_IA_Emb\Core\Inc\RTE_Components.h
2025-03-21 09:16:15,474 [INFO] CodeEngine:255 - oldGeneratedFile, C:\Users\hugoc\OneDrive\Documents\Hugo\ISMIN\Cours\S8\Ia_Data\IA_embarque\TP1_IA_Emb\MXTmpFiles\sai_init.tmp_save
2025-03-21 09:16:15,691 [INFO] CodeEngine:279 - Generated code: C:\Users\hugoc\OneDrive\Documents\Hugo\ISMIN\Cours\S8\Ia_Data\IA_embarque\TP1_IA_Emb\MXTmpFiles\sai_init.tmp
2025-03-21 09:16:15,742 [INFO] CodeEngine:255 - oldGeneratedFile, C:\Users\hugoc\OneDrive\Documents\Hugo\ISMIN\Cours\S8\Ia_Data\IA_embarque\TP1_IA_Emb\MXTmpFiles\sai_GV.tmp_save
2025-03-21 09:16:15,978 [INFO] CodeEngine:279 - Generated code: C:\Users\hugoc\OneDrive\Documents\Hugo\ISMIN\Cours\S8\Ia_Data\IA_embarque\TP1_IA_Emb\MXTmpFiles\sai_GV.tmp
2025-03-21 09:16:16,056 [INFO] CodeEngine:255 - oldGeneratedFile, C:\Users\hugoc\OneDrive\Documents\Hugo\ISMIN\Cours\S8\Ia_Data\IA_embarque\TP1_IA_Emb\MXTmpFiles\sai_msp.tmp_save
2025-03-21 09:16:16,275 [INFO] CodeEngine:279 - Generated code: C:\Users\hugoc\OneDrive\Documents\Hugo\ISMIN\Cours\S8\Ia_Data\IA_embarque\TP1_IA_Emb\MXTmpFiles\sai_msp.tmp
2025-03-21 09:16:16,416 [INFO] CodeEngine:255 - oldGeneratedFile, C:\Users\hugoc\OneDrive\Documents\Hugo\ISMIN\Cours\S8\Ia_Data\IA_embarque\TP1_IA_Emb\MXTmpFiles\mx_fmc_HC.tmp_save
2025-03-21 09:16:16,629 [INFO] CodeEngine:279 - Generated code: C:\Users\hugoc\OneDrive\Documents\Hugo\ISMIN\Cours\S8\Ia_Data\IA_embarque\TP1_IA_Emb\MXTmpFiles\mx_fmc_HC.tmp
2025-03-21 09:16:16,698 [INFO] CodeEngine:255 - oldGeneratedFile, C:\Users\hugoc\OneDrive\Documents\Hugo\ISMIN\Cours\S8\Ia_Data\IA_embarque\TP1_IA_Emb\MXTmpFiles\mx_fmc_GV.tmp_save
2025-03-21 09:16:16,895 [INFO] CodeEngine:279 - Generated code: C:\Users\hugoc\OneDrive\Documents\Hugo\ISMIN\Cours\S8\Ia_Data\IA_embarque\TP1_IA_Emb\MXTmpFiles\mx_fmc_GV.tmp
2025-03-21 09:16:16,969 [INFO] CodeEngine:255 - oldGeneratedFile, C:\Users\hugoc\OneDrive\Documents\Hugo\ISMIN\Cours\S8\Ia_Data\IA_embarque\TP1_IA_Emb\MXTmpFiles\mx_fmc_MSP.tmp_save
2025-03-21 09:16:17,189 [INFO] CodeEngine:279 - Generated code: C:\Users\hugoc\OneDrive\Documents\Hugo\ISMIN\Cours\S8\Ia_Data\IA_embarque\TP1_IA_Emb\MXTmpFiles\mx_fmc_MSP.tmp
2025-03-21 09:16:17,325 [INFO] CodeEngine:255 - oldGeneratedFile, C:\Users\hugoc\OneDrive\Documents\Hugo\ISMIN\Cours\S8\Ia_Data\IA_embarque\TP1_IA_Emb\Core\Src\stm32l4xx_hal_msp.c_save
2025-03-21 09:16:17,662 [INFO] CodeEngine:279 - Generated code: C:\Users\hugoc\OneDrive\Documents\Hugo\ISMIN\Cours\S8\Ia_Data\IA_embarque\TP1_IA_Emb\Core\Src\stm32l4xx_hal_msp.c
2025-03-21 09:16:17,712 [INFO] CodeEngine:255 - oldGeneratedFile, C:\Users\hugoc\OneDrive\Documents\Hugo\ISMIN\Cours\S8\Ia_Data\IA_embarque\TP1_IA_Emb\MXTmpFiles\system.tmp_save
2025-03-21 09:16:17,900 [INFO] CodeEngine:279 - Generated code: C:\Users\hugoc\OneDrive\Documents\Hugo\ISMIN\Cours\S8\Ia_Data\IA_embarque\TP1_IA_Emb\MXTmpFiles\system.tmp
2025-03-21 09:16:18,024 [INFO] CodeEngine:311 - oldGeneratedFile, C:\Users\hugoc\OneDrive\Documents\Hugo\ISMIN\Cours\S8\Ia_Data\IA_embarque\TP1_IA_Emb\Core\Inc\stm32l4xx_hal_conf.h_save
2025-03-21 09:16:18,262 [INFO] CodeEngine:335 - Generated code: C:\Users\hugoc\OneDrive\Documents\Hugo\ISMIN\Cours\S8\Ia_Data\IA_embarque\TP1_IA_Emb\Core\Inc\stm32l4xx_hal_conf.h
2025-03-21 09:16:18,393 [WARN] IPConfigManager:3554 - IP not found : USB_OTG
2025-03-21 09:16:18,397 [WARN] CodeGenerator:4002 - IP not found : null
2025-03-21 09:16:18,499 [INFO] CodeEngine:255 - oldGeneratedFile, C:\Users\hugoc\OneDrive\Documents\Hugo\ISMIN\Cours\S8\Ia_Data\IA_embarque\TP1_IA_Emb\Core\Inc\main.h_save
2025-03-21 09:16:18,741 [INFO] CodeEngine:279 - Generated code: C:\Users\hugoc\OneDrive\Documents\Hugo\ISMIN\Cours\S8\Ia_Data\IA_embarque\TP1_IA_Emb\Core\Inc\main.h
2025-03-21 09:16:18,799 [INFO] CodeEngine:255 - oldGeneratedFile, C:\Users\hugoc\OneDrive\Documents\Hugo\ISMIN\Cours\S8\Ia_Data\IA_embarque\TP1_IA_Emb\Core\Src\main.c_save
2025-03-21 09:16:19,296 [INFO] CodeEngine:279 - Generated code: C:\Users\hugoc\OneDrive\Documents\Hugo\ISMIN\Cours\S8\Ia_Data\IA_embarque\TP1_IA_Emb\Core\Src\main.c
2025-03-21 09:16:23,801 [INFO] AInterface:317 - ModelName:model_v1; files:[C:\Users\hugoc\OneDrive\Documents\Hugo\ISMIN\Cours\S8\Ia_Data\IA_embarque\Github\IA_Embarque\COLAB\Model_V1.h5]; type:Keras; compression:None
2025-03-21 09:16:23,803 [INFO] AInterface:519 - workspaceTempDir: C:/Users/hugoc/AppData/Local/Temp/mxAI_workspace270065337950016749812358688014150
2025-03-21 09:16:23,804 [INFO] AInterface:1132 - Setting Env: C:/Users/hugoc/STM32Cube/Repository/Packs/STMicroelectronics/X-CUBE-AI/10.0.0/Utilities/windows
2025-03-21 09:16:23,835 [INFO] STM32CubeIDEBuilder:265 - Looking for gnu-tools-for-stm32 tools/bin/arm-none-eabi-gcc.exe in C:\ST\STM32CubeIDE_1.13.1\STM32CubeIDE
2025-03-21 09:16:23,844 [INFO] STM32CubeIDEBuilder:294 - checking C:\ST\STM32CubeIDE_1.13.1\STM32CubeIDE\plugins\com.st.stm32cube.ide.mcu.externaltools.gnu-tools-for-stm32.12.3.rel1.win32_1.0.200.202406191623\tools\bin\arm-none-eabi-gcc.exe
2025-03-21 09:16:23,846 [INFO] STM32CubeIDEBuilder:297 - ret=C:\ST\STM32CubeIDE_1.13.1\STM32CubeIDE\plugins\com.st.stm32cube.ide.mcu.externaltools.gnu-tools-for-stm32.12.3.rel1.win32_1.0.200.202406191623\tools\bin\arm-none-eabi-gcc.exe
2025-03-21 09:16:23,846 [INFO] STM32CubeIDEBuilder:311 - returning C:\ST\STM32CubeIDE_1.13.1\STM32CubeIDE\plugins\com.st.stm32cube.ide.mcu.externaltools.gnu-tools-for-stm32.12.3.rel1.win32_1.0.200.202406191623\tools\bin\arm-none-eabi-gcc.exe
2025-03-21 09:16:23,848 [INFO] AInterface:1189 - Custom PATH variable: C:/Users/hugoc/STM32Cube/Repository/Packs/STMicroelectronics/X-CUBE-AI/10.0.0/Utilities/windows;C:/Users/hugoc/STM32Cube/Repository/Packs/STMicroelectronics/X-CUBE-AI/10.0.0/Utilities/windows/mingw64/bin;C:/Users/hugoc/STM32Cube/Repository/Packs/STMicroelectronics/X-CUBE-AI/10.0.0/Utilities/windows/mingw64/libexec/gcc/x86_64-w64-mingw32/7.3.0;;C:\ST\STM32CubeIDE_1.13.1\STM32CubeIDE\plugins\com.st.stm32cube.ide.mcu.externaltools.gnu-tools-for-stm32.12.3.rel1.win32_1.0.200.202406191623\tools\bin
2025-03-21 09:16:23,849 [INFO] CmdLine:109 - Command: C:/Users/hugoc/STM32Cube/Repository/Packs/STMicroelectronics/X-CUBE-AI/10.0.0/Utilities/windows/stedgeai.exe generate --target stm32l4 --name model_v1 -m C:/Users/hugoc/OneDrive/Documents/Hugo/ISMIN/Cours/S8/Ia_Data/IA_embarque/Github/IA_Embarque/COLAB/Model_V1.h5 --compression none --verbosity 1 --workspace C:/Users/hugoc/AppData/Local/Temp/mxAI_workspace270065337950016749812358688014150 --output C:/Users/hugoc/.stm32cubemx/model_v1_output
2025-03-21 09:16:23,850 [INFO] AIModelDetailledView:2372 - Analysis status: pending
2025-03-21 09:16:26,541 [INFO] CmdLine:74 - ST Edge AI Core v2.0.0-20049
2025-03-21 09:16:53,575 [INFO] CmdLine:74 - Creating c (debug) info json file C:\Users\hugoc\AppData\Local\Temp\mxAI_workspace270065337950016749812358688014150\model_v1_c_info.json
2025-03-21 09:16:53,784 [INFO] CmdLine:74 -  
2025-03-21 09:16:53,785 [INFO] CmdLine:74 -  Exec/report summary (generate)
2025-03-21 09:16:53,785 [INFO] CmdLine:74 -  ----------------------------------------------------------------------------------------------------------------------------------------
2025-03-21 09:16:53,785 [INFO] CmdLine:74 -  model file         :   C:\Users\hugoc\OneDrive\Documents\Hugo\ISMIN\Cours\S8\Ia_Data\IA_embarque\Github\IA_Embarque\COLAB\Model_V1.h5   
2025-03-21 09:16:53,785 [INFO] CmdLine:74 -  type               :   keras                                                                                                            
2025-03-21 09:16:53,786 [INFO] CmdLine:74 -  c_name             :   model_v1                                                                                                         
2025-03-21 09:16:53,786 [INFO] CmdLine:74 -  compression        :   none                                                                                                             
2025-03-21 09:16:53,786 [INFO] CmdLine:74 -  options            :   allocate-inputs, allocate-outputs                                                                                
2025-03-21 09:16:53,787 [INFO] CmdLine:74 -  optimization       :   balanced                                                                                                         
2025-03-21 09:16:53,787 [INFO] CmdLine:74 -  target/series      :   stm32l4                                                                                                          
2025-03-21 09:16:53,787 [INFO] CmdLine:74 -  workspace dir      :   C:\Users\hugoc\AppData\Local\Temp\mxAI_workspace270065337950016749812358688014150                                
2025-03-21 09:16:53,787 [INFO] CmdLine:74 -  output dir         :   C:\Users\hugoc\.stm32cubemx\model_v1_output                                                                      
2025-03-21 09:16:53,788 [INFO] CmdLine:74 -  model_fmt          :   float                                                                                                            
2025-03-21 09:16:53,788 [INFO] CmdLine:74 -  model_name         :   Model_V1                                                                                                         
2025-03-21 09:16:53,788 [INFO] CmdLine:74 -  model_hash         :   0x2ac21b7b6d50788773a4495e0a84f8a1                                                                               
2025-03-21 09:16:53,789 [INFO] CmdLine:74 -  params #           :   9,029 items (35.27 KiB)                                                                                          
2025-03-21 09:16:53,789 [INFO] CmdLine:74 -  ----------------------------------------------------------------------------------------------------------------------------------------
2025-03-21 09:16:53,789 [INFO] CmdLine:74 -  input 1/1          :   'input_0', f32(1x5), 20 Bytes, activations                                                                       
2025-03-21 09:16:53,790 [INFO] CmdLine:74 -  output 1/1         :   'dense_7', f32(1x5), 20 Bytes, activations                                                                       
2025-03-21 09:16:53,790 [INFO] CmdLine:74 -  macc               :   10,448                                                                                                           
2025-03-21 09:16:53,790 [INFO] CmdLine:74 -  weights (ro)       :   36,116 B (35.27 KiB) (1 segment)                                                                                 
2025-03-21 09:16:53,790 [INFO] CmdLine:74 -  activations (rw)   :   512 B (512 B) (1 segment) *                                                                                      
2025-03-21 09:16:53,791 [INFO] CmdLine:74 -  ram (total)        :   512 B (512 B) = 512 + 0 + 0                                                                                      
2025-03-21 09:16:53,791 [INFO] CmdLine:74 -  ----------------------------------------------------------------------------------------------------------------------------------------
2025-03-21 09:16:53,792 [INFO] CmdLine:74 -  (*) 'input'/'output' buffers can be used from the activations buffer
2025-03-21 09:16:53,798 [INFO] CmdLine:74 - Computing AI RT data/code size (target=stm32l4)..
2025-03-21 09:16:59,870 [INFO] CmdLine:74 -  Requested memory size by section - "stm32l4" target
2025-03-21 09:16:59,872 [INFO] CmdLine:74 -  ------------------------------ ------- -------- ------- -----
2025-03-21 09:16:59,872 [INFO] CmdLine:74 -  module                            text   rodata    data   bss
2025-03-21 09:16:59,873 [INFO] CmdLine:74 -  ------------------------------ ------- -------- ------- -----
2025-03-21 09:16:59,874 [INFO] CmdLine:74 -  NetworkRuntime1000_CM4_GCC.a     7,136        0       0     0
2025-03-21 09:16:59,874 [INFO] CmdLine:74 -  model_v1.o                         606       64   2,236   160
2025-03-21 09:16:59,875 [INFO] CmdLine:74 -  model_v1_data.o                     48       16      88     0
2025-03-21 09:16:59,875 [INFO] CmdLine:74 -  lib (toolchain)*                 1,432       24      12     0
2025-03-21 09:16:59,876 [INFO] CmdLine:74 -  ------------------------------ ------- -------- ------- -----
2025-03-21 09:16:59,877 [INFO] CmdLine:74 -  RT total**                       9,222      104   2,336   160
2025-03-21 09:16:59,877 [INFO] CmdLine:74 -  ------------------------------ ------- -------- ------- -----
2025-03-21 09:16:59,878 [INFO] CmdLine:74 -  weights                              0   36,120       0     0
2025-03-21 09:16:59,878 [INFO] CmdLine:74 -  activations                          0        0       0   512
2025-03-21 09:16:59,879 [INFO] CmdLine:74 -  io                                   0        0       0     0
2025-03-21 09:16:59,880 [INFO] CmdLine:74 -  ------------------------------ ------- -------- ------- -----
2025-03-21 09:16:59,881 [INFO] CmdLine:74 -  TOTAL                            9,222   36,224   2,336   672
2025-03-21 09:16:59,881 [INFO] CmdLine:74 -  ------------------------------ ------- -------- ------- -----
2025-03-21 09:16:59,882 [INFO] CmdLine:74 -  *  toolchain objects (libm/libgcc*)
2025-03-21 09:16:59,882 [INFO] CmdLine:74 -  ** RT AI runtime objects (kernels+infrastructure)
2025-03-21 09:16:59,883 [INFO] CmdLine:74 -   Summary - "stm32l4" target
2025-03-21 09:16:59,883 [INFO] CmdLine:74 -   ---------------------------------------------------
2025-03-21 09:16:59,884 [INFO] CmdLine:74 -                FLASH (ro)      %*   RAM (rw)       %
2025-03-21 09:16:59,884 [INFO] CmdLine:74 -   ---------------------------------------------------
2025-03-21 09:16:59,884 [INFO] CmdLine:74 -   RT total         11,662   24.4%      2,496   83.0%
2025-03-21 09:16:59,885 [INFO] CmdLine:74 -   ---------------------------------------------------
2025-03-21 09:16:59,885 [INFO] CmdLine:74 -   TOTAL            47,782              3,008
2025-03-21 09:16:59,886 [INFO] CmdLine:74 -   ---------------------------------------------------
2025-03-21 09:16:59,886 [INFO] CmdLine:74 -   *  rt/total
2025-03-21 09:16:59,886 [INFO] CmdLine:74 -  Generated files (7)
2025-03-21 09:16:59,887 [INFO] CmdLine:74 -  --------------------------------------------------------------------
2025-03-21 09:16:59,887 [INFO] CmdLine:74 -  C:\Users\hugoc\.stm32cubemx\model_v1_output\model_v1_data_params.h
2025-03-21 09:16:59,888 [INFO] CmdLine:74 -  C:\Users\hugoc\.stm32cubemx\model_v1_output\model_v1_data_params.c
2025-03-21 09:16:59,889 [INFO] CmdLine:74 -  C:\Users\hugoc\.stm32cubemx\model_v1_output\model_v1_data.h
2025-03-21 09:16:59,889 [INFO] CmdLine:74 -  C:\Users\hugoc\.stm32cubemx\model_v1_output\model_v1_data.c
2025-03-21 09:16:59,890 [INFO] CmdLine:74 -  C:\Users\hugoc\.stm32cubemx\model_v1_output\model_v1_config.h
2025-03-21 09:16:59,890 [INFO] CmdLine:74 -  C:\Users\hugoc\.stm32cubemx\model_v1_output\model_v1.h
2025-03-21 09:16:59,891 [INFO] CmdLine:74 -  C:\Users\hugoc\.stm32cubemx\model_v1_output\model_v1.c
2025-03-21 09:16:59,891 [INFO] CmdLine:74 - Creating txt report file C:\Users\hugoc\.stm32cubemx\model_v1_output\model_v1_generate_report.txt
2025-03-21 09:17:04,355 [INFO] CmdLine:74 - elapsed time (generate): 37.812s
2025-03-21 09:17:05,273 [INFO] CmdLine:142 - stedgeai exit with status: 0
2025-03-21 09:17:05,329 [INFO] AIModelDetailledView:2372 - Analysis status: done
2025-03-21 09:17:08,424 [INFO] ProjectBuilder:3249 - Time for Copy HAL[1] : 1866mS.
2025-03-21 09:17:08,425 [ERROR] Middleware:2969 - Invalid RefComponent list
2025-03-21 09:17:08,425 [ERROR] Middleware:2969 - Invalid RefComponent list
2025-03-21 09:17:08,425 [ERROR] Middleware:2969 - Invalid RefComponent list
2025-03-21 09:17:08,425 [ERROR] Middleware:2969 - Invalid RefComponent list
2025-03-21 09:17:08,425 [ERROR] Middleware:2969 - Invalid RefComponent list
2025-03-21 09:17:08,425 [ERROR] Middleware:2969 - Invalid RefComponent list
2025-03-21 09:17:08,425 [ERROR] Middleware:2969 - Invalid RefComponent list
2025-03-21 09:17:08,425 [ERROR] Middleware:2969 - Invalid RefComponent list
2025-03-21 09:17:08,426 [ERROR] Middleware:2969 - Invalid RefComponent list
2025-03-21 09:17:08,426 [ERROR] Middleware:2969 - Invalid RefComponent list
2025-03-21 09:17:08,426 [ERROR] Middleware:2969 - Invalid RefComponent list
2025-03-21 09:17:08,426 [ERROR] Middleware:2969 - Invalid RefComponent list
2025-03-21 09:17:08,426 [ERROR] Middleware:2969 - Invalid RefComponent list
2025-03-21 09:17:08,426 [ERROR] Middleware:2969 - Invalid RefComponent list
2025-03-21 09:17:08,426 [ERROR] Middleware:2969 - Invalid RefComponent list
2025-03-21 09:17:08,426 [ERROR] Middleware:2969 - Invalid RefComponent list
2025-03-21 09:17:08,426 [ERROR] Middleware:2969 - Invalid RefComponent list
2025-03-21 09:17:08,427 [ERROR] Middleware:2969 - Invalid RefComponent list
2025-03-21 09:17:08,427 [ERROR] Middleware:2969 - Invalid RefComponent list
2025-03-21 09:17:08,427 [ERROR] Middleware:2969 - Invalid RefComponent list
2025-03-21 09:17:08,427 [ERROR] Middleware:2969 - Invalid RefComponent list
2025-03-21 09:17:08,427 [ERROR] Middleware:2969 - Invalid RefComponent list
2025-03-21 09:17:08,427 [ERROR] Middleware:2969 - Invalid RefComponent list
2025-03-21 09:17:08,428 [ERROR] Middleware:2969 - Invalid RefComponent list
2025-03-21 09:17:08,428 [ERROR] Middleware:2969 - Invalid RefComponent list
2025-03-21 09:17:08,429 [ERROR] Middleware:2969 - Invalid RefComponent list
2025-03-21 09:17:08,429 [ERROR] Middleware:2969 - Invalid RefComponent list
2025-03-21 09:17:08,429 [ERROR] Middleware:2969 - Invalid RefComponent list
2025-03-21 09:17:08,429 [ERROR] Middleware:2969 - Invalid RefComponent list
2025-03-21 09:17:08,429 [ERROR] Middleware:2969 - Invalid RefComponent list
2025-03-21 09:17:08,429 [ERROR] Middleware:2969 - Invalid RefComponent list
2025-03-21 09:17:08,429 [ERROR] Middleware:2969 - Invalid RefComponent list
2025-03-21 09:17:08,430 [ERROR] Middleware:2969 - Invalid RefComponent list
2025-03-21 09:17:08,430 [ERROR] Middleware:2969 - Invalid RefComponent list
2025-03-21 09:17:08,430 [ERROR] Middleware:2969 - Invalid RefComponent list
2025-03-21 09:17:08,430 [ERROR] Middleware:2969 - Invalid RefComponent list
2025-03-21 09:17:08,430 [ERROR] Middleware:2969 - Invalid RefComponent list
2025-03-21 09:17:08,430 [ERROR] Middleware:2969 - Invalid RefComponent list
2025-03-21 09:17:08,431 [ERROR] Middleware:2969 - Invalid RefComponent list
2025-03-21 09:17:08,431 [ERROR] Middleware:2969 - Invalid RefComponent list
2025-03-21 09:17:08,431 [ERROR] Middleware:2969 - Invalid RefComponent list
2025-03-21 09:17:08,431 [ERROR] Middleware:2969 - Invalid RefComponent list
2025-03-21 09:17:08,431 [ERROR] Middleware:2969 - Invalid RefComponent list
2025-03-21 09:17:08,431 [ERROR] Middleware:2969 - Invalid RefComponent list
2025-03-21 09:17:08,431 [ERROR] Middleware:2969 - Invalid RefComponent list
2025-03-21 09:17:08,431 [ERROR] Middleware:2969 - Invalid RefComponent list
2025-03-21 09:17:08,431 [ERROR] Middleware:2969 - Invalid RefComponent list
2025-03-21 09:17:08,431 [ERROR] Middleware:2969 - Invalid RefComponent list
2025-03-21 09:17:08,432 [ERROR] Middleware:2969 - Invalid RefComponent list
2025-03-21 09:17:08,432 [ERROR] Middleware:2969 - Invalid RefComponent list
2025-03-21 09:17:08,432 [ERROR] Middleware:2969 - Invalid RefComponent list
2025-03-21 09:17:08,432 [ERROR] Middleware:2969 - Invalid RefComponent list
2025-03-21 09:17:08,432 [ERROR] Middleware:2969 - Invalid RefComponent list
2025-03-21 09:17:08,432 [ERROR] Middleware:2969 - Invalid RefComponent list
2025-03-21 09:17:08,432 [ERROR] Middleware:2969 - Invalid RefComponent list
2025-03-21 09:17:08,432 [ERROR] Middleware:2969 - Invalid RefComponent list
2025-03-21 09:17:08,432 [ERROR] Middleware:2969 - Invalid RefComponent list
2025-03-21 09:17:08,432 [ERROR] Middleware:2969 - Invalid RefComponent list
2025-03-21 09:17:08,432 [ERROR] Middleware:2969 - Invalid RefComponent list
2025-03-21 09:17:08,433 [ERROR] Middleware:2969 - Invalid RefComponent list
2025-03-21 09:17:08,433 [ERROR] Middleware:2969 - Invalid RefComponent list
2025-03-21 09:17:08,433 [ERROR] Middleware:2969 - Invalid RefComponent list
2025-03-21 09:17:08,433 [ERROR] Middleware:2969 - Invalid RefComponent list
2025-03-21 09:17:08,433 [ERROR] Middleware:2969 - Invalid RefComponent list
2025-03-21 09:17:08,433 [ERROR] Middleware:2969 - Invalid RefComponent list
2025-03-21 09:17:08,433 [ERROR] Middleware:2969 - Invalid RefComponent list
2025-03-21 09:17:08,433 [ERROR] Middleware:2969 - Invalid RefComponent list
2025-03-21 09:17:08,433 [ERROR] Middleware:2969 - Invalid RefComponent list
2025-03-21 09:17:08,434 [ERROR] Middleware:2969 - Invalid RefComponent list
2025-03-21 09:17:08,434 [ERROR] Middleware:2969 - Invalid RefComponent list
2025-03-21 09:17:08,494 [INFO] ProjectBuilder:4828 - Project Generator version: 4.4.0-B60
2025-03-21 09:17:08,718 [INFO] ConfigFileManager:1531 - The Die is : DIE470
2025-03-21 09:17:13,053 [INFO] ProjectBuilder:5097 - Time for Generating toolchain IDE Files: 4559mS.
2025-03-21 09:17:13,057 [INFO] ProjectBuilder:3107 - Time for Copy CMSIS : 3mS.
2025-03-21 09:17:13,080 [INFO] ProjectBuilder:3107 - Time for Copy CMSIS : 0mS.
2025-03-21 09:41:16,391 [INFO] MainUpdater:2873 - connection check result : 10
2025-03-21 09:41:16,391 [INFO] MainUpdater:2873 - connection check result : 10
2025-03-21 09:41:16,480 [INFO] I2cTimingTraitement:330 - 0x30A175AB
2025-03-21 09:41:16,648 [INFO] MicroXplorer:468 - Change Database Path : 
2025-03-21 09:41:16,648 [INFO] MicroXplorer:498 - Change Database Version : DB.6.0.120
2025-03-21 09:41:16,705 [ERROR] ProjectManagerView:394 - 
java.lang.NullPointerException: Cannot invoke "javax.swing.JTextField.getText()" because the return value of "java.util.List.get(int)" is null
	at com.st.microxplorer.plugins.projectmanager.gui.ProjectChoiceTab$10.caretUpdate(ProjectChoiceTab.java:2622) ~[filemanager.jar:?]
	at javax.swing.text.JTextComponent.fireCaretUpdate(JTextComponent.java:412) ~[?:?]
	at javax.swing.text.JTextComponent$MutableCaretEvent.fire(JTextComponent.java:4491) ~[?:?]
	at javax.swing.text.JTextComponent$MutableCaretEvent.stateChanged(JTextComponent.java:4513) ~[?:?]
	at javax.swing.text.DefaultCaret.fireStateChanged(DefaultCaret.java:842) ~[?:?]
	at javax.swing.text.DefaultCaret.changeCaretPosition(DefaultCaret.java:1313) ~[?:?]
	at javax.swing.text.DefaultCaret.handleSetDot(DefaultCaret.java:1212) ~[?:?]
	at javax.swing.text.DefaultCaret.setDot(DefaultCaret.java:1193) ~[?:?]
	at javax.swing.text.DefaultCaret$Handler.insertUpdate(DefaultCaret.java:1789) ~[?:?]
	at javax.swing.text.AbstractDocument.fireInsertUpdate(AbstractDocument.java:226) ~[?:?]
	at javax.swing.text.AbstractDocument.handleInsertString(AbstractDocument.java:780) ~[?:?]
	at javax.swing.text.AbstractDocument.insertString(AbstractDocument.java:739) ~[?:?]
	at javax.swing.text.PlainDocument.insertString(PlainDocument.java:131) ~[?:?]
	at javax.swing.text.AbstractDocument.replace(AbstractDocument.java:698) ~[?:?]
	at javax.swing.text.JTextComponent.setText(JTextComponent.java:1729) ~[?:?]
	at com.st.microxplorer.plugins.projectmanager.gui.ProjectChoiceTab.createHeapStackFields(ProjectChoiceTab.java:972) ~[filemanager.jar:?]
	at com.st.microxplorer.plugins.projectmanager.gui.ProjectChoiceTab.buildLinkSettingsPanel(ProjectChoiceTab.java:3597) ~[filemanager.jar:?]
	at com.st.microxplorer.plugins.projectmanager.gui.ProjectChoiceTab.defineWindowsFields(ProjectChoiceTab.java:1940) ~[filemanager.jar:?]
	at com.st.microxplorer.plugins.projectmanager.gui.ProjectChoiceTab.updateSettings(ProjectChoiceTab.java:550) ~[filemanager.jar:?]
	at com.st.microxplorer.plugins.projectmanager.gui.ProjectSettingsPanel.UpdateDialog(ProjectSettingsPanel.java:245) ~[filemanager.jar:?]
	at com.st.microxplorer.plugins.projectmanager.ProjectManagerView.propertyChange(ProjectManagerView.java:391) ~[filemanager.jar:?]
	at java.beans.PropertyChangeSupport.fire(PropertyChangeSupport.java:343) ~[?:?]
	at java.beans.PropertyChangeSupport.firePropertyChange(PropertyChangeSupport.java:335) ~[?:?]
	at java.beans.PropertyChangeSupport.firePropertyChange(PropertyChangeSupport.java:268) ~[?:?]
	at com.st.microxplorer.util.MXPropertyChangeSupport.firePropertyChange(MXPropertyChangeSupport.java:54) ~[STM32CubeMX.jar:?]
	at com.st.microxplorer.mxsystem.MxSystem.closeConfig(MxSystem.java:900) ~[STM32CubeMX.jar:?]
	at com.st.microxplorer.maingui.MainPanel.closeConfig(MainPanel.java:781) ~[STM32CubeMX.jar:?]
	at com.st.microxplorer.plugins.filemanager.engine.OpenFileManager.loadConfigurationFile(OpenFileManager.java:265) ~[filemanager.jar:?]
	at com.st.microxplorer.plugins.filemanager.engine.MainFileManager.userLoadConfig(MainFileManager.java:352) ~[filemanager.jar:?]
	at com.st.microxplorer.plugins.filemanager.engine.MainFileManager.userLoadConfig(MainFileManager.java:330) ~[filemanager.jar:?]
	at com.st.microxplorer.plugins.filemanager.FileManagerView.getSpecificTask(FileManagerView.java:246) ~[filemanager.jar:?]
	at com.st.stm32cube.common.mx.editor.CubeMxEditor.getMxTabbedPaneInstance(CubeMxEditor.java:1198) ~[com.st.stm32cube.common.mx_6.12.0.202406281431/:?]
	at com.st.stm32cube.common.mx.editor.CubeMxEditor$12$1.createSwingComponent(CubeMxEditor.java:1068) ~[com.st.stm32cube.common.mx_6.12.0.202406281431/:?]
	at com.st.stm32cube.common.mx.oss.core.awtswtbridge.EmbeddedSwingComposite.doComponentCreation(EmbeddedSwingComposite.java:492) ~[com.st.stm32cube.common.mx.oss_6.12.0.202406281431/:?]
	at com.st.stm32cube.common.mx.oss.core.awtswtbridge.EmbeddedSwingComposite$4.run(EmbeddedSwingComposite.java:291) ~[com.st.stm32cube.common.mx.oss_6.12.0.202406281431/:?]
	at com.st.stm32cube.common.mx.oss.core.awtswtbridge.AwtEnvironment$2.run(AwtEnvironment.java:166) ~[com.st.stm32cube.common.mx.oss_6.12.0.202406281431/:?]
	at java.awt.event.InvocationEvent.dispatch(InvocationEvent.java:318) ~[?:?]
	at java.awt.EventQueue.dispatchEventImpl(EventQueue.java:773) ~[?:?]
	at java.awt.EventQueue$4.run(EventQueue.java:720) ~[?:?]
	at java.awt.EventQueue$4.run(EventQueue.java:714) ~[?:?]
	at java.security.AccessController.doPrivileged(AccessController.java:399) ~[?:?]
	at java.security.ProtectionDomain$JavaSecurityAccessImpl.doIntersectionPrivilege(ProtectionDomain.java:86) ~[?:?]
	at java.awt.EventQueue.dispatchEvent(EventQueue.java:742) ~[?:?]
	at java.awt.EventDispatchThread.pumpOneEventForFilters(EventDispatchThread.java:203) ~[?:?]
	at java.awt.EventDispatchThread.pumpEventsForFilter(EventDispatchThread.java:124) ~[?:?]
	at java.awt.EventDispatchThread.pumpEventsForHierarchy(EventDispatchThread.java:113) ~[?:?]
	at java.awt.EventDispatchThread.pumpEvents(EventDispatchThread.java:109) ~[?:?]
	at java.awt.EventDispatchThread.pumpEvents(EventDispatchThread.java:101) ~[?:?]
	at java.awt.EventDispatchThread.run(EventDispatchThread.java:90) ~[?:?]
2025-03-21 09:41:16,709 [WARN] ThirdParty:871 - waiting for thirdparty lock release [close project]
2025-03-21 09:41:16,709 [INFO] ThirdParty:873 - entering critical section [close project]
2025-03-21 09:41:16,709 [INFO] ThirdParty:883 - exiting critical section [close project]
2025-03-21 09:41:16,713 [INFO] PinOutPanel:1561 - setPackage(No Configuration,No Configuration)
2025-03-21 09:41:16,715 [INFO] AI:968 - onDisable adding AI com.st.microxplorer.plugins.ip.ai.AI@1c42fc44 on STMicroelectronics.X-CUBE-AI.10.0.0
2025-03-21 09:41:16,724 [INFO] UtilMem:75 - Begin LoadConfig() Used Memory: 890957736 Bytes (1073741824)
2025-03-21 09:41:16,728 [INFO] MicroXplorer:468 - Change Database Path : 
2025-03-21 09:41:16,728 [INFO] MicroXplorer:498 - Change Database Version : DB.6.0.120
2025-03-21 09:41:16,728 [INFO] OpenFileManager:332 - Change cursor
2025-03-21 09:41:16,786 [INFO] RulesReader:64 - Compatibility file has been processed (297 Rules)
2025-03-21 09:41:16,814 [INFO] Mcu:2032 - Initializing MCU STM32L4R9A(G-I)Ix STM32L4R9AIIx STM32L4R9AII6
2025-03-21 09:41:24,117 [INFO] Context:742 - Trying to add GPIOservice into a context  which must be forbidden
2025-03-21 09:41:25,128 [INFO] ApiDbMcu:508 - Load IP Config File for STMicroelectronics.X-CUBE-AI.10.0.0
2025-03-21 09:41:25,568 [INFO] RtosManager:555 - Registered RTOS mode: class=CMSIS, group=RTOS, mode=CMSIS_V1, owner=FREERTOS
2025-03-21 09:41:25,568 [INFO] RtosManager:555 - Registered RTOS mode: class=CMSIS, group=RTOS2, mode=CMSIS_V2, owner=FREERTOS
2025-03-21 09:41:25,568 [INFO] RtosManager:555 - Registered RTOS mode: class=RTOS, group=Core, mode=CMSIS_V1, owner=FREERTOS
2025-03-21 09:41:25,568 [INFO] RtosManager:555 - Registered RTOS mode: class=RTOS, group=Core, mode=CMSIS_V2, owner=FREERTOS
2025-03-21 09:41:25,568 [WARN] ModelIntegratedComponent:184 - Missing modes for component STMicroelectronics:FreeRTOS:0.0.1:STMicroelectronics:RTOS:FreeRTOS:Core:::10.2.0:
2025-03-21 09:41:25,580 [WARN] ModelIntegratedComponent:63 - No mode defined for component null
2025-03-21 09:41:25,580 [WARN] ModelIntegratedComponent:63 - No mode defined for component null
2025-03-21 09:41:25,580 [WARN] ModelIntegratedComponent:63 - No mode defined for component null
2025-03-21 09:41:25,580 [WARN] ModelIntegratedComponent:63 - No mode defined for component null
2025-03-21 09:41:25,580 [WARN] ModelIntegratedComponent:63 - No mode defined for component null
2025-03-21 09:41:25,580 [WARN] ModelIntegratedComponent:63 - No mode defined for component null
2025-03-21 09:41:25,580 [WARN] ModelIntegratedComponent:63 - No mode defined for component null
2025-03-21 09:41:25,581 [WARN] ModelIntegratedComponent:63 - No mode defined for component null
2025-03-21 09:41:25,581 [WARN] ModelIntegratedComponent:63 - No mode defined for component null
2025-03-21 09:41:25,581 [WARN] ModelIntegratedComponent:63 - No mode defined for component null
2025-03-21 09:41:25,581 [WARN] ModelIntegratedComponent:63 - No mode defined for component null
2025-03-21 09:41:25,581 [WARN] ModelIntegratedComponent:63 - No mode defined for component null
2025-03-21 09:41:25,581 [WARN] ModelIntegratedComponent:63 - No mode defined for component null
2025-03-21 09:41:25,581 [WARN] ModelIntegratedComponent:63 - No mode defined for component null
2025-03-21 09:41:25,581 [WARN] ModelIntegratedComponent:63 - No mode defined for component null
2025-03-21 09:41:25,581 [WARN] ModelIntegratedComponent:63 - No mode defined for component null
2025-03-21 09:41:25,581 [WARN] ModelIntegratedComponent:63 - No mode defined for component null
2025-03-21 09:41:25,581 [WARN] ModelIntegratedComponent:63 - No mode defined for component null
2025-03-21 09:41:25,582 [WARN] ModelIntegratedComponent:63 - No mode defined for component null
2025-03-21 09:41:25,582 [WARN] ModelIntegratedComponent:63 - No mode defined for component null
2025-03-21 09:41:25,582 [WARN] ModelIntegratedComponent:63 - No mode defined for component null
2025-03-21 09:41:25,582 [WARN] ModelIntegratedComponent:63 - No mode defined for component null
2025-03-21 09:41:25,582 [WARN] ModelIntegratedComponent:63 - No mode defined for component null
2025-03-21 09:41:25,582 [WARN] ModelIntegratedComponent:63 - No mode defined for component null
2025-03-21 09:41:25,582 [WARN] ModelIntegratedComponent:63 - No mode defined for component null
2025-03-21 09:41:25,582 [WARN] ModelIntegratedComponent:63 - No mode defined for component null
2025-03-21 09:41:25,582 [WARN] ModelIntegratedComponent:63 - No mode defined for component null
2025-03-21 09:41:25,582 [WARN] ModelIntegratedComponent:63 - No mode defined for component null
2025-03-21 09:41:25,582 [WARN] ModelIntegratedComponent:63 - No mode defined for component null
2025-03-21 09:41:25,582 [WARN] ModelIntegratedComponent:63 - No mode defined for component null
2025-03-21 09:41:25,583 [WARN] ModelIntegratedComponent:63 - No mode defined for component null
2025-03-21 09:41:25,583 [WARN] ModelIntegratedComponent:63 - No mode defined for component null
2025-03-21 09:41:25,583 [WARN] ModelIntegratedComponent:63 - No mode defined for component null
2025-03-21 09:41:25,583 [WARN] ModelIntegratedComponent:63 - No mode defined for component null
2025-03-21 09:41:25,583 [WARN] ModelIntegratedComponent:63 - No mode defined for component null
2025-03-21 09:41:25,583 [WARN] ModelPack:524 - Component already loaded: STMicroelectronics:HAL Drivers:0.0.0:STMicroelectronics:Device:STMicro_Driver:XSPI:HAL::0.0.1:HAL_XSPI
2025-03-21 09:41:26,619 [INFO] Middleware:612 - instanceName : STMicroelectronics.X-CUBE-AI.10.0.0 bspName : COM Port check condition failed for : !SEMDeviceJjApplicationJjApplicationTemplate
2025-03-21 09:41:26,619 [INFO] Middleware:612 - instanceName : STMicroelectronics.X-CUBE-AI.10.0.0 bspName : COM Port check condition failed for : !SEMDeviceJjApplicationJjApplicationTemplate
2025-03-21 09:41:26,619 [INFO] Middleware:612 - instanceName : STMicroelectronics.X-CUBE-AI.10.0.0 bspName : COM Port check condition failed for : !SEMDeviceJjApplicationJjApplicationTemplate
2025-03-21 09:41:26,660 [INFO] ThirdPartyModel:298 - Start build external matchings
2025-03-21 09:41:30,683 [INFO] ThirdPartyModel:316 - End build external matchings
2025-03-21 09:41:30,729 [INFO] ImportTextPane:205 - (OptionalMessage_ERROR) IP (RCC) : Parameter (DSIFreq_Value) has invalid value (64000000)
2025-03-21 09:41:30,729 [INFO] ImportTextPane:205 - (OptionalMessage_ERROR) IP (RCC) : Parameter (DSIRXEscFreq_Value) has invalid value (100000000)
2025-03-21 09:41:30,729 [INFO] ImportTextPane:205 - (OptionalMessage_ERROR) IP (RCC) : Invalid parameter (FamilyName)
2025-03-21 09:41:30,729 [INFO] ImportTextPane:205 - (OptionalMessage_ERROR) IP (RCC) : Invalid parameter (LTDCCLKoutputFreq_Value)
2025-03-21 09:41:30,730 [INFO] ImportTextPane:205 - (OptionalMessage_ERROR) IP (RCC) : Parameter (PLLDSIFreq_Value) has invalid value (512000000)
2025-03-21 09:41:30,730 [INFO] ImportTextPane:205 - (OptionalMessage_ERROR) IP (RCC) : Parameter (PLLDSIVCOFreq_Value) has invalid value (1024000000)
2025-03-21 09:41:30,731 [INFO] ImportTextPane:205 - (OptionalMessage_ERROR) IP (RCC) : Invalid parameter (SDIOFreq_Value)
2025-03-21 09:41:30,738 [INFO] ImportTextPane:205 - (OptionalMessage_ERROR) IP (STMicroelectronics.X-CUBE-AI.10.0.0) : Parameter (ModelName) has Id (e7202a7dc3442564aff9ae2f839d331ee249c720a91223bedd371705b8eea04d) currently not set
2025-03-21 09:41:30,739 [INFO] ImportTextPane:205 - (OptionalMessage_ERROR) IP (STMicroelectronics.X-CUBE-AI.10.0.0) : Parameter (ModelKind) has Id (e7202a7dc3442564aff9ae2f839d331ee249c720a91223bedd371705b8eea04d) currently not set
2025-03-21 09:41:30,739 [INFO] ImportTextPane:205 - (OptionalMessage_ERROR) IP (STMicroelectronics.X-CUBE-AI.10.0.0) : Parameter (ModelCompression) has Id (e7202a7dc3442564aff9ae2f839d331ee249c720a91223bedd371705b8eea04d) currently not set
2025-03-21 09:41:30,739 [INFO] ImportTextPane:205 - (OptionalMessage_ERROR) IP (STMicroelectronics.X-CUBE-AI.10.0.0) : Parameter (ModelStructureFile) has Id (e7202a7dc3442564aff9ae2f839d331ee249c720a91223bedd371705b8eea04d) currently not set
2025-03-21 09:41:30,739 [INFO] ImportTextPane:205 - (OptionalMessage_ERROR) IP (STMicroelectronics.X-CUBE-AI.10.0.0) : Invalid parameter (LatestDirectoryUsed)
2025-03-21 09:41:30,739 [INFO] ImportTextPane:205 - (OptionalMessage_ERROR) IP (STMicroelectronics.X-CUBE-AI.10.0.0) : Invalid parameter (ValidationInputFileHistory)
2025-03-21 09:41:30,739 [INFO] ImportTextPane:205 - (OptionalMessage_ERROR) IP (STMicroelectronics.X-CUBE-AI.10.0.0) : Parameter (ModelActualCompression) has Id (e7202a7dc3442564aff9ae2f839d331ee249c720a91223bedd371705b8eea04d) currently not set
2025-03-21 09:41:30,739 [INFO] ImportTextPane:205 - (OptionalMessage_ERROR) IP (STMicroelectronics.X-CUBE-AI.10.0.0) : Parameter (ModelFlashOccupation) has Id (e7202a7dc3442564aff9ae2f839d331ee249c720a91223bedd371705b8eea04d) currently not set
2025-03-21 09:41:30,739 [INFO] ImportTextPane:205 - (OptionalMessage_ERROR) IP (STMicroelectronics.X-CUBE-AI.10.0.0) : Parameter (ModelMacc) has Id (e7202a7dc3442564aff9ae2f839d331ee249c720a91223bedd371705b8eea04d) currently not set
2025-03-21 09:41:30,739 [INFO] ImportTextPane:205 - (OptionalMessage_ERROR) IP (STMicroelectronics.X-CUBE-AI.10.0.0) : Parameter (ModelRamOccupation) has Id (e7202a7dc3442564aff9ae2f839d331ee249c720a91223bedd371705b8eea04d) currently not set
2025-03-21 09:41:30,740 [INFO] ImportTextPane:205 - (OptionalMessage_ERROR) IP (STMicroelectronics.X-CUBE-AI.10.0.0) : Parameter (ModelType) has Id (e7202a7dc3442564aff9ae2f839d331ee249c720a91223bedd371705b8eea04d) currently not set
2025-03-21 09:41:30,740 [INFO] ImportTextPane:205 - (OptionalMessage_ERROR) IP (STMicroelectronics.X-CUBE-AI.10.0.0) : Invalid parameter (ValidationOutputFileHistory)
2025-03-21 09:41:30,740 [INFO] ImportTextPane:205 - (OptionalMessage_ERROR) IP (STMicroelectronics.X-CUBE-AI.10.0.0) : Invalid parameter (ValidationInputFile)
2025-03-21 09:41:30,740 [INFO] ImportTextPane:205 - (OptionalMessage_ERROR) IP (STMicroelectronics.X-CUBE-AI.10.0.0) : Invalid parameter (ValidationOutputFile)
2025-03-21 09:41:30,740 [INFO] ImportTextPane:205 - (OptionalMessage_ERROR) IP (STMicroelectronics.X-CUBE-AI.10.0.0) : Invalid parameter (useInputAllocation)
2025-03-21 09:41:30,740 [INFO] ImportTextPane:205 - (OptionalMessage_ERROR) IP (STMicroelectronics.X-CUBE-AI.10.0.0) : Invalid parameter (useOutputAllocation)
2025-03-21 09:41:30,740 [INFO] ImportTextPane:205 - (OptionalMessage_ERROR) IP (STMicroelectronics.X-CUBE-AI.10.0.0) : Invalid parameter (customLayerConfigEnabled)
2025-03-21 09:41:30,740 [INFO] ImportTextPane:205 - (OptionalMessage_ERROR) IP (STMicroelectronics.X-CUBE-AI.10.0.0) : Invalid parameter (noOnnxIoTranspose)
2025-03-21 09:41:30,740 [INFO] ImportTextPane:205 - (OptionalMessage_ERROR) IP (STMicroelectronics.X-CUBE-AI.10.0.0) : Invalid parameter (MaximumNumberOfInputLayer)
2025-03-21 09:41:30,740 [INFO] ImportTextPane:205 - (OptionalMessage_ERROR) IP (STMicroelectronics.X-CUBE-AI.10.0.0) : Invalid parameter (MaximumNumberOfOutputLayer)
2025-03-21 09:41:30,740 [INFO] ImportTextPane:205 - (OptionalMessage_ERROR) IP (STMicroelectronics.X-CUBE-AI.10.0.0) : Parameter (copyWeightToRam) has Id (e7202a7dc3442564aff9ae2f839d331ee249c720a91223bedd371705b8eea04d) currently not set
2025-03-21 09:41:30,740 [INFO] ImportTextPane:205 - (OptionalMessage_ERROR) IP (STMicroelectronics.X-CUBE-AI.10.0.0) : Invalid parameter (useInputAllocation)
2025-03-21 09:41:30,741 [INFO] ImportTextPane:205 - (OptionalMessage_ERROR) IP (STMicroelectronics.X-CUBE-AI.10.0.0) : Invalid parameter (useOutputAllocation)
2025-03-21 09:41:30,741 [INFO] ImportTextPane:205 - (OptionalMessage_ERROR) IP (STMicroelectronics.X-CUBE-AI.10.0.0) : Invalid parameter (customLayerConfigEnabled)
2025-03-21 09:41:30,741 [INFO] ImportTextPane:205 - (OptionalMessage_ERROR) IP (STMicroelectronics.X-CUBE-AI.10.0.0) : Invalid parameter (noOnnxIoTranspose)
2025-03-21 09:41:31,850 [INFO] UtilMem:75 - End LoadConfig() Used Memory: 942466800 Bytes (1073741824)
2025-03-21 09:41:31,958 [WARN] ThirdParty:833 - waiting for thirdparty lock release [change project]
2025-03-21 09:41:31,959 [INFO] ThirdParty:835 - entering critical section [change project]
2025-03-21 09:41:31,959 [INFO] ThirdParty:1030 - CMSIS Pack Vendor :STMicroelectronics USBPD 4.1
2025-03-21 09:41:31,959 [INFO] ThirdParty:1030 - CMSIS Pack Vendor :STMicroelectronics X-CUBE-GNSS1 6.0.0
2025-03-21 09:41:31,959 [INFO] ThirdParty:1030 - CMSIS Pack Vendor :STMicroelectronics USB_HOST 2.0.0
2025-03-21 09:41:31,959 [INFO] ThirdParty:1030 - CMSIS Pack Vendor :STMicroelectronics FP-SNS-MOTENVWB1 1.4.0
2025-03-21 09:41:31,959 [INFO] ThirdParty:1030 - CMSIS Pack Vendor :STMicroelectronics X-CUBE-AZRTOS-F4 1.1.0
2025-03-21 09:41:31,959 [INFO] ThirdParty:1030 - CMSIS Pack Vendor :STMicroelectronics LIBJPEG 8.0.0
2025-03-21 09:41:31,959 [INFO] ThirdParty:1030 - CMSIS Pack Vendor :STMicroelectronics FP-ATR-ASTRA1 2.0.2
2025-03-21 09:41:31,959 [INFO] ThirdParty:1030 - CMSIS Pack Vendor :STMicroelectronics FP-ATR-ASTRA1 2.0.1
2025-03-21 09:41:31,959 [INFO] ThirdParty:1030 - CMSIS Pack Vendor :wolfSSL I-CUBE-wolfSSL 5.6.3
2025-03-21 09:41:31,959 [INFO] ThirdParty:1030 - CMSIS Pack Vendor :STMicroelectronics X-CUBE-SMBUS 2.1.0
2025-03-21 09:41:31,959 [INFO] ThirdParty:1030 - CMSIS Pack Vendor :STMicroelectronics X-CUBE-WB05N 1.1.0
2025-03-21 09:41:31,960 [INFO] ThirdParty:1030 - CMSIS Pack Vendor :STMicroelectronics X-CUBE-ISPU 2.1.0
2025-03-21 09:41:31,960 [INFO] ThirdParty:1030 - CMSIS Pack Vendor :STMicroelectronics X-CUBE-FREERTOS 1.2.0
2025-03-21 09:41:31,960 [INFO] ThirdParty:1030 - CMSIS Pack Vendor :STMicroelectronics X-CUBE-TOUCHGFX 4.23.1
2025-03-21 09:41:31,960 [INFO] ThirdParty:1030 - CMSIS Pack Vendor :STMicroelectronics X-CUBE-TOUCHGFX 4.23.0
2025-03-21 09:41:31,960 [INFO] ThirdParty:1030 - CMSIS Pack Vendor :STMicroelectronics X-CUBE-TOUCHGFX 4.23.2
2025-03-21 09:41:31,960 [INFO] ThirdParty:1030 - CMSIS Pack Vendor :STMicroelectronics X-CUBE-AZRTOS-F7 1.1.0
2025-03-21 09:41:31,960 [INFO] ThirdParty:1030 - CMSIS Pack Vendor :STMicroelectronics X-CUBE-AZRTOS-L5 2.0.0
2025-03-21 09:41:31,960 [INFO] ThirdParty:1030 - CMSIS Pack Vendor :STMicroelectronics USB_DEVICE 2.0.0
2025-03-21 09:41:31,960 [INFO] ThirdParty:1030 - CMSIS Pack Vendor :STMicroelectronics X-CUBE-EEPRMA1 4.2.0
2025-03-21 09:41:31,960 [INFO] ThirdParty:1030 - CMSIS Pack Vendor :STMicroelectronics X-CUBE-NFC6 3.1.0
2025-03-21 09:41:31,961 [INFO] ThirdParty:1030 - CMSIS Pack Vendor :ITTIA_DB I-CUBE-ITTIADB 8.8.0
2025-03-21 09:41:31,961 [INFO] ThirdParty:1030 - CMSIS Pack Vendor :STMicroelectronics FP-SNS-MOTENV1 4.3.2
2025-03-21 09:41:31,961 [INFO] ThirdParty:1030 - CMSIS Pack Vendor :STMicroelectronics X-CUBE-MEMS1 11.0.0
2025-03-21 09:41:31,961 [INFO] ThirdParty:1030 - CMSIS Pack Vendor :STMicroelectronics FreeRTOS 0.0.1
2025-03-21 09:41:31,961 [INFO] ThirdParty:1030 - CMSIS Pack Vendor :STMicroelectronics X-CUBE-BLEMGR 2.0.0
2025-03-21 09:41:31,961 [INFO] ThirdParty:1030 - CMSIS Pack Vendor :STMicroelectronics X-CUBE-DPower 1.2.0
2025-03-21 09:41:31,961 [INFO] ThirdParty:1030 - CMSIS Pack Vendor :STMicroelectronics FP-SNS-FLIGHT1 5.0.2
2025-03-21 09:41:31,961 [INFO] ThirdParty:1030 - CMSIS Pack Vendor :STMicroelectronics X-CUBE-AI 9.0.0
2025-03-21 09:41:31,961 [INFO] ThirdParty:1030 - CMSIS Pack Vendor :STMicroelectronics X-CUBE-AZRTOS-H7 3.1.0
2025-03-21 09:41:31,961 [INFO] ThirdParty:1030 - CMSIS Pack Vendor :STMicroelectronics PDM2PCM 3.3.0
2025-03-21 09:41:31,961 [INFO] ThirdParty:1030 - CMSIS Pack Vendor :STMicroelectronics X-CUBE-DISPLAY 3.0.0
2025-03-21 09:41:31,961 [INFO] ThirdParty:1030 - CMSIS Pack Vendor :STMicroelectronics X-CUBE-BLE1 7.0.0
2025-03-21 09:41:31,962 [INFO] ThirdParty:1030 - CMSIS Pack Vendor :STMicroelectronics X-CUBE-NFC10 1.0.0
2025-03-21 09:41:31,962 [INFO] ThirdParty:1030 - CMSIS Pack Vendor :STMicroelectronics X-CUBE-BLEMGR 4.0.0
2025-03-21 09:41:31,962 [INFO] ThirdParty:1030 - CMSIS Pack Vendor :STMicroelectronics HAL Drivers 0.0.0
2025-03-21 09:41:31,962 [INFO] ThirdParty:1030 - CMSIS Pack Vendor :emotas I-CUBE-CANOPEN 1.3.0
2025-03-21 09:41:31,962 [INFO] ThirdParty:1030 - CMSIS Pack Vendor :STMicroelectronics X-CUBE-FREERTOS 1.3.0
2025-03-21 09:41:31,962 [INFO] ThirdParty:1030 - CMSIS Pack Vendor :STMicroelectronics X-CUBE-NFC7 1.0.1
2025-03-21 09:41:31,962 [INFO] ThirdParty:1030 - CMSIS Pack Vendor :STMicroelectronics MBEDTLS 2.14.1
2025-03-21 09:41:31,962 [INFO] ThirdParty:1030 - CMSIS Pack Vendor :STMicroelectronics X-CUBE-TOUCHGFX 4.22.1
2025-03-21 09:41:31,962 [INFO] ThirdParty:1030 - CMSIS Pack Vendor :wolfSSL I-CUBE-wolfTPM 3.2.0
2025-03-21 09:41:31,962 [INFO] ThirdParty:1030 - CMSIS Pack Vendor :STMicroelectronics X-CUBE-NFC6 3.0.0
2025-03-21 09:41:31,962 [INFO] ThirdParty:1030 - CMSIS Pack Vendor :STMicroelectronics X-CUBE-EEPRMA1 4.1.0
2025-03-21 09:41:31,962 [INFO] ThirdParty:1030 - CMSIS Pack Vendor :STMicroelectronics X-CUBE-BLEMGR 3.1.0
2025-03-21 09:41:31,963 [INFO] ThirdParty:1030 - CMSIS Pack Vendor :STMicroelectronics X-CUBE-AI 10.0.0
2025-03-21 09:41:31,963 [INFO] ThirdParty:1030 - CMSIS Pack Vendor :STMicroelectronics FP-SNS-SMARTAG2 1.2.0
2025-03-21 09:41:31,963 [INFO] ThirdParty:1030 - CMSIS Pack Vendor :STMicroelectronics X-CUBE-MEMS1 11.1.0
2025-03-21 09:41:31,963 [INFO] ThirdParty:1030 - CMSIS Pack Vendor :STMicroelectronics X-CUBE-AZRTOS-WL 2.0.0
2025-03-21 09:41:31,963 [INFO] ThirdParty:1030 - CMSIS Pack Vendor :STMicroelectronics FP-SNS-MOTENV1 5.0.0
2025-03-21 09:41:31,963 [INFO] ThirdParty:1030 - CMSIS Pack Vendor :STMicroelectronics USB_DEVICE 1.0.0
2025-03-21 09:41:31,963 [INFO] ThirdParty:1030 - CMSIS Pack Vendor :STMicroelectronics X-CUBE-AI 8.1.0
2025-03-21 09:41:31,963 [INFO] ThirdParty:1030 - CMSIS Pack Vendor :wolfSSL I-CUBE-wolfMQTT 1.19.0
2025-03-21 09:41:31,963 [INFO] ThirdParty:1030 - CMSIS Pack Vendor :STMicroelectronics X-CUBE-AZRTOS-L4 2.0.0
2025-03-21 09:41:31,963 [INFO] ThirdParty:1030 - CMSIS Pack Vendor :STMicroelectronics ThreadX 0.0.2
2025-03-21 09:41:31,963 [INFO] ThirdParty:1030 - CMSIS Pack Vendor :WES I-CUBE-Cesium 1.3.0
2025-03-21 09:41:31,963 [INFO] ThirdParty:1030 - CMSIS Pack Vendor :STMicroelectronics lwIP 2.1.2
2025-03-21 09:41:31,963 [INFO] ThirdParty:1030 - CMSIS Pack Vendor :STMicroelectronics X-CUBE-SFXS2LP1 4.0.0
2025-03-21 09:41:31,963 [INFO] ThirdParty:1030 - CMSIS Pack Vendor :STMicroelectronics X-CUBE-BLE2 3.3.0
2025-03-21 09:41:31,964 [INFO] ThirdParty:1030 - CMSIS Pack Vendor :STMicroelectronics PDM2PCM 3.2.0
2025-03-21 09:41:31,964 [INFO] ThirdParty:1030 - CMSIS Pack Vendor :STMicroelectronics X-CUBE-ISPU 1.1.0
2025-03-21 09:41:31,964 [INFO] ThirdParty:1030 - CMSIS Pack Vendor :STMicroelectronics X-CUBE-AZRTOS-H7 3.3.0
2025-03-21 09:41:31,964 [INFO] ThirdParty:1030 - CMSIS Pack Vendor :STMicroelectronics X-CUBE-NFC9 1.0.0
2025-03-21 09:41:31,964 [INFO] ThirdParty:1030 - CMSIS Pack Vendor :STMicroelectronics X-CUBE-BLE1 7.1.0
2025-03-21 09:41:31,964 [INFO] ThirdParty:1030 - CMSIS Pack Vendor :STMicroelectronics USB_DEVICE 3.0.0
2025-03-21 09:41:31,964 [INFO] ThirdParty:1030 - CMSIS Pack Vendor :STMicroelectronics X-CUBE-TCPP 4.1.0
2025-03-21 09:41:31,964 [INFO] ThirdParty:1030 - CMSIS Pack Vendor :STMicroelectronics X-CUBE-IPS 3.0.0
2025-03-21 09:41:31,964 [INFO] ThirdParty:1030 - CMSIS Pack Vendor :STMicroelectronics X-CUBE-AZRTOS-WB 2.0.0
2025-03-21 09:41:31,964 [INFO] ThirdParty:1030 - CMSIS Pack Vendor :STMicroelectronics X-CUBE-GNSS1 7.0.0
2025-03-21 09:41:31,964 [INFO] ThirdParty:1030 - CMSIS Pack Vendor :STMicroelectronics X-CUBE-GNSS1 7.0.1
2025-03-21 09:41:31,964 [INFO] ThirdParty:1030 - CMSIS Pack Vendor :STMicroelectronics X-CUBE-TOUCHGFX 4.25.0
2025-03-21 09:41:31,965 [INFO] ThirdParty:1030 - CMSIS Pack Vendor :STMicroelectronics FP-SNS-STBOX1 2.0.0
2025-03-21 09:41:31,965 [INFO] ThirdParty:1030 - CMSIS Pack Vendor :STMicroelectronics X-CUBE-ALGOBUILD 1.3.0
2025-03-21 09:41:31,965 [INFO] ThirdParty:1030 - CMSIS Pack Vendor :STMicroelectronics X-CUBE-AZRTOS-G0 1.1.0
2025-03-21 09:41:31,965 [INFO] ThirdParty:1030 - CMSIS Pack Vendor :STMicroelectronics X-CUBE-SAFEA1 1.2.2
2025-03-21 09:41:31,965 [INFO] ThirdParty:1030 - CMSIS Pack Vendor :STMicroelectronics X-CUBE-NFC4 3.0.0
2025-03-21 09:41:31,966 [INFO] ThirdParty:1030 - CMSIS Pack Vendor :STMicroelectronics X-CUBE-SUBG2 5.0.0
2025-03-21 09:41:31,966 [INFO] ThirdParty:1030 - CMSIS Pack Vendor :STMicroelectronics X-CUBE-AZRTOS-H7RS 1.1.0
2025-03-21 09:41:31,966 [INFO] ThirdParty:1030 - CMSIS Pack Vendor :STMicroelectronics STM32_WPAN 1.0.0
2025-03-21 09:41:31,966 [INFO] ThirdParty:1030 - CMSIS Pack Vendor :wolfSSL I-CUBE-wolfMQTT 1.18.0
2025-03-21 09:41:31,966 [INFO] ThirdParty:1030 - CMSIS Pack Vendor :EmbeddedOffice I-CUBE-FS-RTOS 1.0.1
2025-03-21 09:41:31,966 [INFO] ThirdParty:1030 - CMSIS Pack Vendor :STMicroelectronics lwIP 2.0.3
2025-03-21 09:41:31,966 [INFO] ThirdParty:1030 - CMSIS Pack Vendor :STMicroelectronics USB_HOST 1.0.0
2025-03-21 09:41:31,966 [INFO] ThirdParty:1030 - CMSIS Pack Vendor :STMicroelectronics X-CUBE-TOF1 3.3.1
2025-03-21 09:41:31,966 [INFO] ThirdParty:1030 - CMSIS Pack Vendor :STMicroelectronics X-CUBE-AZRTOS-G4 2.0.0
2025-03-21 09:41:31,966 [INFO] ThirdParty:1030 - CMSIS Pack Vendor :STMicroelectronics PDM2PCM 3.1.0
2025-03-21 09:41:31,966 [INFO] ThirdParty:1030 - CMSIS Pack Vendor :Infineon AIROC-Wi-Fi-Bluetooth-STM32 1.5.1
2025-03-21 09:41:31,966 [INFO] ThirdParty:1030 - CMSIS Pack Vendor :STMicroelectronics X-CUBE-BLEMGR 3.0.0
2025-03-21 09:41:31,967 [INFO] ThirdParty:1030 - CMSIS Pack Vendor :RealThread X-CUBE-RT-Thread_Nano 4.1.1
2025-03-21 09:41:31,967 [INFO] ThirdParty:1030 - CMSIS Pack Vendor :STMicroelectronics FP-SNS-MOTENVWB1 1.3.1
2025-03-21 09:41:31,967 [INFO] ThirdParty:1030 - CMSIS Pack Vendor :STMicroelectronics FP-ATR-SIGFOX1 3.2.0
2025-03-21 09:41:31,967 [INFO] ThirdParty:1030 - CMSIS Pack Vendor :quantropi X-CUBE-qispace-sdk-base 1.9.3
2025-03-21 09:41:31,967 [INFO] ThirdParty:1030 - CMSIS Pack Vendor :STMicroelectronics X-CUBE-ISPU 2.0.0
2025-03-21 09:41:31,967 [INFO] ThirdParty:1030 - CMSIS Pack Vendor :STMicroelectronics X-CUBE-EEPRMA1 5.1.0
2025-03-21 09:41:31,967 [INFO] ThirdParty:1030 - CMSIS Pack Vendor :STMicroelectronics MBEDTLS 2.16.2
2025-03-21 09:41:31,967 [INFO] ThirdParty:1030 - CMSIS Pack Vendor :STMicroelectronics X-CUBE-ALS 1.0.2
2025-03-21 09:41:31,967 [INFO] ThirdParty:1030 - CMSIS Pack Vendor :STMicroelectronics X-CUBE-MEMS1 10.0.0
2025-03-21 09:41:31,967 [INFO] ThirdParty:1030 - CMSIS Pack Vendor :STMicroelectronics X-CUBE-FREERTOS 1.1.0
2025-03-21 09:41:31,967 [INFO] ThirdParty:1030 - CMSIS Pack Vendor :STMicroelectronics X-CUBE-TOUCHGFX 4.24.0
2025-03-21 09:41:31,968 [INFO] ThirdParty:1030 - CMSIS Pack Vendor :STMicroelectronics X-CUBE-TOUCHGFX 4.24.2
2025-03-21 09:41:31,968 [INFO] ThirdParty:1030 - CMSIS Pack Vendor :STMicroelectronics X-CUBE-TOUCHGFX 4.24.1
2025-03-21 09:41:31,968 [INFO] ThirdParty:1030 - CMSIS Pack Vendor :portGmbH I-Cube-SoM-uGOAL 1.1.0
2025-03-21 09:41:31,968 [INFO] ThirdParty:1030 - CMSIS Pack Vendor :STMicroelectronics X-CUBE-ALS 1.0.1
2025-03-21 09:41:31,969 [INFO] ThirdParty:1030 - CMSIS Pack Vendor :STMicroelectronics ThreadX 1.0.0
2025-03-21 09:41:31,971 [INFO] ThirdParty:1030 - CMSIS Pack Vendor :SEGGER I-CUBE-embOS 1.3.1
2025-03-21 09:41:31,971 [INFO] ThirdParty:1030 - CMSIS Pack Vendor :STMicroelectronics X-CUBE-ALGOBUILD 1.4.0
2025-03-21 09:41:31,971 [INFO] ThirdParty:1030 - CMSIS Pack Vendor :STMicroelectronics X-CUBE-AZRTOS-H7RS 1.0.0
2025-03-21 09:41:31,971 [INFO] ThirdParty:1030 - CMSIS Pack Vendor :STMicroelectronics FP-ATR-ASTRA1 2.0.0
2025-03-21 09:41:31,972 [INFO] ThirdParty:1030 - CMSIS Pack Vendor :STMicroelectronics X-CUBE-TOF1 3.4.2
2025-03-21 09:41:31,972 [INFO] ThirdParty:1030 - CMSIS Pack Vendor :STMicroelectronics X-CUBE-AI 9.1.0
2025-03-21 09:41:31,972 [INFO] ThirdParty:1030 - CMSIS Pack Vendor :STMicroelectronics X-CUBE-TOF1 3.4.0
2025-03-21 09:41:31,972 [INFO] ThirdParty:1030 - CMSIS Pack Vendor :STMicroelectronics X-CUBE-TOF1 3.4.1
2025-03-21 09:41:31,972 [INFO] ThirdParty:1030 - CMSIS Pack Vendor :STMicroelectronics X-CUBE-AZRTOS-H7 3.2.0
2025-03-21 09:41:31,972 [INFO] ThirdParty:1030 - CMSIS Pack Vendor :wolfSSL I-CUBE-wolfSSH 1.4.17
2025-03-21 09:41:31,972 [INFO] ThirdParty:841 - exiting critical section [change project]
2025-03-21 09:41:32,521 [INFO] PinOutPanel:1561 - setPackage(No Configuration,No Configuration)
2025-03-21 09:41:32,529 [INFO] PinOutPanel:1561 - setPackage(STM32L4R9AIIx,UFBGA169)
2025-03-21 09:41:33,417 [INFO] UtilMem:75 - Before build in PCC Used Memory: 917351944 Bytes (1073741824)
2025-03-21 09:41:34,349 [INFO] UtilMem:75 - After build in PCC Used Memory: 911064184 Bytes (1073741824)
2025-03-21 09:41:34,349 [INFO] Middleware:612 - instanceName : STMicroelectronics.X-CUBE-AI.10.0.0 bspName : COM Port check condition failed for : !SEMDeviceJjApplicationJjApplicationTemplate
2025-03-21 09:41:34,350 [INFO] Middleware:612 - instanceName : STMicroelectronics.X-CUBE-AI.10.0.0 bspName : COM Port check condition failed for : !SEMDeviceJjApplicationJjApplicationTemplate
2025-03-21 09:41:34,350 [INFO] Middleware:612 - instanceName : STMicroelectronics.X-CUBE-AI.10.0.0 bspName : COM Port check condition failed for : !SEMDeviceJjApplicationJjApplicationTemplate
2025-03-21 09:41:34,412 [INFO] IPUIPlugin:80 - create IPUIPlugin
2025-03-21 09:41:34,412 [INFO] IPUIPlugin:80 - create IPUIPlugin
2025-03-21 09:41:34,412 [INFO] IPUIPlugin:80 - create IPUIPlugin
2025-03-21 09:41:34,412 [INFO] IPUIPlugin:80 - create IPUIPlugin
2025-03-21 09:41:34,412 [INFO] IPUIPlugin:80 - create IPUIPlugin
2025-03-21 09:41:34,413 [INFO] IPUIPlugin:80 - create IPUIPlugin
2025-03-21 09:41:34,413 [INFO] IPUIPlugin:80 - create IPUIPlugin
2025-03-21 09:41:34,413 [INFO] IPUIPlugin:80 - create IPUIPlugin
2025-03-21 09:41:34,413 [INFO] IPUIPlugin:80 - create IPUIPlugin
2025-03-21 09:41:34,414 [INFO] IPUIPlugin:80 - create IPUIPlugin
2025-03-21 09:41:34,414 [INFO] IPUIPlugin:80 - create IPUIPlugin
2025-03-21 09:41:34,414 [INFO] IPUIPlugin:80 - create IPUIPlugin
2025-03-21 09:41:34,414 [INFO] IPUIPlugin:80 - create IPUIPlugin
2025-03-21 09:41:34,415 [INFO] IPUIPlugin:80 - create IPUIPlugin
2025-03-21 09:41:34,415 [INFO] IPUIPlugin:80 - create IPUIPlugin
2025-03-21 09:41:34,415 [INFO] IPUIPlugin:80 - create IPUIPlugin
2025-03-21 09:41:34,415 [INFO] IPUIPlugin:80 - create IPUIPlugin
2025-03-21 09:41:34,415 [INFO] IPUIPlugin:80 - create IPUIPlugin
2025-03-21 09:41:34,416 [INFO] IPUIPlugin:80 - create IPUIPlugin
2025-03-21 09:41:34,416 [INFO] IPUIPlugin:80 - create IPUIPlugin
2025-03-21 09:41:34,416 [INFO] IPUIPlugin:80 - create IPUIPlugin
2025-03-21 09:41:34,417 [INFO] IPUIPlugin:80 - create IPUIPlugin
2025-03-21 09:41:34,417 [INFO] IPUIPlugin:80 - create IPUIPlugin
2025-03-21 09:41:34,418 [INFO] IPUIPlugin:80 - create IPUIPlugin
2025-03-21 09:41:34,418 [INFO] IPUIPlugin:80 - create IPUIPlugin
2025-03-21 09:41:34,418 [INFO] IPUIPlugin:80 - create IPUIPlugin
2025-03-21 09:41:34,419 [INFO] IPUIPlugin:80 - create IPUIPlugin
2025-03-21 09:41:34,419 [INFO] IPUIPlugin:80 - create IPUIPlugin
2025-03-21 09:41:34,420 [INFO] IPUIPlugin:80 - create IPUIPlugin
2025-03-21 09:41:34,421 [INFO] IPUIPlugin:80 - create IPUIPlugin
2025-03-21 09:41:34,421 [INFO] IPUIPlugin:80 - create IPUIPlugin
2025-03-21 09:41:34,422 [INFO] IPUIPlugin:80 - create IPUIPlugin
2025-03-21 09:41:34,422 [INFO] IPUIPlugin:80 - create IPUIPlugin
2025-03-21 09:41:34,423 [INFO] IPUIPlugin:80 - create IPUIPlugin
2025-03-21 09:41:34,423 [INFO] IPUIPlugin:80 - create IPUIPlugin
2025-03-21 09:41:34,423 [INFO] IPUIPlugin:80 - create IPUIPlugin
2025-03-21 09:41:34,424 [INFO] IPUIPlugin:80 - create IPUIPlugin
2025-03-21 09:41:34,425 [INFO] IPUIPlugin:80 - create IPUIPlugin
2025-03-21 09:41:34,426 [INFO] IPUIPlugin:80 - create IPUIPlugin
2025-03-21 09:41:34,427 [INFO] IPUIPlugin:80 - create IPUIPlugin
2025-03-21 09:41:34,427 [INFO] IPUIPlugin:80 - create IPUIPlugin
2025-03-21 09:41:34,428 [INFO] IPUIPlugin:80 - create IPUIPlugin
2025-03-21 09:41:34,431 [INFO] IPUIPlugin:80 - create IPUIPlugin
2025-03-21 09:41:34,431 [INFO] IPUIPlugin:80 - create IPUIPlugin
2025-03-21 09:41:34,432 [INFO] IPUIPlugin:80 - create IPUIPlugin
2025-03-21 09:41:34,433 [INFO] IPUIPlugin:80 - create IPUIPlugin
2025-03-21 09:41:34,433 [INFO] IPUIPlugin:80 - create IPUIPlugin
2025-03-21 09:41:34,434 [INFO] IPUIPlugin:80 - create IPUIPlugin
2025-03-21 09:41:34,434 [INFO] IPUIPlugin:80 - create IPUIPlugin
2025-03-21 09:41:34,435 [INFO] IPUIPlugin:80 - create IPUIPlugin
2025-03-21 09:41:34,436 [INFO] IPUIPlugin:80 - create IPUIPlugin
2025-03-21 09:41:34,437 [INFO] IPUIPlugin:80 - create IPUIPlugin
2025-03-21 09:41:34,438 [INFO] IPUIPlugin:80 - create IPUIPlugin
2025-03-21 09:41:34,438 [INFO] IPUIPlugin:80 - create IPUIPlugin
2025-03-21 09:41:34,439 [INFO] IPUIPlugin:80 - create IPUIPlugin
2025-03-21 09:41:34,440 [INFO] IPUIPlugin:80 - create IPUIPlugin
2025-03-21 09:41:34,440 [INFO] IPUIPlugin:80 - create IPUIPlugin
2025-03-21 09:41:34,441 [INFO] IPUIPlugin:80 - create IPUIPlugin
2025-03-21 09:41:34,442 [INFO] IPUIPlugin:80 - create IPUIPlugin
2025-03-21 09:41:34,443 [INFO] IPUIPlugin:80 - create IPUIPlugin
2025-03-21 09:41:34,443 [INFO] IPUIPlugin:80 - create IPUIPlugin
2025-03-21 09:41:34,444 [INFO] IPUIPlugin:80 - create IPUIPlugin
2025-03-21 09:41:34,445 [INFO] IPUIPlugin:80 - create IPUIPlugin
2025-03-21 09:41:34,446 [INFO] IPUIPlugin:80 - create IPUIPlugin
2025-03-21 09:41:34,447 [INFO] IPUIPlugin:80 - create IPUIPlugin
2025-03-21 09:41:34,449 [INFO] AI:968 - onDisable adding AI com.st.microxplorer.plugins.ip.ai.AI@65cb30c4 on STMicroelectronics.X-CUBE-AI.10.0.0
2025-03-21 09:41:34,741 [INFO] CADModel:165 - CPN selected for project levelSTM32L4R9AII6
2025-03-21 09:41:34,742 [INFO] CADModel:114 - Register for checkConnection events
2025-03-21 09:41:34,847 [INFO] OpenFileManager:363 - Restore cursor
2025-03-21 09:41:35,293 [INFO] AIMainUI:1270 - Restoring parameters from IP...
2025-03-21 09:41:35,293 [INFO] AIMainUI:1393 - No old model detected
2025-03-21 09:41:35,301 [ERROR] N6Profiles:77 - java.io.FileNotFoundException: C:\Users\hugoc\STM32Cube\Repository\Packs\STMicroelectronics\X-CUBE-AI\10.0.0\scripts\N6_scripts\user_neuralart.json (Le chemin d’accès spécifié est introuvable)
2025-03-21 09:41:35,310 [INFO] AInterface:114 - AInterface using toolDir: C:/Users/hugoc/STM32Cube/Repository/Packs/STMicroelectronics/X-CUBE-AI/10.0.0/Utilities/windows
2025-03-21 09:41:35,316 [INFO] AIModelDetailledView:2372 - Analysis status: -
2025-03-21 09:41:35,319 [INFO] AIModelDetailledView:930 - Selected model: Keras
2025-03-21 09:41:35,406 [INFO] AIModelDetailledView:2372 - Analysis status: done
2025-03-21 09:41:42,581 [INFO] AI:951 - getUI adding AI com.st.microxplorer.plugins.ip.ai.AI@65cb30c4 on STMicroelectronics.X-CUBE-AI.10.0.0
2025-03-21 09:41:42,581 [INFO] Middleware:612 - instanceName : STMicroelectronics.X-CUBE-AI.10.0.0 bspName : COM Port check condition failed for : !SEMDeviceJjApplicationJjApplicationTemplate
2025-03-21 09:41:42,581 [INFO] Middleware:612 - instanceName : STMicroelectronics.X-CUBE-AI.10.0.0 bspName : COM Port check condition failed for : !SEMDeviceJjApplicationJjApplicationTemplate
2025-03-21 09:41:42,581 [INFO] Middleware:612 - instanceName : STMicroelectronics.X-CUBE-AI.10.0.0 bspName : COM Port check condition failed for : !SEMDeviceJjApplicationJjApplicationTemplate
2025-03-21 09:42:00,433 [INFO] AIModelDetailledView:2372 - Analysis status: -
2025-03-21 09:42:11,990 [INFO] AInterface:254 - ModelName:model_v1; files:[C:\Users\hugoc\OneDrive\Documents\Hugo\ISMIN\Cours\S8\Ia_Data\IA_embarque\Github\IA_Embarque\COLAB\Model_V1.h5]; type:Keras; compression:None
2025-03-21 09:42:11,991 [INFO] AInterface:519 - workspaceTempDir: C:/Users/hugoc/AppData/Local/Temp/mxAI_workspace424884288420012622323319113979804
2025-03-21 09:42:11,992 [INFO] AInterface:1132 - Setting Env: C:/Users/hugoc/STM32Cube/Repository/Packs/STMicroelectronics/X-CUBE-AI/10.0.0/Utilities/windows
2025-03-21 09:42:12,017 [INFO] STM32CubeIDEBuilder:265 - Looking for gnu-tools-for-stm32 tools/bin/arm-none-eabi-gcc.exe in C:\ST\STM32CubeIDE_1.13.1\STM32CubeIDE
2025-03-21 09:42:12,072 [INFO] STM32CubeIDEBuilder:294 - checking C:\ST\STM32CubeIDE_1.13.1\STM32CubeIDE\plugins\com.st.stm32cube.ide.mcu.externaltools.gnu-tools-for-stm32.12.3.rel1.win32_1.0.200.202406191623\tools\bin\arm-none-eabi-gcc.exe
2025-03-21 09:42:12,075 [INFO] STM32CubeIDEBuilder:297 - ret=C:\ST\STM32CubeIDE_1.13.1\STM32CubeIDE\plugins\com.st.stm32cube.ide.mcu.externaltools.gnu-tools-for-stm32.12.3.rel1.win32_1.0.200.202406191623\tools\bin\arm-none-eabi-gcc.exe
2025-03-21 09:42:12,076 [INFO] STM32CubeIDEBuilder:311 - returning C:\ST\STM32CubeIDE_1.13.1\STM32CubeIDE\plugins\com.st.stm32cube.ide.mcu.externaltools.gnu-tools-for-stm32.12.3.rel1.win32_1.0.200.202406191623\tools\bin\arm-none-eabi-gcc.exe
2025-03-21 09:42:12,077 [INFO] AInterface:1189 - Custom PATH variable: C:/Users/hugoc/STM32Cube/Repository/Packs/STMicroelectronics/X-CUBE-AI/10.0.0/Utilities/windows;C:/Users/hugoc/STM32Cube/Repository/Packs/STMicroelectronics/X-CUBE-AI/10.0.0/Utilities/windows/mingw64/bin;C:/Users/hugoc/STM32Cube/Repository/Packs/STMicroelectronics/X-CUBE-AI/10.0.0/Utilities/windows/mingw64/libexec/gcc/x86_64-w64-mingw32/7.3.0;;C:\ST\STM32CubeIDE_1.13.1\STM32CubeIDE\plugins\com.st.stm32cube.ide.mcu.externaltools.gnu-tools-for-stm32.12.3.rel1.win32_1.0.200.202406191623\tools\bin
2025-03-21 09:42:12,078 [INFO] CmdLine:109 - Command: C:/Users/hugoc/STM32Cube/Repository/Packs/STMicroelectronics/X-CUBE-AI/10.0.0/Utilities/windows/stedgeai.exe analyze --target stm32l4 --name model_v1 -m C:/Users/hugoc/OneDrive/Documents/Hugo/ISMIN/Cours/S8/Ia_Data/IA_embarque/Github/IA_Embarque/COLAB/Model_V1.h5 --compression none --verbosity 1 --workspace C:/Users/hugoc/AppData/Local/Temp/mxAI_workspace424884288420012622323319113979804 --output C:/Users/hugoc/.stm32cubemx/model_v1_output
2025-03-21 09:42:12,092 [INFO] AIModelDetailledView:2372 - Analysis status: pending
2025-03-21 09:42:16,124 [INFO] CmdLine:74 - ST Edge AI Core v2.0.0-20049
2025-03-21 09:42:51,785 [INFO] CmdLine:74 - Creating c (debug) info json file C:\Users\hugoc\AppData\Local\Temp\mxAI_workspace424884288420012622323319113979804\model_v1_c_info.json
2025-03-21 09:42:52,033 [INFO] CmdLine:74 -  
2025-03-21 09:42:52,033 [INFO] CmdLine:74 -  Exec/report summary (analyze)
2025-03-21 09:42:52,034 [INFO] CmdLine:74 -  ----------------------------------------------------------------------------------------------------------------------------------------
2025-03-21 09:42:52,034 [INFO] CmdLine:74 -  model file         :   C:\Users\hugoc\OneDrive\Documents\Hugo\ISMIN\Cours\S8\Ia_Data\IA_embarque\Github\IA_Embarque\COLAB\Model_V1.h5   
2025-03-21 09:42:52,035 [INFO] CmdLine:74 -  type               :   keras                                                                                                            
2025-03-21 09:42:52,037 [INFO] CmdLine:74 -  c_name             :   model_v1                                                                                                         
2025-03-21 09:42:52,038 [INFO] CmdLine:74 -  compression        :   none                                                                                                             
2025-03-21 09:42:52,039 [INFO] CmdLine:74 -  options            :   allocate-inputs, allocate-outputs                                                                                
2025-03-21 09:42:52,041 [INFO] CmdLine:74 -  optimization       :   balanced                                                                                                         
2025-03-21 09:42:52,042 [INFO] CmdLine:74 -  target/series      :   stm32l4                                                                                                          
2025-03-21 09:42:52,043 [INFO] CmdLine:74 -  workspace dir      :   C:\Users\hugoc\AppData\Local\Temp\mxAI_workspace424884288420012622323319113979804                                
2025-03-21 09:42:52,044 [INFO] CmdLine:74 -  output dir         :   C:\Users\hugoc\.stm32cubemx\model_v1_output                                                                      
2025-03-21 09:42:52,044 [INFO] CmdLine:74 -  model_fmt          :   float                                                                                                            
2025-03-21 09:42:52,044 [INFO] CmdLine:74 -  model_name         :   Model_V1                                                                                                         
2025-03-21 09:42:52,045 [INFO] CmdLine:74 -  model_hash         :   0x2ac21b7b6d50788773a4495e0a84f8a1                                                                               
2025-03-21 09:42:52,045 [INFO] CmdLine:74 -  params #           :   9,029 items (35.27 KiB)                                                                                          
2025-03-21 09:42:52,046 [INFO] CmdLine:74 -  ----------------------------------------------------------------------------------------------------------------------------------------
2025-03-21 09:42:52,046 [INFO] CmdLine:74 -  input 1/1          :   'input_0', f32(1x5), 20 Bytes, activations                                                                       
2025-03-21 09:42:52,047 [INFO] CmdLine:74 -  output 1/1         :   'dense_7', f32(1x5), 20 Bytes, activations                                                                       
2025-03-21 09:42:52,047 [INFO] CmdLine:74 -  macc               :   10,448                                                                                                           
2025-03-21 09:42:52,047 [INFO] CmdLine:74 -  weights (ro)       :   36,116 B (35.27 KiB) (1 segment)                                                                                 
2025-03-21 09:42:52,048 [INFO] CmdLine:74 -  activations (rw)   :   512 B (512 B) (1 segment) *                                                                                      
2025-03-21 09:42:52,048 [INFO] CmdLine:74 -  ram (total)        :   512 B (512 B) = 512 + 0 + 0                                                                                      
2025-03-21 09:42:52,049 [INFO] CmdLine:74 -  ----------------------------------------------------------------------------------------------------------------------------------------
2025-03-21 09:42:52,049 [INFO] CmdLine:74 -  (*) 'input'/'output' buffers can be used from the activations buffer
2025-03-21 09:42:52,057 [INFO] CmdLine:74 - Computing AI RT data/code size (target=stm32l4)..
2025-03-21 09:42:58,366 [INFO] CmdLine:74 -  Model name - Model_V1
2025-03-21 09:42:58,367 [INFO] CmdLine:74 -  ------ ----------------------- ------------ -------------- ------- ---------------
2025-03-21 09:42:58,367 [INFO] CmdLine:74 -  m_id   layer (original)        oshape       param/size        macc    connected to
2025-03-21 09:42:58,368 [INFO] CmdLine:74 -  ------ ----------------------- ------------ -------------- ------- ---------------
2025-03-21 09:42:58,369 [INFO] CmdLine:74 -  0      input_0 (None)          [b:1,c:5]
2025-03-21 09:42:58,370 [INFO] CmdLine:74 -         dense_4_dense (Dense)   [b:1,c:64]   384/1,536          384         input_0
2025-03-21 09:42:58,371 [INFO] CmdLine:74 -         dense_4 (Dense)         [b:1,c:64]                       64   dense_4_dense
2025-03-21 09:42:58,371 [INFO] CmdLine:74 -  ------ ----------------------- ------------ -------------- ------- ---------------
2025-03-21 09:42:58,372 [INFO] CmdLine:74 -  2      dense_5_dense (Dense)   [b:1,c:64]   4,160/16,640     4,160         dense_4
2025-03-21 09:42:58,372 [INFO] CmdLine:74 -         dense_5 (Dense)         [b:1,c:64]                      640   dense_5_dense
2025-03-21 09:42:58,373 [INFO] CmdLine:74 -  ------ ----------------------- ------------ -------------- ------- ---------------
2025-03-21 09:42:58,374 [INFO] CmdLine:74 -  4      dense_6_dense (Dense)   [b:1,c:64]   4,160/16,640     4,160         dense_5
2025-03-21 09:42:58,375 [INFO] CmdLine:74 -         dense_6 (Dense)         [b:1,c:64]                      640   dense_6_dense
2025-03-21 09:42:58,376 [INFO] CmdLine:74 -  ------ ----------------------- ------------ -------------- ------- ---------------
2025-03-21 09:42:58,376 [INFO] CmdLine:74 -  6      dense_7_dense (Dense)   [b:1,c:5]    325/1,300          325         dense_6
2025-03-21 09:42:58,377 [INFO] CmdLine:74 -         dense_7 (Dense)         [b:1,c:5]                        75   dense_7_dense
2025-03-21 09:42:58,378 [INFO] CmdLine:74 -  ------ ----------------------- ------------ -------------- ------- ---------------
2025-03-21 09:42:58,378 [INFO] CmdLine:74 -  model: macc=10,448 weights=36,116 activations=-- io=--
2025-03-21 09:42:58,379 [INFO] CmdLine:74 -  Number of operations per c-layer
2025-03-21 09:42:58,379 [INFO] CmdLine:74 -  ------- ------ ------------------------ -------- --------------
2025-03-21 09:42:58,380 [INFO] CmdLine:74 -  c_id    m_id   name (type)                   #op           type
2025-03-21 09:42:58,380 [INFO] CmdLine:74 -  ------- ------ ------------------------ -------- --------------
2025-03-21 09:42:58,381 [INFO] CmdLine:74 -  0       0      dense_4_dense (Dense)         384   smul_f32_f32
2025-03-21 09:42:58,382 [INFO] CmdLine:74 -  1       0      dense_4 (Nonlinearity)         64     op_f32_f32
2025-03-21 09:42:58,382 [INFO] CmdLine:74 -  2       2      dense_5_dense (Dense)       4,160   smul_f32_f32
2025-03-21 09:42:58,383 [INFO] CmdLine:74 -  3       2      dense_5 (Nonlinearity)        640     op_f32_f32
2025-03-21 09:42:58,383 [INFO] CmdLine:74 -  4       4      dense_6_dense (Dense)       4,160   smul_f32_f32
2025-03-21 09:42:58,384 [INFO] CmdLine:74 -  5       4      dense_6 (Nonlinearity)        640     op_f32_f32
2025-03-21 09:42:58,384 [INFO] CmdLine:74 -  6       6      dense_7_dense (Dense)         325   smul_f32_f32
2025-03-21 09:42:58,385 [INFO] CmdLine:74 -  7       6      dense_7 (Nonlinearity)         75     op_f32_f32
2025-03-21 09:42:58,385 [INFO] CmdLine:74 -  ------- ------ ------------------------ -------- --------------
2025-03-21 09:42:58,386 [INFO] CmdLine:74 -  total                                     10,448
2025-03-21 09:42:58,387 [INFO] CmdLine:74 -  Number of operation types
2025-03-21 09:42:58,387 [INFO] CmdLine:74 -  ---------------- ------- -----------
2025-03-21 09:42:58,388 [INFO] CmdLine:74 -  operation type         #           %
2025-03-21 09:42:58,388 [INFO] CmdLine:74 -  ---------------- ------- -----------
2025-03-21 09:42:58,389 [INFO] CmdLine:74 -  smul_f32_f32       9,029       86.4%
2025-03-21 09:42:58,389 [INFO] CmdLine:74 -  op_f32_f32         1,419       13.6%
2025-03-21 09:42:58,390 [INFO] CmdLine:74 -  Complexity report (model)
2025-03-21 09:42:58,391 [INFO] CmdLine:74 -  ------ --------------- ------------------------- ------------------------- --------
2025-03-21 09:42:58,393 [INFO] CmdLine:74 -  m_id   name            c_macc                    c_rom                     c_id
2025-03-21 09:42:58,393 [INFO] CmdLine:74 -  ------ --------------- ------------------------- ------------------------- --------
2025-03-21 09:42:58,394 [INFO] CmdLine:74 -  0      input_0         ||                 4.3%   ||                 4.3%   [0, 1]
2025-03-21 09:42:58,395 [INFO] CmdLine:74 -  2      dense_5_dense   ||||||||||||||||  45.9%   ||||||||||||||||  46.1%   [2, 3]
2025-03-21 09:42:58,395 [INFO] CmdLine:74 -  4      dense_6_dense   ||||||||||||||||  45.9%   ||||||||||||||||  46.1%   [4, 5]
2025-03-21 09:42:58,396 [INFO] CmdLine:74 -  6      dense_7_dense   ||                 3.8%   ||                 3.6%   [6, 7]
2025-03-21 09:42:58,396 [INFO] CmdLine:74 -  ------ --------------- ------------------------- ------------------------- --------
2025-03-21 09:42:58,397 [INFO] CmdLine:74 -  macc=10,448 weights=36,116 act=512 ram_io=0
2025-03-21 09:42:58,398 [INFO] CmdLine:74 -  Requested memory size by section - "stm32l4" target
2025-03-21 09:42:58,398 [INFO] CmdLine:74 -  ------------------------------ ------- -------- ------- -----
2025-03-21 09:42:58,399 [INFO] CmdLine:74 -  module                            text   rodata    data   bss
2025-03-21 09:42:58,434 [INFO] CmdLine:74 -  ------------------------------ ------- -------- ------- -----
2025-03-21 09:42:58,434 [INFO] CmdLine:74 -  NetworkRuntime1000_CM4_GCC.a     7,136        0       0     0
2025-03-21 09:42:58,435 [INFO] CmdLine:74 -  model_v1.o                         606       64   2,236   160
2025-03-21 09:42:58,436 [INFO] CmdLine:74 -  model_v1_data.o                     48       16      88     0
2025-03-21 09:42:58,436 [INFO] CmdLine:74 -  lib (toolchain)*                 1,432       24      12     0
2025-03-21 09:42:58,436 [INFO] CmdLine:74 -  ------------------------------ ------- -------- ------- -----
2025-03-21 09:42:58,437 [INFO] CmdLine:74 -  RT total**                       9,222      104   2,336   160
2025-03-21 09:42:58,437 [INFO] CmdLine:74 -  ------------------------------ ------- -------- ------- -----
2025-03-21 09:42:58,438 [INFO] CmdLine:74 -  weights                              0   36,120       0     0
2025-03-21 09:42:58,438 [INFO] CmdLine:74 -  activations                          0        0       0   512
2025-03-21 09:42:58,439 [INFO] CmdLine:74 -  io                                   0        0       0     0
2025-03-21 09:42:58,440 [INFO] CmdLine:74 -  ------------------------------ ------- -------- ------- -----
2025-03-21 09:42:58,440 [INFO] CmdLine:74 -  TOTAL                            9,222   36,224   2,336   672
2025-03-21 09:42:58,441 [INFO] CmdLine:74 -  ------------------------------ ------- -------- ------- -----
2025-03-21 09:42:58,442 [INFO] CmdLine:74 -  *  toolchain objects (libm/libgcc*)
2025-03-21 09:42:58,443 [INFO] CmdLine:74 -  ** RT AI runtime objects (kernels+infrastructure)
2025-03-21 09:42:58,443 [INFO] CmdLine:74 -   Summary - "stm32l4" target
2025-03-21 09:42:58,446 [INFO] CmdLine:74 -   ---------------------------------------------------
2025-03-21 09:42:58,447 [INFO] CmdLine:74 -                FLASH (ro)      %*   RAM (rw)       %
2025-03-21 09:42:58,448 [INFO] CmdLine:74 -   ---------------------------------------------------
2025-03-21 09:42:58,448 [INFO] CmdLine:74 -   RT total         11,662   24.4%      2,496   83.0%
2025-03-21 09:42:58,449 [INFO] CmdLine:74 -   ---------------------------------------------------
2025-03-21 09:42:58,450 [INFO] CmdLine:74 -   TOTAL            47,782              3,008
2025-03-21 09:42:58,450 [INFO] CmdLine:74 -   ---------------------------------------------------
2025-03-21 09:42:58,451 [INFO] CmdLine:74 -   *  rt/total
2025-03-21 09:42:58,451 [INFO] CmdLine:74 - Creating txt report file C:\Users\hugoc\.stm32cubemx\model_v1_output\model_v1_analyze_report.txt
2025-03-21 09:43:01,967 [INFO] CmdLine:74 - elapsed time (analyze): 45.841s
2025-03-21 09:43:02,984 [INFO] CmdLine:142 - stedgeai exit with status: 0
2025-03-21 09:43:03,079 [INFO] AIModelDetailledView:1176 - Model file:      Model_V1.h5
2025-03-21 09:43:03,080 [INFO] AIModelDetailledView:1176 - Total Flash:     47778 B (46.66 KiB)
2025-03-21 09:43:03,081 [INFO] AIModelDetailledView:1176 -     Weights:     36116 B (35.27 KiB)
2025-03-21 09:43:03,082 [INFO] AIModelDetailledView:1176 -     Library:     11662 B (11.39 KiB)
2025-03-21 09:43:03,085 [INFO] AIModelDetailledView:1176 - Total Ram:       3020 B (2.95 KiB)
2025-03-21 09:43:03,085 [INFO] AIModelDetailledView:1176 -     Activations: 524 B
2025-03-21 09:43:03,086 [INFO] AIModelDetailledView:1176 -     Library:     2496 B (2.44 KiB)
2025-03-21 09:43:03,087 [INFO] AIModelDetailledView:1176 -     Input:       20 B (included in Activations)
2025-03-21 09:43:03,087 [INFO] AIModelDetailledView:1176 -     Output:      20 B (included in Activations)
2025-03-21 09:43:03,087 [INFO] AIModelDetailledView:1176 - Done
2025-03-21 09:43:03,088 [INFO] AIModelDetailledView:2707 - Analyze complete on AI model
2025-03-21 09:43:03,092 [INFO] AIModelDetailledView:2372 - Analysis status: done
2025-03-21 09:43:07,558 [INFO] AIModelDetailledView:1053 - Model path:  C:\Users\hugoc\OneDrive\Documents\Hugo\ISMIN\Cours\S8\Ia_Data\IA_embarque\TP1_IA_Emb\.ai\model_v1_Model_V1.h5_c_info.json
2025-03-21 09:43:17,728 [INFO] UtilMem:75 - End SaveConfig() Used Memory: 903739448 Bytes (1073741824)
2025-03-21 09:43:18,970 [INFO] Middleware:612 - instanceName : STMicroelectronics.X-CUBE-AI.10.0.0 bspName : COM Port check condition failed for : !SEMDeviceJjApplicationJjApplicationTemplate
2025-03-21 09:43:18,970 [INFO] Middleware:612 - instanceName : STMicroelectronics.X-CUBE-AI.10.0.0 bspName : COM Port check condition failed for : !SEMDeviceJjApplicationJjApplicationTemplate
2025-03-21 09:43:18,970 [INFO] Middleware:612 - instanceName : STMicroelectronics.X-CUBE-AI.10.0.0 bspName : COM Port check condition failed for : !SEMDeviceJjApplicationJjApplicationTemplate
2025-03-21 09:43:18,970 [INFO] Middleware:612 - instanceName : STMicroelectronics.X-CUBE-AI.10.0.0 bspName : COM Port check condition failed for : !SEMDeviceJjApplicationJjApplicationTemplate
2025-03-21 09:43:18,970 [INFO] Middleware:612 - instanceName : STMicroelectronics.X-CUBE-AI.10.0.0 bspName : COM Port check condition failed for : !SEMDeviceJjApplicationJjApplicationTemplate
2025-03-21 09:43:18,970 [INFO] Middleware:612 - instanceName : STMicroelectronics.X-CUBE-AI.10.0.0 bspName : COM Port check condition failed for : !SEMDeviceJjApplicationJjApplicationTemplate
2025-03-21 09:43:19,032 [INFO] Middleware:612 - instanceName : STMicroelectronics.X-CUBE-AI.10.0.0 bspName : COM Port check condition failed for : !SEMDeviceJjApplicationJjApplicationTemplate
2025-03-21 09:43:19,032 [INFO] Middleware:612 - instanceName : STMicroelectronics.X-CUBE-AI.10.0.0 bspName : COM Port check condition failed for : !SEMDeviceJjApplicationJjApplicationTemplate
2025-03-21 09:43:19,032 [INFO] Middleware:612 - instanceName : STMicroelectronics.X-CUBE-AI.10.0.0 bspName : COM Port check condition failed for : !SEMDeviceJjApplicationJjApplicationTemplate
2025-03-21 09:43:19,032 [INFO] Middleware:612 - instanceName : STMicroelectronics.X-CUBE-AI.10.0.0 bspName : COM Port check condition failed for : !SEMDeviceJjApplicationJjApplicationTemplate
2025-03-21 09:43:19,032 [INFO] Middleware:612 - instanceName : STMicroelectronics.X-CUBE-AI.10.0.0 bspName : COM Port check condition failed for : !SEMDeviceJjApplicationJjApplicationTemplate
2025-03-21 09:43:19,032 [INFO] Middleware:612 - instanceName : STMicroelectronics.X-CUBE-AI.10.0.0 bspName : COM Port check condition failed for : !SEMDeviceJjApplicationJjApplicationTemplate
2025-03-21 09:43:19,097 [INFO] Middleware:612 - instanceName : STMicroelectronics.X-CUBE-AI.10.0.0 bspName : COM Port check condition failed for : !SEMDeviceJjApplicationJjApplicationTemplate
2025-03-21 09:43:19,098 [INFO] Middleware:612 - instanceName : STMicroelectronics.X-CUBE-AI.10.0.0 bspName : COM Port check condition failed for : !SEMDeviceJjApplicationJjApplicationTemplate
2025-03-21 09:43:19,098 [INFO] Middleware:612 - instanceName : STMicroelectronics.X-CUBE-AI.10.0.0 bspName : COM Port check condition failed for : !SEMDeviceJjApplicationJjApplicationTemplate
2025-03-21 09:43:19,098 [INFO] Middleware:612 - instanceName : STMicroelectronics.X-CUBE-AI.10.0.0 bspName : COM Port check condition failed for : !SEMDeviceJjApplicationJjApplicationTemplate
2025-03-21 09:43:19,098 [INFO] Middleware:612 - instanceName : STMicroelectronics.X-CUBE-AI.10.0.0 bspName : COM Port check condition failed for : !SEMDeviceJjApplicationJjApplicationTemplate
2025-03-21 09:43:19,098 [INFO] Middleware:612 - instanceName : STMicroelectronics.X-CUBE-AI.10.0.0 bspName : COM Port check condition failed for : !SEMDeviceJjApplicationJjApplicationTemplate
2025-03-21 09:43:19,192 [INFO] Middleware:612 - instanceName : STMicroelectronics.X-CUBE-AI.10.0.0 bspName : COM Port check condition failed for : !SEMDeviceJjApplicationJjApplicationTemplate
2025-03-21 09:43:19,192 [INFO] Middleware:612 - instanceName : STMicroelectronics.X-CUBE-AI.10.0.0 bspName : COM Port check condition failed for : !SEMDeviceJjApplicationJjApplicationTemplate
2025-03-21 09:43:19,192 [INFO] Middleware:612 - instanceName : STMicroelectronics.X-CUBE-AI.10.0.0 bspName : COM Port check condition failed for : !SEMDeviceJjApplicationJjApplicationTemplate
2025-03-21 09:43:19,192 [INFO] Middleware:612 - instanceName : STMicroelectronics.X-CUBE-AI.10.0.0 bspName : COM Port check condition failed for : !SEMDeviceJjApplicationJjApplicationTemplate
2025-03-21 09:43:19,192 [INFO] Middleware:612 - instanceName : STMicroelectronics.X-CUBE-AI.10.0.0 bspName : COM Port check condition failed for : !SEMDeviceJjApplicationJjApplicationTemplate
2025-03-21 09:43:19,192 [INFO] Middleware:612 - instanceName : STMicroelectronics.X-CUBE-AI.10.0.0 bspName : COM Port check condition failed for : !SEMDeviceJjApplicationJjApplicationTemplate
2025-03-21 09:43:19,251 [INFO] Middleware:612 - instanceName : STMicroelectronics.X-CUBE-AI.10.0.0 bspName : COM Port check condition failed for : !SEMDeviceJjApplicationJjApplicationTemplate
2025-03-21 09:43:19,251 [INFO] Middleware:612 - instanceName : STMicroelectronics.X-CUBE-AI.10.0.0 bspName : COM Port check condition failed for : !SEMDeviceJjApplicationJjApplicationTemplate
2025-03-21 09:43:19,251 [INFO] Middleware:612 - instanceName : STMicroelectronics.X-CUBE-AI.10.0.0 bspName : COM Port check condition failed for : !SEMDeviceJjApplicationJjApplicationTemplate
2025-03-21 09:43:19,251 [INFO] Middleware:612 - instanceName : STMicroelectronics.X-CUBE-AI.10.0.0 bspName : COM Port check condition failed for : !SEMDeviceJjApplicationJjApplicationTemplate
2025-03-21 09:43:19,251 [INFO] Middleware:612 - instanceName : STMicroelectronics.X-CUBE-AI.10.0.0 bspName : COM Port check condition failed for : !SEMDeviceJjApplicationJjApplicationTemplate
2025-03-21 09:43:19,251 [INFO] Middleware:612 - instanceName : STMicroelectronics.X-CUBE-AI.10.0.0 bspName : COM Port check condition failed for : !SEMDeviceJjApplicationJjApplicationTemplate
2025-03-21 09:43:19,325 [INFO] Middleware:612 - instanceName : STMicroelectronics.X-CUBE-AI.10.0.0 bspName : COM Port check condition failed for : !SEMDeviceJjApplicationJjApplicationTemplate
2025-03-21 09:43:19,326 [INFO] Middleware:612 - instanceName : STMicroelectronics.X-CUBE-AI.10.0.0 bspName : COM Port check condition failed for : !SEMDeviceJjApplicationJjApplicationTemplate
2025-03-21 09:43:19,326 [INFO] Middleware:612 - instanceName : STMicroelectronics.X-CUBE-AI.10.0.0 bspName : COM Port check condition failed for : !SEMDeviceJjApplicationJjApplicationTemplate
2025-03-21 09:43:19,326 [INFO] Middleware:612 - instanceName : STMicroelectronics.X-CUBE-AI.10.0.0 bspName : COM Port check condition failed for : !SEMDeviceJjApplicationJjApplicationTemplate
2025-03-21 09:43:19,326 [INFO] Middleware:612 - instanceName : STMicroelectronics.X-CUBE-AI.10.0.0 bspName : COM Port check condition failed for : !SEMDeviceJjApplicationJjApplicationTemplate
2025-03-21 09:43:19,326 [INFO] Middleware:612 - instanceName : STMicroelectronics.X-CUBE-AI.10.0.0 bspName : COM Port check condition failed for : !SEMDeviceJjApplicationJjApplicationTemplate
2025-03-21 09:43:19,390 [INFO] Middleware:612 - instanceName : STMicroelectronics.X-CUBE-AI.10.0.0 bspName : COM Port check condition failed for : !SEMDeviceJjApplicationJjApplicationTemplate
2025-03-21 09:43:19,390 [INFO] Middleware:612 - instanceName : STMicroelectronics.X-CUBE-AI.10.0.0 bspName : COM Port check condition failed for : !SEMDeviceJjApplicationJjApplicationTemplate
2025-03-21 09:43:19,390 [INFO] Middleware:612 - instanceName : STMicroelectronics.X-CUBE-AI.10.0.0 bspName : COM Port check condition failed for : !SEMDeviceJjApplicationJjApplicationTemplate
2025-03-21 09:43:19,390 [INFO] Middleware:612 - instanceName : STMicroelectronics.X-CUBE-AI.10.0.0 bspName : COM Port check condition failed for : !SEMDeviceJjApplicationJjApplicationTemplate
2025-03-21 09:43:19,390 [INFO] Middleware:612 - instanceName : STMicroelectronics.X-CUBE-AI.10.0.0 bspName : COM Port check condition failed for : !SEMDeviceJjApplicationJjApplicationTemplate
2025-03-21 09:43:19,391 [INFO] Middleware:612 - instanceName : STMicroelectronics.X-CUBE-AI.10.0.0 bspName : COM Port check condition failed for : !SEMDeviceJjApplicationJjApplicationTemplate
2025-03-21 09:43:19,456 [INFO] Middleware:612 - instanceName : STMicroelectronics.X-CUBE-AI.10.0.0 bspName : COM Port check condition failed for : !SEMDeviceJjApplicationJjApplicationTemplate
2025-03-21 09:43:19,456 [INFO] Middleware:612 - instanceName : STMicroelectronics.X-CUBE-AI.10.0.0 bspName : COM Port check condition failed for : !SEMDeviceJjApplicationJjApplicationTemplate
2025-03-21 09:43:19,456 [INFO] Middleware:612 - instanceName : STMicroelectronics.X-CUBE-AI.10.0.0 bspName : COM Port check condition failed for : !SEMDeviceJjApplicationJjApplicationTemplate
2025-03-21 09:43:19,457 [INFO] Middleware:612 - instanceName : STMicroelectronics.X-CUBE-AI.10.0.0 bspName : COM Port check condition failed for : !SEMDeviceJjApplicationJjApplicationTemplate
2025-03-21 09:43:19,457 [INFO] Middleware:612 - instanceName : STMicroelectronics.X-CUBE-AI.10.0.0 bspName : COM Port check condition failed for : !SEMDeviceJjApplicationJjApplicationTemplate
2025-03-21 09:43:19,457 [INFO] Middleware:612 - instanceName : STMicroelectronics.X-CUBE-AI.10.0.0 bspName : COM Port check condition failed for : !SEMDeviceJjApplicationJjApplicationTemplate
2025-03-21 09:43:19,663 [INFO] BlockDiagram:2766 - set Specific Code input for plugin: SPI
2025-03-21 09:43:19,664 [INFO] BlockDiagram:2766 - set Specific Code input for plugin: SYS
2025-03-21 09:43:19,664 [INFO] BlockDiagram:2766 - set Specific Code input for plugin: RCC
2025-03-21 09:43:19,664 [INFO] BlockDiagram:2766 - set Specific Code input for plugin: I2C
2025-03-21 09:43:19,664 [INFO] BlockDiagram:2766 - set Specific Code input for plugin: SDMMC
2025-03-21 09:43:19,664 [INFO] BlockDiagram:2766 - set Specific Code input for plugin: USB_OTG_FS
2025-03-21 09:43:19,664 [INFO] BlockDiagram:2766 - set Specific Code input for plugin: NVIC
2025-03-21 09:43:19,664 [INFO] BlockDiagram:2766 - set Specific Code input for plugin: USART
2025-03-21 09:43:19,664 [INFO] BlockDiagram:2766 - set Specific Code input for plugin: USART
2025-03-21 09:43:19,664 [INFO] BlockDiagram:2766 - set Specific Code input for plugin: FMC
2025-03-21 09:43:19,664 [INFO] BlockDiagram:2766 - set Specific Code input for plugin: STMicroelectronics.X-CUBE-AI.10.0.0
2025-03-21 09:43:19,666 [INFO] BlockDiagram:2766 - set Specific Code input for plugin: GPIO
2025-03-21 09:43:19,666 [INFO] BlockDiagram:2766 - set Specific Code input for plugin: SAI
2025-03-21 09:43:19,673 [INFO] CodeGenerator:807 - code generatio: config db path: C:\ST\STM32CubeIDE_1.13.1\STM32CubeIDE\plugins\com.st.stm32cube.common.mx_6.12.0.202406281431\\db\
2025-03-21 09:43:20,044 [INFO] IP:3348 - RTE Config file name : RTE_Component
2025-03-21 09:43:20,044 [INFO] IP:3366 - RTE template : RTE_Components.ftl
2025-03-21 09:43:20,131 [INFO] CodeEngine:255 - oldGeneratedFile, C:\Users\hugoc\OneDrive\Documents\Hugo\ISMIN\Cours\S8\Ia_Data\IA_embarque\TP1_IA_Emb\MXTmpFiles\license.tmp_save
2025-03-21 09:43:20,377 [INFO] CodeEngine:279 - Generated code: C:\Users\hugoc\OneDrive\Documents\Hugo\ISMIN\Cours\S8\Ia_Data\IA_embarque\TP1_IA_Emb\MXTmpFiles\license.tmp
2025-03-21 09:43:21,459 [INFO] CodeEngine:255 - oldGeneratedFile, C:\Users\hugoc\OneDrive\Documents\Hugo\ISMIN\Cours\S8\Ia_Data\IA_embarque\TP1_IA_Emb\MXTmpFiles\gpio.tmp_save
2025-03-21 09:43:21,713 [INFO] CodeEngine:279 - Generated code: C:\Users\hugoc\OneDrive\Documents\Hugo\ISMIN\Cours\S8\Ia_Data\IA_embarque\TP1_IA_Emb\MXTmpFiles\gpio.tmp
2025-03-21 09:43:29,562 [WARN] IPConfigManager:3005 - Warning: the RefConfig PWREx_EnableUSBVoltageDetector is not available in your config.xml file
2025-03-21 09:43:29,588 [INFO] Middleware:1439 - No code input for Bsp Dependency
2025-03-21 09:43:29,589 [INFO] Middleware:1439 - No code input for Bsp Dependency
2025-03-21 09:43:29,590 [INFO] IP:3348 - RTE Config file name : RTE_Component
2025-03-21 09:43:29,590 [INFO] IP:3366 - RTE template : RTE_Components.ftl
2025-03-21 09:43:29,683 [INFO] CodeEngine:255 - oldGeneratedFile, C:\Users\hugoc\OneDrive\Documents\Hugo\ISMIN\Cours\S8\Ia_Data\IA_embarque\TP1_IA_Emb\MXTmpFiles\mx_fmc_HC.tmp_save
2025-03-21 09:43:29,977 [INFO] CodeEngine:279 - Generated code: C:\Users\hugoc\OneDrive\Documents\Hugo\ISMIN\Cours\S8\Ia_Data\IA_embarque\TP1_IA_Emb\MXTmpFiles\mx_fmc_HC.tmp
2025-03-21 09:43:30,020 [INFO] CodeEngine:255 - oldGeneratedFile, C:\Users\hugoc\OneDrive\Documents\Hugo\ISMIN\Cours\S8\Ia_Data\IA_embarque\TP1_IA_Emb\MXTmpFiles\mx_fmc_GV.tmp_save
2025-03-21 09:43:30,214 [INFO] CodeEngine:279 - Generated code: C:\Users\hugoc\OneDrive\Documents\Hugo\ISMIN\Cours\S8\Ia_Data\IA_embarque\TP1_IA_Emb\MXTmpFiles\mx_fmc_GV.tmp
2025-03-21 09:43:30,259 [INFO] CodeEngine:255 - oldGeneratedFile, C:\Users\hugoc\OneDrive\Documents\Hugo\ISMIN\Cours\S8\Ia_Data\IA_embarque\TP1_IA_Emb\MXTmpFiles\mx_fmc_MSP.tmp_save
2025-03-21 09:43:30,475 [INFO] CodeEngine:279 - Generated code: C:\Users\hugoc\OneDrive\Documents\Hugo\ISMIN\Cours\S8\Ia_Data\IA_embarque\TP1_IA_Emb\MXTmpFiles\mx_fmc_MSP.tmp
2025-03-21 09:43:30,587 [INFO] CodeEngine:255 - oldGeneratedFile, C:\Users\hugoc\OneDrive\Documents\Hugo\ISMIN\Cours\S8\Ia_Data\IA_embarque\TP1_IA_Emb\MXTmpFiles\sai_init.tmp_save
2025-03-21 09:43:30,788 [INFO] CodeEngine:279 - Generated code: C:\Users\hugoc\OneDrive\Documents\Hugo\ISMIN\Cours\S8\Ia_Data\IA_embarque\TP1_IA_Emb\MXTmpFiles\sai_init.tmp
2025-03-21 09:43:30,816 [INFO] CodeEngine:255 - oldGeneratedFile, C:\Users\hugoc\OneDrive\Documents\Hugo\ISMIN\Cours\S8\Ia_Data\IA_embarque\TP1_IA_Emb\MXTmpFiles\sai_GV.tmp_save
2025-03-21 09:43:31,004 [INFO] CodeEngine:279 - Generated code: C:\Users\hugoc\OneDrive\Documents\Hugo\ISMIN\Cours\S8\Ia_Data\IA_embarque\TP1_IA_Emb\MXTmpFiles\sai_GV.tmp
2025-03-21 09:43:31,059 [INFO] CodeEngine:255 - oldGeneratedFile, C:\Users\hugoc\OneDrive\Documents\Hugo\ISMIN\Cours\S8\Ia_Data\IA_embarque\TP1_IA_Emb\MXTmpFiles\sai_msp.tmp_save
2025-03-21 09:43:31,281 [INFO] CodeEngine:279 - Generated code: C:\Users\hugoc\OneDrive\Documents\Hugo\ISMIN\Cours\S8\Ia_Data\IA_embarque\TP1_IA_Emb\MXTmpFiles\sai_msp.tmp
2025-03-21 09:43:31,315 [INFO] Middleware:1439 - No code input for Bsp Dependency
2025-03-21 09:43:31,316 [INFO] Middleware:1439 - No code input for Bsp Dependency
2025-03-21 09:43:31,317 [INFO] IP:3348 - RTE Config file name : RTE_Component
2025-03-21 09:43:31,317 [INFO] IP:3366 - RTE template : RTE_Components.ftl
2025-03-21 09:43:31,437 [INFO] CodeEngine:255 - oldGeneratedFile, C:\Users\hugoc\OneDrive\Documents\Hugo\ISMIN\Cours\S8\Ia_Data\IA_embarque\TP1_IA_Emb\X-CUBE-AI\App\app_x-cube-ai.h_save
2025-03-21 09:43:31,695 [INFO] CodeEngine:279 - Generated code: C:\Users\hugoc\OneDrive\Documents\Hugo\ISMIN\Cours\S8\Ia_Data\IA_embarque\TP1_IA_Emb\X-CUBE-AI\App\app_x-cube-ai.h
2025-03-21 09:43:31,755 [INFO] CodeEngine:255 - oldGeneratedFile, C:\Users\hugoc\OneDrive\Documents\Hugo\ISMIN\Cours\S8\Ia_Data\IA_embarque\TP1_IA_Emb\X-CUBE-AI\constants_ai.h_save
2025-03-21 09:43:31,978 [INFO] CodeEngine:279 - Generated code: C:\Users\hugoc\OneDrive\Documents\Hugo\ISMIN\Cours\S8\Ia_Data\IA_embarque\TP1_IA_Emb\X-CUBE-AI\constants_ai.h
2025-03-21 09:43:32,035 [INFO] CodeEngine:255 - oldGeneratedFile, C:\Users\hugoc\OneDrive\Documents\Hugo\ISMIN\Cours\S8\Ia_Data\IA_embarque\TP1_IA_Emb\X-CUBE-AI\App\app_x-cube-ai.c_save
2025-03-21 09:43:32,297 [INFO] CodeEngine:279 - Generated code: C:\Users\hugoc\OneDrive\Documents\Hugo\ISMIN\Cours\S8\Ia_Data\IA_embarque\TP1_IA_Emb\X-CUBE-AI\App\app_x-cube-ai.c
2025-03-21 09:43:32,503 [INFO] CodeEngine:255 - oldGeneratedFile, C:\Users\hugoc\OneDrive\Documents\Hugo\ISMIN\Cours\S8\Ia_Data\IA_embarque\TP1_IA_Emb\Core\Src\stm32l4xx_it.c_save
2025-03-21 09:43:32,951 [INFO] CodeEngine:279 - Generated code: C:\Users\hugoc\OneDrive\Documents\Hugo\ISMIN\Cours\S8\Ia_Data\IA_embarque\TP1_IA_Emb\Core\Src\stm32l4xx_it.c
2025-03-21 09:43:33,007 [INFO] CodeEngine:255 - oldGeneratedFile, C:\Users\hugoc\OneDrive\Documents\Hugo\ISMIN\Cours\S8\Ia_Data\IA_embarque\TP1_IA_Emb\Core\Inc\stm32l4xx_it.h_save
2025-03-21 09:43:33,233 [INFO] CodeEngine:279 - Generated code: C:\Users\hugoc\OneDrive\Documents\Hugo\ISMIN\Cours\S8\Ia_Data\IA_embarque\TP1_IA_Emb\Core\Inc\stm32l4xx_it.h
2025-03-21 09:43:33,257 [INFO] IP:3348 - RTE Config file name : RTE_Component
2025-03-21 09:43:33,257 [INFO] IP:3366 - RTE template : RTE_Components.ftl
2025-03-21 09:43:33,258 [INFO] CodeGenerator:2153 - Add RTE Code Input 
2025-03-21 09:43:33,356 [INFO] CodeEngine:255 - oldGeneratedFile, C:\Users\hugoc\OneDrive\Documents\Hugo\ISMIN\Cours\S8\Ia_Data\IA_embarque\TP1_IA_Emb\Core\Inc\RTE_Components.h_save
2025-03-21 09:43:33,643 [INFO] CodeEngine:279 - Generated code: C:\Users\hugoc\OneDrive\Documents\Hugo\ISMIN\Cours\S8\Ia_Data\IA_embarque\TP1_IA_Emb\Core\Inc\RTE_Components.h
2025-03-21 09:43:33,797 [INFO] CodeEngine:255 - oldGeneratedFile, C:\Users\hugoc\OneDrive\Documents\Hugo\ISMIN\Cours\S8\Ia_Data\IA_embarque\TP1_IA_Emb\MXTmpFiles\sai_init.tmp_save
2025-03-21 09:43:34,027 [INFO] CodeEngine:279 - Generated code: C:\Users\hugoc\OneDrive\Documents\Hugo\ISMIN\Cours\S8\Ia_Data\IA_embarque\TP1_IA_Emb\MXTmpFiles\sai_init.tmp
2025-03-21 09:43:34,080 [INFO] CodeEngine:255 - oldGeneratedFile, C:\Users\hugoc\OneDrive\Documents\Hugo\ISMIN\Cours\S8\Ia_Data\IA_embarque\TP1_IA_Emb\MXTmpFiles\sai_GV.tmp_save
2025-03-21 09:43:34,284 [INFO] CodeEngine:279 - Generated code: C:\Users\hugoc\OneDrive\Documents\Hugo\ISMIN\Cours\S8\Ia_Data\IA_embarque\TP1_IA_Emb\MXTmpFiles\sai_GV.tmp
2025-03-21 09:43:34,371 [INFO] CodeEngine:255 - oldGeneratedFile, C:\Users\hugoc\OneDrive\Documents\Hugo\ISMIN\Cours\S8\Ia_Data\IA_embarque\TP1_IA_Emb\MXTmpFiles\sai_msp.tmp_save
2025-03-21 09:43:34,592 [INFO] CodeEngine:279 - Generated code: C:\Users\hugoc\OneDrive\Documents\Hugo\ISMIN\Cours\S8\Ia_Data\IA_embarque\TP1_IA_Emb\MXTmpFiles\sai_msp.tmp
2025-03-21 09:43:34,739 [INFO] CodeEngine:255 - oldGeneratedFile, C:\Users\hugoc\OneDrive\Documents\Hugo\ISMIN\Cours\S8\Ia_Data\IA_embarque\TP1_IA_Emb\MXTmpFiles\mx_fmc_HC.tmp_save
2025-03-21 09:43:34,966 [INFO] CodeEngine:279 - Generated code: C:\Users\hugoc\OneDrive\Documents\Hugo\ISMIN\Cours\S8\Ia_Data\IA_embarque\TP1_IA_Emb\MXTmpFiles\mx_fmc_HC.tmp
2025-03-21 09:43:35,046 [INFO] CodeEngine:255 - oldGeneratedFile, C:\Users\hugoc\OneDrive\Documents\Hugo\ISMIN\Cours\S8\Ia_Data\IA_embarque\TP1_IA_Emb\MXTmpFiles\mx_fmc_GV.tmp_save
2025-03-21 09:43:35,307 [INFO] CodeEngine:279 - Generated code: C:\Users\hugoc\OneDrive\Documents\Hugo\ISMIN\Cours\S8\Ia_Data\IA_embarque\TP1_IA_Emb\MXTmpFiles\mx_fmc_GV.tmp
2025-03-21 09:43:35,392 [INFO] CodeEngine:255 - oldGeneratedFile, C:\Users\hugoc\OneDrive\Documents\Hugo\ISMIN\Cours\S8\Ia_Data\IA_embarque\TP1_IA_Emb\MXTmpFiles\mx_fmc_MSP.tmp_save
2025-03-21 09:43:35,624 [INFO] CodeEngine:279 - Generated code: C:\Users\hugoc\OneDrive\Documents\Hugo\ISMIN\Cours\S8\Ia_Data\IA_embarque\TP1_IA_Emb\MXTmpFiles\mx_fmc_MSP.tmp
2025-03-21 09:43:35,789 [INFO] CodeEngine:255 - oldGeneratedFile, C:\Users\hugoc\OneDrive\Documents\Hugo\ISMIN\Cours\S8\Ia_Data\IA_embarque\TP1_IA_Emb\Core\Src\stm32l4xx_hal_msp.c_save
2025-03-21 09:43:36,145 [INFO] CodeEngine:279 - Generated code: C:\Users\hugoc\OneDrive\Documents\Hugo\ISMIN\Cours\S8\Ia_Data\IA_embarque\TP1_IA_Emb\Core\Src\stm32l4xx_hal_msp.c
2025-03-21 09:43:36,199 [INFO] CodeEngine:255 - oldGeneratedFile, C:\Users\hugoc\OneDrive\Documents\Hugo\ISMIN\Cours\S8\Ia_Data\IA_embarque\TP1_IA_Emb\MXTmpFiles\system.tmp_save
2025-03-21 09:43:36,393 [INFO] CodeEngine:279 - Generated code: C:\Users\hugoc\OneDrive\Documents\Hugo\ISMIN\Cours\S8\Ia_Data\IA_embarque\TP1_IA_Emb\MXTmpFiles\system.tmp
2025-03-21 09:43:36,526 [INFO] CodeEngine:311 - oldGeneratedFile, C:\Users\hugoc\OneDrive\Documents\Hugo\ISMIN\Cours\S8\Ia_Data\IA_embarque\TP1_IA_Emb\Core\Inc\stm32l4xx_hal_conf.h_save
2025-03-21 09:43:36,939 [INFO] CodeEngine:335 - Generated code: C:\Users\hugoc\OneDrive\Documents\Hugo\ISMIN\Cours\S8\Ia_Data\IA_embarque\TP1_IA_Emb\Core\Inc\stm32l4xx_hal_conf.h
2025-03-21 09:43:37,055 [WARN] IPConfigManager:3554 - IP not found : USB_OTG
2025-03-21 09:43:37,062 [WARN] CodeGenerator:4002 - IP not found : null
2025-03-21 09:43:37,158 [INFO] CodeEngine:255 - oldGeneratedFile, C:\Users\hugoc\OneDrive\Documents\Hugo\ISMIN\Cours\S8\Ia_Data\IA_embarque\TP1_IA_Emb\Core\Inc\main.h_save
2025-03-21 09:43:37,391 [INFO] CodeEngine:279 - Generated code: C:\Users\hugoc\OneDrive\Documents\Hugo\ISMIN\Cours\S8\Ia_Data\IA_embarque\TP1_IA_Emb\Core\Inc\main.h
2025-03-21 09:43:37,448 [INFO] CodeEngine:255 - oldGeneratedFile, C:\Users\hugoc\OneDrive\Documents\Hugo\ISMIN\Cours\S8\Ia_Data\IA_embarque\TP1_IA_Emb\Core\Src\main.c_save
2025-03-21 09:43:37,907 [INFO] CodeEngine:279 - Generated code: C:\Users\hugoc\OneDrive\Documents\Hugo\ISMIN\Cours\S8\Ia_Data\IA_embarque\TP1_IA_Emb\Core\Src\main.c
2025-03-21 09:43:44,459 [INFO] AInterface:317 - ModelName:model_v1; files:[C:\Users\hugoc\OneDrive\Documents\Hugo\ISMIN\Cours\S8\Ia_Data\IA_embarque\Github\IA_Embarque\COLAB\Model_V1.h5]; type:Keras; compression:None
2025-03-21 09:43:44,461 [INFO] AInterface:519 - workspaceTempDir: C:/Users/hugoc/AppData/Local/Temp/mxAI_workspace43413117921004060407088970337315
2025-03-21 09:43:44,461 [INFO] AInterface:1132 - Setting Env: C:/Users/hugoc/STM32Cube/Repository/Packs/STMicroelectronics/X-CUBE-AI/10.0.0/Utilities/windows
2025-03-21 09:43:44,480 [INFO] STM32CubeIDEBuilder:265 - Looking for gnu-tools-for-stm32 tools/bin/arm-none-eabi-gcc.exe in C:\ST\STM32CubeIDE_1.13.1\STM32CubeIDE
2025-03-21 09:43:44,488 [INFO] STM32CubeIDEBuilder:294 - checking C:\ST\STM32CubeIDE_1.13.1\STM32CubeIDE\plugins\com.st.stm32cube.ide.mcu.externaltools.gnu-tools-for-stm32.12.3.rel1.win32_1.0.200.202406191623\tools\bin\arm-none-eabi-gcc.exe
2025-03-21 09:43:44,490 [INFO] STM32CubeIDEBuilder:297 - ret=C:\ST\STM32CubeIDE_1.13.1\STM32CubeIDE\plugins\com.st.stm32cube.ide.mcu.externaltools.gnu-tools-for-stm32.12.3.rel1.win32_1.0.200.202406191623\tools\bin\arm-none-eabi-gcc.exe
2025-03-21 09:43:44,491 [INFO] STM32CubeIDEBuilder:311 - returning C:\ST\STM32CubeIDE_1.13.1\STM32CubeIDE\plugins\com.st.stm32cube.ide.mcu.externaltools.gnu-tools-for-stm32.12.3.rel1.win32_1.0.200.202406191623\tools\bin\arm-none-eabi-gcc.exe
2025-03-21 09:43:44,492 [INFO] AInterface:1189 - Custom PATH variable: C:/Users/hugoc/STM32Cube/Repository/Packs/STMicroelectronics/X-CUBE-AI/10.0.0/Utilities/windows;C:/Users/hugoc/STM32Cube/Repository/Packs/STMicroelectronics/X-CUBE-AI/10.0.0/Utilities/windows/mingw64/bin;C:/Users/hugoc/STM32Cube/Repository/Packs/STMicroelectronics/X-CUBE-AI/10.0.0/Utilities/windows/mingw64/libexec/gcc/x86_64-w64-mingw32/7.3.0;;C:\ST\STM32CubeIDE_1.13.1\STM32CubeIDE\plugins\com.st.stm32cube.ide.mcu.externaltools.gnu-tools-for-stm32.12.3.rel1.win32_1.0.200.202406191623\tools\bin
2025-03-21 09:43:44,493 [INFO] CmdLine:109 - Command: C:/Users/hugoc/STM32Cube/Repository/Packs/STMicroelectronics/X-CUBE-AI/10.0.0/Utilities/windows/stedgeai.exe generate --target stm32l4 --name model_v1 -m C:/Users/hugoc/OneDrive/Documents/Hugo/ISMIN/Cours/S8/Ia_Data/IA_embarque/Github/IA_Embarque/COLAB/Model_V1.h5 --compression none --verbosity 1 --workspace C:/Users/hugoc/AppData/Local/Temp/mxAI_workspace43413117921004060407088970337315 --output C:/Users/hugoc/.stm32cubemx/model_v1_output
2025-03-21 09:43:44,495 [INFO] AIModelDetailledView:2372 - Analysis status: pending
2025-03-21 09:43:46,847 [INFO] CmdLine:74 - ST Edge AI Core v2.0.0-20049
2025-03-21 09:44:11,094 [INFO] CmdLine:74 - Creating c (debug) info json file C:\Users\hugoc\AppData\Local\Temp\mxAI_workspace43413117921004060407088970337315\model_v1_c_info.json
2025-03-21 09:44:11,300 [INFO] CmdLine:74 -  
2025-03-21 09:44:11,301 [INFO] CmdLine:74 -  Exec/report summary (generate)
2025-03-21 09:44:11,301 [INFO] CmdLine:74 -  ----------------------------------------------------------------------------------------------------------------------------------------
2025-03-21 09:44:11,302 [INFO] CmdLine:74 -  model file         :   C:\Users\hugoc\OneDrive\Documents\Hugo\ISMIN\Cours\S8\Ia_Data\IA_embarque\Github\IA_Embarque\COLAB\Model_V1.h5   
2025-03-21 09:44:11,302 [INFO] CmdLine:74 -  type               :   keras                                                                                                            
2025-03-21 09:44:11,302 [INFO] CmdLine:74 -  c_name             :   model_v1                                                                                                         
2025-03-21 09:44:11,302 [INFO] CmdLine:74 -  compression        :   none                                                                                                             
2025-03-21 09:44:11,303 [INFO] CmdLine:74 -  options            :   allocate-inputs, allocate-outputs                                                                                
2025-03-21 09:44:11,303 [INFO] CmdLine:74 -  optimization       :   balanced                                                                                                         
2025-03-21 09:44:11,303 [INFO] CmdLine:74 -  target/series      :   stm32l4                                                                                                          
2025-03-21 09:44:11,303 [INFO] CmdLine:74 -  workspace dir      :   C:\Users\hugoc\AppData\Local\Temp\mxAI_workspace43413117921004060407088970337315                                 
2025-03-21 09:44:11,304 [INFO] CmdLine:74 -  output dir         :   C:\Users\hugoc\.stm32cubemx\model_v1_output                                                                      
2025-03-21 09:44:11,304 [INFO] CmdLine:74 -  model_fmt          :   float                                                                                                            
2025-03-21 09:44:11,304 [INFO] CmdLine:74 -  model_name         :   Model_V1                                                                                                         
2025-03-21 09:44:11,305 [INFO] CmdLine:74 -  model_hash         :   0x2ac21b7b6d50788773a4495e0a84f8a1                                                                               
2025-03-21 09:44:11,305 [INFO] CmdLine:74 -  params #           :   9,029 items (35.27 KiB)                                                                                          
2025-03-21 09:44:11,305 [INFO] CmdLine:74 -  ----------------------------------------------------------------------------------------------------------------------------------------
2025-03-21 09:44:11,306 [INFO] CmdLine:74 -  input 1/1          :   'input_0', f32(1x5), 20 Bytes, activations                                                                       
2025-03-21 09:44:11,306 [INFO] CmdLine:74 -  output 1/1         :   'dense_7', f32(1x5), 20 Bytes, activations                                                                       
2025-03-21 09:44:11,306 [INFO] CmdLine:74 -  macc               :   10,448                                                                                                           
2025-03-21 09:44:11,306 [INFO] CmdLine:74 -  weights (ro)       :   36,116 B (35.27 KiB) (1 segment)                                                                                 
2025-03-21 09:44:11,307 [INFO] CmdLine:74 -  activations (rw)   :   512 B (512 B) (1 segment) *                                                                                      
2025-03-21 09:44:11,307 [INFO] CmdLine:74 -  ram (total)        :   512 B (512 B) = 512 + 0 + 0                                                                                      
2025-03-21 09:44:11,307 [INFO] CmdLine:74 -  ----------------------------------------------------------------------------------------------------------------------------------------
2025-03-21 09:44:11,307 [INFO] CmdLine:74 -  (*) 'input'/'output' buffers can be used from the activations buffer
2025-03-21 09:44:11,315 [INFO] CmdLine:74 - Computing AI RT data/code size (target=stm32l4)..
2025-03-21 09:44:17,438 [INFO] CmdLine:74 -  Requested memory size by section - "stm32l4" target
2025-03-21 09:44:17,439 [INFO] CmdLine:74 -  ------------------------------ ------- -------- ------- -----
2025-03-21 09:44:17,440 [INFO] CmdLine:74 -  module                            text   rodata    data   bss
2025-03-21 09:44:17,441 [INFO] CmdLine:74 -  ------------------------------ ------- -------- ------- -----
2025-03-21 09:44:17,442 [INFO] CmdLine:74 -  NetworkRuntime1000_CM4_GCC.a     7,136        0       0     0
2025-03-21 09:44:17,442 [INFO] CmdLine:74 -  model_v1.o                         606       64   2,236   160
2025-03-21 09:44:17,443 [INFO] CmdLine:74 -  model_v1_data.o                     48       16      88     0
2025-03-21 09:44:17,443 [INFO] CmdLine:74 -  lib (toolchain)*                 1,432       24      12     0
2025-03-21 09:44:17,444 [INFO] CmdLine:74 -  ------------------------------ ------- -------- ------- -----
2025-03-21 09:44:17,444 [INFO] CmdLine:74 -  RT total**                       9,222      104   2,336   160
2025-03-21 09:44:17,445 [INFO] CmdLine:74 -  ------------------------------ ------- -------- ------- -----
2025-03-21 09:44:17,446 [INFO] CmdLine:74 -  weights                              0   36,120       0     0
2025-03-21 09:44:17,447 [INFO] CmdLine:74 -  activations                          0        0       0   512
2025-03-21 09:44:17,448 [INFO] CmdLine:74 -  io                                   0        0       0     0
2025-03-21 09:44:17,448 [INFO] CmdLine:74 -  ------------------------------ ------- -------- ------- -----
2025-03-21 09:44:17,448 [INFO] CmdLine:74 -  TOTAL                            9,222   36,224   2,336   672
2025-03-21 09:44:17,449 [INFO] CmdLine:74 -  ------------------------------ ------- -------- ------- -----
2025-03-21 09:44:17,450 [INFO] CmdLine:74 -  *  toolchain objects (libm/libgcc*)
2025-03-21 09:44:17,450 [INFO] CmdLine:74 -  ** RT AI runtime objects (kernels+infrastructure)
2025-03-21 09:44:17,451 [INFO] CmdLine:74 -   Summary - "stm32l4" target
2025-03-21 09:44:17,451 [INFO] CmdLine:74 -   ---------------------------------------------------
2025-03-21 09:44:17,451 [INFO] CmdLine:74 -                FLASH (ro)      %*   RAM (rw)       %
2025-03-21 09:44:17,452 [INFO] CmdLine:74 -   ---------------------------------------------------
2025-03-21 09:44:17,452 [INFO] CmdLine:74 -   RT total         11,662   24.4%      2,496   83.0%
2025-03-21 09:44:17,453 [INFO] CmdLine:74 -   ---------------------------------------------------
2025-03-21 09:44:17,453 [INFO] CmdLine:74 -   TOTAL            47,782              3,008
2025-03-21 09:44:17,454 [INFO] CmdLine:74 -   ---------------------------------------------------
2025-03-21 09:44:17,454 [INFO] CmdLine:74 -   *  rt/total
2025-03-21 09:44:17,454 [INFO] CmdLine:74 -  Generated files (7)
2025-03-21 09:44:17,455 [INFO] CmdLine:74 -  --------------------------------------------------------------------
2025-03-21 09:44:17,455 [INFO] CmdLine:74 -  C:\Users\hugoc\.stm32cubemx\model_v1_output\model_v1_data_params.h
2025-03-21 09:44:17,456 [INFO] CmdLine:74 -  C:\Users\hugoc\.stm32cubemx\model_v1_output\model_v1_data_params.c
2025-03-21 09:44:17,457 [INFO] CmdLine:74 -  C:\Users\hugoc\.stm32cubemx\model_v1_output\model_v1_data.h
2025-03-21 09:44:17,457 [INFO] CmdLine:74 -  C:\Users\hugoc\.stm32cubemx\model_v1_output\model_v1_data.c
2025-03-21 09:44:17,458 [INFO] CmdLine:74 -  C:\Users\hugoc\.stm32cubemx\model_v1_output\model_v1_config.h
2025-03-21 09:44:17,458 [INFO] CmdLine:74 -  C:\Users\hugoc\.stm32cubemx\model_v1_output\model_v1.h
2025-03-21 09:44:17,458 [INFO] CmdLine:74 -  C:\Users\hugoc\.stm32cubemx\model_v1_output\model_v1.c
2025-03-21 09:44:17,459 [INFO] CmdLine:74 - Creating txt report file C:\Users\hugoc\.stm32cubemx\model_v1_output\model_v1_generate_report.txt
2025-03-21 09:44:19,356 [INFO] CmdLine:74 - elapsed time (generate): 32.509s
2025-03-21 09:44:20,335 [INFO] CmdLine:142 - stedgeai exit with status: 0
2025-03-21 09:44:20,400 [INFO] AIModelDetailledView:2372 - Analysis status: done
2025-03-21 09:44:24,040 [INFO] ProjectBuilder:3249 - Time for Copy HAL[1] : 2240mS.
2025-03-21 09:44:24,040 [ERROR] Middleware:2969 - Invalid RefComponent list
2025-03-21 09:44:24,040 [ERROR] Middleware:2969 - Invalid RefComponent list
2025-03-21 09:44:24,040 [ERROR] Middleware:2969 - Invalid RefComponent list
2025-03-21 09:44:24,041 [ERROR] Middleware:2969 - Invalid RefComponent list
2025-03-21 09:44:24,041 [ERROR] Middleware:2969 - Invalid RefComponent list
2025-03-21 09:44:24,041 [ERROR] Middleware:2969 - Invalid RefComponent list
2025-03-21 09:44:24,041 [ERROR] Middleware:2969 - Invalid RefComponent list
2025-03-21 09:44:24,041 [ERROR] Middleware:2969 - Invalid RefComponent list
2025-03-21 09:44:24,041 [ERROR] Middleware:2969 - Invalid RefComponent list
2025-03-21 09:44:24,041 [ERROR] Middleware:2969 - Invalid RefComponent list
2025-03-21 09:44:24,041 [ERROR] Middleware:2969 - Invalid RefComponent list
2025-03-21 09:44:24,041 [ERROR] Middleware:2969 - Invalid RefComponent list
2025-03-21 09:44:24,041 [ERROR] Middleware:2969 - Invalid RefComponent list
2025-03-21 09:44:24,042 [ERROR] Middleware:2969 - Invalid RefComponent list
2025-03-21 09:44:24,042 [ERROR] Middleware:2969 - Invalid RefComponent list
2025-03-21 09:44:24,042 [ERROR] Middleware:2969 - Invalid RefComponent list
2025-03-21 09:44:24,042 [ERROR] Middleware:2969 - Invalid RefComponent list
2025-03-21 09:44:24,042 [ERROR] Middleware:2969 - Invalid RefComponent list
2025-03-21 09:44:24,042 [ERROR] Middleware:2969 - Invalid RefComponent list
2025-03-21 09:44:24,042 [ERROR] Middleware:2969 - Invalid RefComponent list
2025-03-21 09:44:24,042 [ERROR] Middleware:2969 - Invalid RefComponent list
2025-03-21 09:44:24,042 [ERROR] Middleware:2969 - Invalid RefComponent list
2025-03-21 09:44:24,043 [ERROR] Middleware:2969 - Invalid RefComponent list
2025-03-21 09:44:24,043 [ERROR] Middleware:2969 - Invalid RefComponent list
2025-03-21 09:44:24,043 [ERROR] Middleware:2969 - Invalid RefComponent list
2025-03-21 09:44:24,043 [ERROR] Middleware:2969 - Invalid RefComponent list
2025-03-21 09:44:24,043 [ERROR] Middleware:2969 - Invalid RefComponent list
2025-03-21 09:44:24,043 [ERROR] Middleware:2969 - Invalid RefComponent list
2025-03-21 09:44:24,043 [ERROR] Middleware:2969 - Invalid RefComponent list
2025-03-21 09:44:24,043 [ERROR] Middleware:2969 - Invalid RefComponent list
2025-03-21 09:44:24,043 [ERROR] Middleware:2969 - Invalid RefComponent list
2025-03-21 09:44:24,044 [ERROR] Middleware:2969 - Invalid RefComponent list
2025-03-21 09:44:24,044 [ERROR] Middleware:2969 - Invalid RefComponent list
2025-03-21 09:44:24,044 [ERROR] Middleware:2969 - Invalid RefComponent list
2025-03-21 09:44:24,044 [ERROR] Middleware:2969 - Invalid RefComponent list
2025-03-21 09:44:24,044 [ERROR] Middleware:2969 - Invalid RefComponent list
2025-03-21 09:44:24,045 [ERROR] Middleware:2969 - Invalid RefComponent list
2025-03-21 09:44:24,045 [ERROR] Middleware:2969 - Invalid RefComponent list
2025-03-21 09:44:24,045 [ERROR] Middleware:2969 - Invalid RefComponent list
2025-03-21 09:44:24,045 [ERROR] Middleware:2969 - Invalid RefComponent list
2025-03-21 09:44:24,045 [ERROR] Middleware:2969 - Invalid RefComponent list
2025-03-21 09:44:24,045 [ERROR] Middleware:2969 - Invalid RefComponent list
2025-03-21 09:44:24,046 [ERROR] Middleware:2969 - Invalid RefComponent list
2025-03-21 09:44:24,046 [ERROR] Middleware:2969 - Invalid RefComponent list
2025-03-21 09:44:24,046 [ERROR] Middleware:2969 - Invalid RefComponent list
2025-03-21 09:44:24,046 [ERROR] Middleware:2969 - Invalid RefComponent list
2025-03-21 09:44:24,046 [ERROR] Middleware:2969 - Invalid RefComponent list
2025-03-21 09:44:24,046 [ERROR] Middleware:2969 - Invalid RefComponent list
2025-03-21 09:44:24,046 [ERROR] Middleware:2969 - Invalid RefComponent list
2025-03-21 09:44:24,046 [ERROR] Middleware:2969 - Invalid RefComponent list
2025-03-21 09:44:24,046 [ERROR] Middleware:2969 - Invalid RefComponent list
2025-03-21 09:44:24,046 [ERROR] Middleware:2969 - Invalid RefComponent list
2025-03-21 09:44:24,047 [ERROR] Middleware:2969 - Invalid RefComponent list
2025-03-21 09:44:24,047 [ERROR] Middleware:2969 - Invalid RefComponent list
2025-03-21 09:44:24,047 [ERROR] Middleware:2969 - Invalid RefComponent list
2025-03-21 09:44:24,047 [ERROR] Middleware:2969 - Invalid RefComponent list
2025-03-21 09:44:24,047 [ERROR] Middleware:2969 - Invalid RefComponent list
2025-03-21 09:44:24,047 [ERROR] Middleware:2969 - Invalid RefComponent list
2025-03-21 09:44:24,047 [ERROR] Middleware:2969 - Invalid RefComponent list
2025-03-21 09:44:24,047 [ERROR] Middleware:2969 - Invalid RefComponent list
2025-03-21 09:44:24,048 [ERROR] Middleware:2969 - Invalid RefComponent list
2025-03-21 09:44:24,048 [ERROR] Middleware:2969 - Invalid RefComponent list
2025-03-21 09:44:24,048 [ERROR] Middleware:2969 - Invalid RefComponent list
2025-03-21 09:44:24,048 [ERROR] Middleware:2969 - Invalid RefComponent list
2025-03-21 09:44:24,048 [ERROR] Middleware:2969 - Invalid RefComponent list
2025-03-21 09:44:24,048 [ERROR] Middleware:2969 - Invalid RefComponent list
2025-03-21 09:44:24,048 [ERROR] Middleware:2969 - Invalid RefComponent list
2025-03-21 09:44:24,048 [ERROR] Middleware:2969 - Invalid RefComponent list
2025-03-21 09:44:24,048 [ERROR] Middleware:2969 - Invalid RefComponent list
2025-03-21 09:44:24,048 [ERROR] Middleware:2969 - Invalid RefComponent list
2025-03-21 09:44:24,104 [INFO] ProjectBuilder:4828 - Project Generator version: 4.4.0-B60
2025-03-21 09:44:24,329 [INFO] ConfigFileManager:1531 - The Die is : DIE470
2025-03-21 09:44:24,353 [INFO] ApiDbMcu:508 - Load IP Config File for FATFS
2025-03-21 09:44:24,429 [INFO] ApiDbMcu:508 - Load IP Config File for FREERTOS
2025-03-21 09:44:24,833 [INFO] ApiDbMcu:508 - Load IP Config File for TOUCHSENSING
2025-03-21 09:44:24,889 [INFO] ApiDbMcu:508 - Load IP Config File for USB_DEVICE
2025-03-21 09:44:24,917 [INFO] ApiDbMcu:508 - Load IP Config File for USB_HOST
2025-03-21 09:44:29,323 [INFO] ProjectBuilder:5097 - Time for Generating toolchain IDE Files: 5219mS.
2025-03-21 09:44:29,327 [INFO] ProjectBuilder:3107 - Time for Copy CMSIS : 3mS.
2025-03-21 09:44:29,347 [INFO] ProjectBuilder:3107 - Time for Copy CMSIS : 0mS.
2025-03-21 10:17:15,918 [INFO] WebApp:189 - Connection lost
2025-03-21 10:21:30,641 [INFO] WebApp:186 - Connection restablished
2025-03-21 10:23:33,551 [INFO] WebApp:189 - Connection lost
2025-03-21 10:23:33,972 [INFO] WebApp:186 - Connection restablished
2025-03-21 10:23:36,831 [INFO] WebApp:189 - Connection lost
2025-03-21 10:23:37,028 [INFO] WebApp:186 - Connection restablished
2025-03-21 10:31:24,270 [INFO] MainUpdater:2873 - connection check result : 10
2025-03-21 10:31:24,270 [INFO] MainUpdater:2873 - connection check result : 10
2025-03-21 10:31:24,354 [INFO] I2cTimingTraitement:330 - 0x30A175AB
2025-03-21 10:31:24,521 [INFO] MicroXplorer:468 - Change Database Path : 
2025-03-21 10:31:24,521 [INFO] MicroXplorer:498 - Change Database Version : DB.6.0.120
2025-03-21 10:31:24,556 [ERROR] ProjectManagerView:394 - 
java.lang.NullPointerException: Cannot invoke "javax.swing.JTextField.getText()" because the return value of "java.util.List.get(int)" is null
	at com.st.microxplorer.plugins.projectmanager.gui.ProjectChoiceTab$10.caretUpdate(ProjectChoiceTab.java:2622) ~[filemanager.jar:?]
	at javax.swing.text.JTextComponent.fireCaretUpdate(JTextComponent.java:412) ~[?:?]
	at javax.swing.text.JTextComponent$MutableCaretEvent.fire(JTextComponent.java:4491) ~[?:?]
	at javax.swing.text.JTextComponent$MutableCaretEvent.stateChanged(JTextComponent.java:4513) ~[?:?]
	at javax.swing.text.DefaultCaret.fireStateChanged(DefaultCaret.java:842) ~[?:?]
	at javax.swing.text.DefaultCaret.changeCaretPosition(DefaultCaret.java:1313) ~[?:?]
	at javax.swing.text.DefaultCaret.handleSetDot(DefaultCaret.java:1212) ~[?:?]
	at javax.swing.text.DefaultCaret.setDot(DefaultCaret.java:1193) ~[?:?]
	at javax.swing.text.DefaultCaret$Handler.insertUpdate(DefaultCaret.java:1789) ~[?:?]
	at javax.swing.text.AbstractDocument.fireInsertUpdate(AbstractDocument.java:226) ~[?:?]
	at javax.swing.text.AbstractDocument.handleInsertString(AbstractDocument.java:780) ~[?:?]
	at javax.swing.text.AbstractDocument.insertString(AbstractDocument.java:739) ~[?:?]
	at javax.swing.text.PlainDocument.insertString(PlainDocument.java:131) ~[?:?]
	at javax.swing.text.AbstractDocument.replace(AbstractDocument.java:698) ~[?:?]
	at javax.swing.text.JTextComponent.setText(JTextComponent.java:1729) ~[?:?]
	at com.st.microxplorer.plugins.projectmanager.gui.ProjectChoiceTab.createHeapStackFields(ProjectChoiceTab.java:972) ~[filemanager.jar:?]
	at com.st.microxplorer.plugins.projectmanager.gui.ProjectChoiceTab.buildLinkSettingsPanel(ProjectChoiceTab.java:3597) ~[filemanager.jar:?]
	at com.st.microxplorer.plugins.projectmanager.gui.ProjectChoiceTab.defineWindowsFields(ProjectChoiceTab.java:1940) ~[filemanager.jar:?]
	at com.st.microxplorer.plugins.projectmanager.gui.ProjectChoiceTab.updateSettings(ProjectChoiceTab.java:550) ~[filemanager.jar:?]
	at com.st.microxplorer.plugins.projectmanager.gui.ProjectSettingsPanel.UpdateDialog(ProjectSettingsPanel.java:245) ~[filemanager.jar:?]
	at com.st.microxplorer.plugins.projectmanager.ProjectManagerView.propertyChange(ProjectManagerView.java:391) ~[filemanager.jar:?]
	at java.beans.PropertyChangeSupport.fire(PropertyChangeSupport.java:343) ~[?:?]
	at java.beans.PropertyChangeSupport.firePropertyChange(PropertyChangeSupport.java:335) ~[?:?]
	at java.beans.PropertyChangeSupport.firePropertyChange(PropertyChangeSupport.java:268) ~[?:?]
	at com.st.microxplorer.util.MXPropertyChangeSupport.firePropertyChange(MXPropertyChangeSupport.java:54) ~[STM32CubeMX.jar:?]
	at com.st.microxplorer.mxsystem.MxSystem.closeConfig(MxSystem.java:900) ~[STM32CubeMX.jar:?]
	at com.st.microxplorer.maingui.MainPanel.closeConfig(MainPanel.java:781) ~[STM32CubeMX.jar:?]
	at com.st.microxplorer.plugins.filemanager.engine.OpenFileManager.loadConfigurationFile(OpenFileManager.java:265) ~[filemanager.jar:?]
	at com.st.microxplorer.plugins.filemanager.engine.MainFileManager.userLoadConfig(MainFileManager.java:352) ~[filemanager.jar:?]
	at com.st.microxplorer.plugins.filemanager.engine.MainFileManager.userLoadConfig(MainFileManager.java:330) ~[filemanager.jar:?]
	at com.st.microxplorer.plugins.filemanager.FileManagerView.getSpecificTask(FileManagerView.java:246) ~[filemanager.jar:?]
	at com.st.stm32cube.common.mx.editor.CubeMxEditor.getMxTabbedPaneInstance(CubeMxEditor.java:1198) ~[com.st.stm32cube.common.mx_6.12.0.202406281431/:?]
	at com.st.stm32cube.common.mx.editor.CubeMxEditor$12$1.createSwingComponent(CubeMxEditor.java:1068) ~[com.st.stm32cube.common.mx_6.12.0.202406281431/:?]
	at com.st.stm32cube.common.mx.oss.core.awtswtbridge.EmbeddedSwingComposite.doComponentCreation(EmbeddedSwingComposite.java:492) ~[com.st.stm32cube.common.mx.oss_6.12.0.202406281431/:?]
	at com.st.stm32cube.common.mx.oss.core.awtswtbridge.EmbeddedSwingComposite$4.run(EmbeddedSwingComposite.java:291) ~[com.st.stm32cube.common.mx.oss_6.12.0.202406281431/:?]
	at com.st.stm32cube.common.mx.oss.core.awtswtbridge.AwtEnvironment$2.run(AwtEnvironment.java:166) ~[com.st.stm32cube.common.mx.oss_6.12.0.202406281431/:?]
	at java.awt.event.InvocationEvent.dispatch(InvocationEvent.java:318) ~[?:?]
	at java.awt.EventQueue.dispatchEventImpl(EventQueue.java:773) ~[?:?]
	at java.awt.EventQueue$4.run(EventQueue.java:720) ~[?:?]
	at java.awt.EventQueue$4.run(EventQueue.java:714) ~[?:?]
	at java.security.AccessController.doPrivileged(AccessController.java:399) ~[?:?]
	at java.security.ProtectionDomain$JavaSecurityAccessImpl.doIntersectionPrivilege(ProtectionDomain.java:86) ~[?:?]
	at java.awt.EventQueue.dispatchEvent(EventQueue.java:742) ~[?:?]
	at java.awt.EventDispatchThread.pumpOneEventForFilters(EventDispatchThread.java:203) ~[?:?]
	at java.awt.EventDispatchThread.pumpEventsForFilter(EventDispatchThread.java:124) ~[?:?]
	at java.awt.EventDispatchThread.pumpEventsForHierarchy(EventDispatchThread.java:113) ~[?:?]
	at java.awt.EventDispatchThread.pumpEvents(EventDispatchThread.java:109) ~[?:?]
	at java.awt.EventDispatchThread.pumpEvents(EventDispatchThread.java:101) ~[?:?]
	at java.awt.EventDispatchThread.run(EventDispatchThread.java:90) ~[?:?]
2025-03-21 10:31:24,561 [WARN] ThirdParty:871 - waiting for thirdparty lock release [close project]
2025-03-21 10:31:24,561 [INFO] ThirdParty:873 - entering critical section [close project]
2025-03-21 10:31:24,562 [INFO] ThirdParty:883 - exiting critical section [close project]
2025-03-21 10:31:24,566 [INFO] PinOutPanel:1561 - setPackage(No Configuration,No Configuration)
2025-03-21 10:31:24,570 [INFO] AI:968 - onDisable adding AI com.st.microxplorer.plugins.ip.ai.AI@65cb30c4 on STMicroelectronics.X-CUBE-AI.10.0.0
2025-03-21 10:31:24,581 [INFO] UtilMem:75 - Begin LoadConfig() Used Memory: 877510144 Bytes (1073741824)
2025-03-21 10:31:24,585 [INFO] MicroXplorer:468 - Change Database Path : 
2025-03-21 10:31:24,585 [INFO] MicroXplorer:498 - Change Database Version : DB.6.0.120
2025-03-21 10:31:24,585 [INFO] OpenFileManager:332 - Change cursor
2025-03-21 10:31:24,650 [INFO] RulesReader:64 - Compatibility file has been processed (297 Rules)
2025-03-21 10:31:24,665 [INFO] Mcu:2032 - Initializing MCU STM32L4R9A(G-I)Ix STM32L4R9AIIx STM32L4R9AII6
2025-03-21 10:31:32,173 [INFO] Context:742 - Trying to add GPIOservice into a context  which must be forbidden
2025-03-21 10:31:33,031 [INFO] ApiDbMcu:508 - Load IP Config File for STMicroelectronics.X-CUBE-AI.10.0.0
2025-03-21 10:31:33,476 [INFO] RtosManager:555 - Registered RTOS mode: class=CMSIS, group=RTOS, mode=CMSIS_V1, owner=FREERTOS
2025-03-21 10:31:33,476 [INFO] RtosManager:555 - Registered RTOS mode: class=CMSIS, group=RTOS2, mode=CMSIS_V2, owner=FREERTOS
2025-03-21 10:31:33,476 [INFO] RtosManager:555 - Registered RTOS mode: class=RTOS, group=Core, mode=CMSIS_V1, owner=FREERTOS
2025-03-21 10:31:33,476 [INFO] RtosManager:555 - Registered RTOS mode: class=RTOS, group=Core, mode=CMSIS_V2, owner=FREERTOS
2025-03-21 10:31:33,476 [WARN] ModelIntegratedComponent:184 - Missing modes for component STMicroelectronics:FreeRTOS:0.0.1:STMicroelectronics:RTOS:FreeRTOS:Core:::10.2.0:
2025-03-21 10:31:33,483 [WARN] ModelIntegratedComponent:63 - No mode defined for component null
2025-03-21 10:31:33,483 [WARN] ModelIntegratedComponent:63 - No mode defined for component null
2025-03-21 10:31:33,483 [WARN] ModelIntegratedComponent:63 - No mode defined for component null
2025-03-21 10:31:33,484 [WARN] ModelIntegratedComponent:63 - No mode defined for component null
2025-03-21 10:31:33,484 [WARN] ModelIntegratedComponent:63 - No mode defined for component null
2025-03-21 10:31:33,484 [WARN] ModelIntegratedComponent:63 - No mode defined for component null
2025-03-21 10:31:33,484 [WARN] ModelIntegratedComponent:63 - No mode defined for component null
2025-03-21 10:31:33,484 [WARN] ModelIntegratedComponent:63 - No mode defined for component null
2025-03-21 10:31:33,484 [WARN] ModelIntegratedComponent:63 - No mode defined for component null
2025-03-21 10:31:33,484 [WARN] ModelIntegratedComponent:63 - No mode defined for component null
2025-03-21 10:31:33,484 [WARN] ModelIntegratedComponent:63 - No mode defined for component null
2025-03-21 10:31:33,484 [WARN] ModelIntegratedComponent:63 - No mode defined for component null
2025-03-21 10:31:33,484 [WARN] ModelIntegratedComponent:63 - No mode defined for component null
2025-03-21 10:31:33,484 [WARN] ModelIntegratedComponent:63 - No mode defined for component null
2025-03-21 10:31:33,484 [WARN] ModelIntegratedComponent:63 - No mode defined for component null
2025-03-21 10:31:33,484 [WARN] ModelIntegratedComponent:63 - No mode defined for component null
2025-03-21 10:31:33,485 [WARN] ModelIntegratedComponent:63 - No mode defined for component null
2025-03-21 10:31:33,485 [WARN] ModelIntegratedComponent:63 - No mode defined for component null
2025-03-21 10:31:33,485 [WARN] ModelIntegratedComponent:63 - No mode defined for component null
2025-03-21 10:31:33,485 [WARN] ModelIntegratedComponent:63 - No mode defined for component null
2025-03-21 10:31:33,485 [WARN] ModelIntegratedComponent:63 - No mode defined for component null
2025-03-21 10:31:33,485 [WARN] ModelIntegratedComponent:63 - No mode defined for component null
2025-03-21 10:31:33,485 [WARN] ModelIntegratedComponent:63 - No mode defined for component null
2025-03-21 10:31:33,485 [WARN] ModelIntegratedComponent:63 - No mode defined for component null
2025-03-21 10:31:33,485 [WARN] ModelIntegratedComponent:63 - No mode defined for component null
2025-03-21 10:31:33,485 [WARN] ModelIntegratedComponent:63 - No mode defined for component null
2025-03-21 10:31:33,485 [WARN] ModelIntegratedComponent:63 - No mode defined for component null
2025-03-21 10:31:33,486 [WARN] ModelIntegratedComponent:63 - No mode defined for component null
2025-03-21 10:31:33,486 [WARN] ModelIntegratedComponent:63 - No mode defined for component null
2025-03-21 10:31:33,486 [WARN] ModelIntegratedComponent:63 - No mode defined for component null
2025-03-21 10:31:33,486 [WARN] ModelIntegratedComponent:63 - No mode defined for component null
2025-03-21 10:31:33,486 [WARN] ModelIntegratedComponent:63 - No mode defined for component null
2025-03-21 10:31:33,486 [WARN] ModelIntegratedComponent:63 - No mode defined for component null
2025-03-21 10:31:33,486 [WARN] ModelIntegratedComponent:63 - No mode defined for component null
2025-03-21 10:31:33,486 [WARN] ModelIntegratedComponent:63 - No mode defined for component null
2025-03-21 10:31:33,486 [WARN] ModelPack:524 - Component already loaded: STMicroelectronics:HAL Drivers:0.0.0:STMicroelectronics:Device:STMicro_Driver:XSPI:HAL::0.0.1:HAL_XSPI
2025-03-21 10:31:34,537 [INFO] Middleware:612 - instanceName : STMicroelectronics.X-CUBE-AI.10.0.0 bspName : COM Port check condition failed for : !SEMDeviceJjApplicationJjApplicationTemplate
2025-03-21 10:31:34,537 [INFO] Middleware:612 - instanceName : STMicroelectronics.X-CUBE-AI.10.0.0 bspName : COM Port check condition failed for : !SEMDeviceJjApplicationJjApplicationTemplate
2025-03-21 10:31:34,537 [INFO] Middleware:612 - instanceName : STMicroelectronics.X-CUBE-AI.10.0.0 bspName : COM Port check condition failed for : !SEMDeviceJjApplicationJjApplicationTemplate
2025-03-21 10:31:34,591 [INFO] ThirdPartyModel:298 - Start build external matchings
2025-03-21 10:31:38,649 [INFO] ThirdPartyModel:316 - End build external matchings
2025-03-21 10:31:38,699 [INFO] ImportTextPane:205 - (OptionalMessage_ERROR) IP (RCC) : Parameter (DSIFreq_Value) has invalid value (64000000)
2025-03-21 10:31:38,700 [INFO] ImportTextPane:205 - (OptionalMessage_ERROR) IP (RCC) : Parameter (DSIRXEscFreq_Value) has invalid value (100000000)
2025-03-21 10:31:38,700 [INFO] ImportTextPane:205 - (OptionalMessage_ERROR) IP (RCC) : Invalid parameter (FamilyName)
2025-03-21 10:31:38,700 [INFO] ImportTextPane:205 - (OptionalMessage_ERROR) IP (RCC) : Invalid parameter (LTDCCLKoutputFreq_Value)
2025-03-21 10:31:38,701 [INFO] ImportTextPane:205 - (OptionalMessage_ERROR) IP (RCC) : Parameter (PLLDSIFreq_Value) has invalid value (512000000)
2025-03-21 10:31:38,701 [INFO] ImportTextPane:205 - (OptionalMessage_ERROR) IP (RCC) : Parameter (PLLDSIVCOFreq_Value) has invalid value (1024000000)
2025-03-21 10:31:38,702 [INFO] ImportTextPane:205 - (OptionalMessage_ERROR) IP (RCC) : Invalid parameter (SDIOFreq_Value)
2025-03-21 10:31:38,709 [INFO] ImportTextPane:205 - (OptionalMessage_ERROR) IP (STMicroelectronics.X-CUBE-AI.10.0.0) : Parameter (ModelName) has Id (e7202a7dc3442564aff9ae2f839d331ee249c720a91223bedd371705b8eea04d) currently not set
2025-03-21 10:31:38,709 [INFO] ImportTextPane:205 - (OptionalMessage_ERROR) IP (STMicroelectronics.X-CUBE-AI.10.0.0) : Parameter (ModelKind) has Id (e7202a7dc3442564aff9ae2f839d331ee249c720a91223bedd371705b8eea04d) currently not set
2025-03-21 10:31:38,709 [INFO] ImportTextPane:205 - (OptionalMessage_ERROR) IP (STMicroelectronics.X-CUBE-AI.10.0.0) : Parameter (ModelCompression) has Id (e7202a7dc3442564aff9ae2f839d331ee249c720a91223bedd371705b8eea04d) currently not set
2025-03-21 10:31:38,709 [INFO] ImportTextPane:205 - (OptionalMessage_ERROR) IP (STMicroelectronics.X-CUBE-AI.10.0.0) : Parameter (ModelStructureFile) has Id (e7202a7dc3442564aff9ae2f839d331ee249c720a91223bedd371705b8eea04d) currently not set
2025-03-21 10:31:38,709 [INFO] ImportTextPane:205 - (OptionalMessage_ERROR) IP (STMicroelectronics.X-CUBE-AI.10.0.0) : Invalid parameter (LatestDirectoryUsed)
2025-03-21 10:31:38,709 [INFO] ImportTextPane:205 - (OptionalMessage_ERROR) IP (STMicroelectronics.X-CUBE-AI.10.0.0) : Invalid parameter (ValidationInputFileHistory)
2025-03-21 10:31:38,709 [INFO] ImportTextPane:205 - (OptionalMessage_ERROR) IP (STMicroelectronics.X-CUBE-AI.10.0.0) : Parameter (ModelActualCompression) has Id (e7202a7dc3442564aff9ae2f839d331ee249c720a91223bedd371705b8eea04d) currently not set
2025-03-21 10:31:38,709 [INFO] ImportTextPane:205 - (OptionalMessage_ERROR) IP (STMicroelectronics.X-CUBE-AI.10.0.0) : Parameter (ModelFlashOccupation) has Id (e7202a7dc3442564aff9ae2f839d331ee249c720a91223bedd371705b8eea04d) currently not set
2025-03-21 10:31:38,709 [INFO] ImportTextPane:205 - (OptionalMessage_ERROR) IP (STMicroelectronics.X-CUBE-AI.10.0.0) : Parameter (ModelMacc) has Id (e7202a7dc3442564aff9ae2f839d331ee249c720a91223bedd371705b8eea04d) currently not set
2025-03-21 10:31:38,709 [INFO] ImportTextPane:205 - (OptionalMessage_ERROR) IP (STMicroelectronics.X-CUBE-AI.10.0.0) : Parameter (ModelRamOccupation) has Id (e7202a7dc3442564aff9ae2f839d331ee249c720a91223bedd371705b8eea04d) currently not set
2025-03-21 10:31:38,709 [INFO] ImportTextPane:205 - (OptionalMessage_ERROR) IP (STMicroelectronics.X-CUBE-AI.10.0.0) : Parameter (ModelType) has Id (e7202a7dc3442564aff9ae2f839d331ee249c720a91223bedd371705b8eea04d) currently not set
2025-03-21 10:31:38,709 [INFO] ImportTextPane:205 - (OptionalMessage_ERROR) IP (STMicroelectronics.X-CUBE-AI.10.0.0) : Invalid parameter (ValidationOutputFileHistory)
2025-03-21 10:31:38,711 [INFO] ImportTextPane:205 - (OptionalMessage_ERROR) IP (STMicroelectronics.X-CUBE-AI.10.0.0) : Invalid parameter (ValidationInputFile)
2025-03-21 10:31:38,711 [INFO] ImportTextPane:205 - (OptionalMessage_ERROR) IP (STMicroelectronics.X-CUBE-AI.10.0.0) : Invalid parameter (ValidationOutputFile)
2025-03-21 10:31:38,711 [INFO] ImportTextPane:205 - (OptionalMessage_ERROR) IP (STMicroelectronics.X-CUBE-AI.10.0.0) : Invalid parameter (useInputAllocation)
2025-03-21 10:31:38,711 [INFO] ImportTextPane:205 - (OptionalMessage_ERROR) IP (STMicroelectronics.X-CUBE-AI.10.0.0) : Invalid parameter (useOutputAllocation)
2025-03-21 10:31:38,712 [INFO] ImportTextPane:205 - (OptionalMessage_ERROR) IP (STMicroelectronics.X-CUBE-AI.10.0.0) : Invalid parameter (customLayerConfigEnabled)
2025-03-21 10:31:38,712 [INFO] ImportTextPane:205 - (OptionalMessage_ERROR) IP (STMicroelectronics.X-CUBE-AI.10.0.0) : Invalid parameter (noOnnxIoTranspose)
2025-03-21 10:31:38,712 [INFO] ImportTextPane:205 - (OptionalMessage_ERROR) IP (STMicroelectronics.X-CUBE-AI.10.0.0) : Invalid parameter (MaximumNumberOfInputLayer)
2025-03-21 10:31:38,712 [INFO] ImportTextPane:205 - (OptionalMessage_ERROR) IP (STMicroelectronics.X-CUBE-AI.10.0.0) : Invalid parameter (MaximumNumberOfOutputLayer)
2025-03-21 10:31:38,712 [INFO] ImportTextPane:205 - (OptionalMessage_ERROR) IP (STMicroelectronics.X-CUBE-AI.10.0.0) : Parameter (copyWeightToRam) has Id (e7202a7dc3442564aff9ae2f839d331ee249c720a91223bedd371705b8eea04d) currently not set
2025-03-21 10:31:38,712 [INFO] ImportTextPane:205 - (OptionalMessage_ERROR) IP (STMicroelectronics.X-CUBE-AI.10.0.0) : Invalid parameter (useInputAllocation)
2025-03-21 10:31:38,712 [INFO] ImportTextPane:205 - (OptionalMessage_ERROR) IP (STMicroelectronics.X-CUBE-AI.10.0.0) : Invalid parameter (useOutputAllocation)
2025-03-21 10:31:38,712 [INFO] ImportTextPane:205 - (OptionalMessage_ERROR) IP (STMicroelectronics.X-CUBE-AI.10.0.0) : Invalid parameter (customLayerConfigEnabled)
2025-03-21 10:31:38,712 [INFO] ImportTextPane:205 - (OptionalMessage_ERROR) IP (STMicroelectronics.X-CUBE-AI.10.0.0) : Invalid parameter (noOnnxIoTranspose)
2025-03-21 10:31:39,936 [INFO] UtilMem:75 - End LoadConfig() Used Memory: 904253856 Bytes (1073741824)
2025-03-21 10:31:40,086 [WARN] ThirdParty:833 - waiting for thirdparty lock release [change project]
2025-03-21 10:31:40,086 [INFO] ThirdParty:835 - entering critical section [change project]
2025-03-21 10:31:40,087 [INFO] ThirdParty:1030 - CMSIS Pack Vendor :STMicroelectronics USBPD 4.1
2025-03-21 10:31:40,087 [INFO] ThirdParty:1030 - CMSIS Pack Vendor :STMicroelectronics X-CUBE-GNSS1 6.0.0
2025-03-21 10:31:40,087 [INFO] ThirdParty:1030 - CMSIS Pack Vendor :STMicroelectronics USB_HOST 2.0.0
2025-03-21 10:31:40,087 [INFO] ThirdParty:1030 - CMSIS Pack Vendor :STMicroelectronics FP-SNS-MOTENVWB1 1.4.0
2025-03-21 10:31:40,087 [INFO] ThirdParty:1030 - CMSIS Pack Vendor :STMicroelectronics X-CUBE-AZRTOS-F4 1.1.0
2025-03-21 10:31:40,087 [INFO] ThirdParty:1030 - CMSIS Pack Vendor :STMicroelectronics LIBJPEG 8.0.0
2025-03-21 10:31:40,087 [INFO] ThirdParty:1030 - CMSIS Pack Vendor :STMicroelectronics FP-ATR-ASTRA1 2.0.2
2025-03-21 10:31:40,087 [INFO] ThirdParty:1030 - CMSIS Pack Vendor :STMicroelectronics FP-ATR-ASTRA1 2.0.1
2025-03-21 10:31:40,087 [INFO] ThirdParty:1030 - CMSIS Pack Vendor :wolfSSL I-CUBE-wolfSSL 5.6.3
2025-03-21 10:31:40,087 [INFO] ThirdParty:1030 - CMSIS Pack Vendor :STMicroelectronics X-CUBE-SMBUS 2.1.0
2025-03-21 10:31:40,088 [INFO] ThirdParty:1030 - CMSIS Pack Vendor :STMicroelectronics X-CUBE-WB05N 1.1.0
2025-03-21 10:31:40,088 [INFO] ThirdParty:1030 - CMSIS Pack Vendor :STMicroelectronics X-CUBE-ISPU 2.1.0
2025-03-21 10:31:40,088 [INFO] ThirdParty:1030 - CMSIS Pack Vendor :STMicroelectronics X-CUBE-FREERTOS 1.2.0
2025-03-21 10:31:40,088 [INFO] ThirdParty:1030 - CMSIS Pack Vendor :STMicroelectronics X-CUBE-TOUCHGFX 4.23.1
2025-03-21 10:31:40,088 [INFO] ThirdParty:1030 - CMSIS Pack Vendor :STMicroelectronics X-CUBE-TOUCHGFX 4.23.0
2025-03-21 10:31:40,088 [INFO] ThirdParty:1030 - CMSIS Pack Vendor :STMicroelectronics X-CUBE-TOUCHGFX 4.23.2
2025-03-21 10:31:40,089 [INFO] ThirdParty:1030 - CMSIS Pack Vendor :STMicroelectronics X-CUBE-AZRTOS-F7 1.1.0
2025-03-21 10:31:40,089 [INFO] ThirdParty:1030 - CMSIS Pack Vendor :STMicroelectronics X-CUBE-AZRTOS-L5 2.0.0
2025-03-21 10:31:40,089 [INFO] ThirdParty:1030 - CMSIS Pack Vendor :STMicroelectronics USB_DEVICE 2.0.0
2025-03-21 10:31:40,089 [INFO] ThirdParty:1030 - CMSIS Pack Vendor :STMicroelectronics X-CUBE-EEPRMA1 4.2.0
2025-03-21 10:31:40,089 [INFO] ThirdParty:1030 - CMSIS Pack Vendor :STMicroelectronics X-CUBE-NFC6 3.1.0
2025-03-21 10:31:40,089 [INFO] ThirdParty:1030 - CMSIS Pack Vendor :ITTIA_DB I-CUBE-ITTIADB 8.8.0
2025-03-21 10:31:40,089 [INFO] ThirdParty:1030 - CMSIS Pack Vendor :STMicroelectronics FP-SNS-MOTENV1 4.3.2
2025-03-21 10:31:40,089 [INFO] ThirdParty:1030 - CMSIS Pack Vendor :STMicroelectronics X-CUBE-MEMS1 11.0.0
2025-03-21 10:31:40,089 [INFO] ThirdParty:1030 - CMSIS Pack Vendor :STMicroelectronics FreeRTOS 0.0.1
2025-03-21 10:31:40,089 [INFO] ThirdParty:1030 - CMSIS Pack Vendor :STMicroelectronics X-CUBE-BLEMGR 2.0.0
2025-03-21 10:31:40,089 [INFO] ThirdParty:1030 - CMSIS Pack Vendor :STMicroelectronics X-CUBE-DPower 1.2.0
2025-03-21 10:31:40,089 [INFO] ThirdParty:1030 - CMSIS Pack Vendor :STMicroelectronics FP-SNS-FLIGHT1 5.0.2
2025-03-21 10:31:40,089 [INFO] ThirdParty:1030 - CMSIS Pack Vendor :STMicroelectronics X-CUBE-AI 9.0.0
2025-03-21 10:31:40,089 [INFO] ThirdParty:1030 - CMSIS Pack Vendor :STMicroelectronics X-CUBE-AZRTOS-H7 3.1.0
2025-03-21 10:31:40,090 [INFO] ThirdParty:1030 - CMSIS Pack Vendor :STMicroelectronics PDM2PCM 3.3.0
2025-03-21 10:31:40,090 [INFO] ThirdParty:1030 - CMSIS Pack Vendor :STMicroelectronics X-CUBE-DISPLAY 3.0.0
2025-03-21 10:31:40,090 [INFO] ThirdParty:1030 - CMSIS Pack Vendor :STMicroelectronics X-CUBE-BLE1 7.0.0
2025-03-21 10:31:40,090 [INFO] ThirdParty:1030 - CMSIS Pack Vendor :STMicroelectronics X-CUBE-NFC10 1.0.0
2025-03-21 10:31:40,090 [INFO] ThirdParty:1030 - CMSIS Pack Vendor :STMicroelectronics X-CUBE-BLEMGR 4.0.0
2025-03-21 10:31:40,090 [INFO] ThirdParty:1030 - CMSIS Pack Vendor :STMicroelectronics HAL Drivers 0.0.0
2025-03-21 10:31:40,090 [INFO] ThirdParty:1030 - CMSIS Pack Vendor :emotas I-CUBE-CANOPEN 1.3.0
2025-03-21 10:31:40,090 [INFO] ThirdParty:1030 - CMSIS Pack Vendor :STMicroelectronics X-CUBE-FREERTOS 1.3.0
2025-03-21 10:31:40,090 [INFO] ThirdParty:1030 - CMSIS Pack Vendor :STMicroelectronics X-CUBE-NFC7 1.0.1
2025-03-21 10:31:40,090 [INFO] ThirdParty:1030 - CMSIS Pack Vendor :STMicroelectronics MBEDTLS 2.14.1
2025-03-21 10:31:40,090 [INFO] ThirdParty:1030 - CMSIS Pack Vendor :STMicroelectronics X-CUBE-TOUCHGFX 4.22.1
2025-03-21 10:31:40,090 [INFO] ThirdParty:1030 - CMSIS Pack Vendor :wolfSSL I-CUBE-wolfTPM 3.2.0
2025-03-21 10:31:40,090 [INFO] ThirdParty:1030 - CMSIS Pack Vendor :STMicroelectronics X-CUBE-NFC6 3.0.0
2025-03-21 10:31:40,091 [INFO] ThirdParty:1030 - CMSIS Pack Vendor :STMicroelectronics X-CUBE-EEPRMA1 4.1.0
2025-03-21 10:31:40,091 [INFO] ThirdParty:1030 - CMSIS Pack Vendor :STMicroelectronics X-CUBE-BLEMGR 3.1.0
2025-03-21 10:31:40,091 [INFO] ThirdParty:1030 - CMSIS Pack Vendor :STMicroelectronics X-CUBE-AI 10.0.0
2025-03-21 10:31:40,091 [INFO] ThirdParty:1030 - CMSIS Pack Vendor :STMicroelectronics FP-SNS-SMARTAG2 1.2.0
2025-03-21 10:31:40,091 [INFO] ThirdParty:1030 - CMSIS Pack Vendor :STMicroelectronics X-CUBE-MEMS1 11.1.0
2025-03-21 10:31:40,091 [INFO] ThirdParty:1030 - CMSIS Pack Vendor :STMicroelectronics X-CUBE-AZRTOS-WL 2.0.0
2025-03-21 10:31:40,091 [INFO] ThirdParty:1030 - CMSIS Pack Vendor :STMicroelectronics FP-SNS-MOTENV1 5.0.0
2025-03-21 10:31:40,091 [INFO] ThirdParty:1030 - CMSIS Pack Vendor :STMicroelectronics USB_DEVICE 1.0.0
2025-03-21 10:31:40,091 [INFO] ThirdParty:1030 - CMSIS Pack Vendor :STMicroelectronics X-CUBE-AI 8.1.0
2025-03-21 10:31:40,092 [INFO] ThirdParty:1030 - CMSIS Pack Vendor :wolfSSL I-CUBE-wolfMQTT 1.19.0
2025-03-21 10:31:40,092 [INFO] ThirdParty:1030 - CMSIS Pack Vendor :STMicroelectronics X-CUBE-AZRTOS-L4 2.0.0
2025-03-21 10:31:40,092 [INFO] ThirdParty:1030 - CMSIS Pack Vendor :STMicroelectronics ThreadX 0.0.2
2025-03-21 10:31:40,092 [INFO] ThirdParty:1030 - CMSIS Pack Vendor :WES I-CUBE-Cesium 1.3.0
2025-03-21 10:31:40,092 [INFO] ThirdParty:1030 - CMSIS Pack Vendor :STMicroelectronics lwIP 2.1.2
2025-03-21 10:31:40,092 [INFO] ThirdParty:1030 - CMSIS Pack Vendor :STMicroelectronics X-CUBE-SFXS2LP1 4.0.0
2025-03-21 10:31:40,092 [INFO] ThirdParty:1030 - CMSIS Pack Vendor :STMicroelectronics X-CUBE-BLE2 3.3.0
2025-03-21 10:31:40,092 [INFO] ThirdParty:1030 - CMSIS Pack Vendor :STMicroelectronics PDM2PCM 3.2.0
2025-03-21 10:31:40,092 [INFO] ThirdParty:1030 - CMSIS Pack Vendor :STMicroelectronics X-CUBE-ISPU 1.1.0
2025-03-21 10:31:40,092 [INFO] ThirdParty:1030 - CMSIS Pack Vendor :STMicroelectronics X-CUBE-AZRTOS-H7 3.3.0
2025-03-21 10:31:40,092 [INFO] ThirdParty:1030 - CMSIS Pack Vendor :STMicroelectronics X-CUBE-NFC9 1.0.0
2025-03-21 10:31:40,092 [INFO] ThirdParty:1030 - CMSIS Pack Vendor :STMicroelectronics X-CUBE-BLE1 7.1.0
2025-03-21 10:31:40,092 [INFO] ThirdParty:1030 - CMSIS Pack Vendor :STMicroelectronics USB_DEVICE 3.0.0
2025-03-21 10:31:40,092 [INFO] ThirdParty:1030 - CMSIS Pack Vendor :STMicroelectronics X-CUBE-TCPP 4.1.0
2025-03-21 10:31:40,093 [INFO] ThirdParty:1030 - CMSIS Pack Vendor :STMicroelectronics X-CUBE-IPS 3.0.0
2025-03-21 10:31:40,093 [INFO] ThirdParty:1030 - CMSIS Pack Vendor :STMicroelectronics X-CUBE-AZRTOS-WB 2.0.0
2025-03-21 10:31:40,093 [INFO] ThirdParty:1030 - CMSIS Pack Vendor :STMicroelectronics X-CUBE-GNSS1 7.0.0
2025-03-21 10:31:40,096 [INFO] ThirdParty:1030 - CMSIS Pack Vendor :STMicroelectronics X-CUBE-GNSS1 7.0.1
2025-03-21 10:31:40,096 [INFO] ThirdParty:1030 - CMSIS Pack Vendor :STMicroelectronics X-CUBE-TOUCHGFX 4.25.0
2025-03-21 10:31:40,097 [INFO] ThirdParty:1030 - CMSIS Pack Vendor :STMicroelectronics FP-SNS-STBOX1 2.0.0
2025-03-21 10:31:40,097 [INFO] ThirdParty:1030 - CMSIS Pack Vendor :STMicroelectronics X-CUBE-ALGOBUILD 1.3.0
2025-03-21 10:31:40,097 [INFO] ThirdParty:1030 - CMSIS Pack Vendor :STMicroelectronics X-CUBE-AZRTOS-G0 1.1.0
2025-03-21 10:31:40,097 [INFO] ThirdParty:1030 - CMSIS Pack Vendor :STMicroelectronics X-CUBE-SAFEA1 1.2.2
2025-03-21 10:31:40,097 [INFO] ThirdParty:1030 - CMSIS Pack Vendor :STMicroelectronics X-CUBE-NFC4 3.0.0
2025-03-21 10:31:40,097 [INFO] ThirdParty:1030 - CMSIS Pack Vendor :STMicroelectronics X-CUBE-SUBG2 5.0.0
2025-03-21 10:31:40,097 [INFO] ThirdParty:1030 - CMSIS Pack Vendor :STMicroelectronics X-CUBE-AZRTOS-H7RS 1.1.0
2025-03-21 10:31:40,097 [INFO] ThirdParty:1030 - CMSIS Pack Vendor :STMicroelectronics STM32_WPAN 1.0.0
2025-03-21 10:31:40,097 [INFO] ThirdParty:1030 - CMSIS Pack Vendor :wolfSSL I-CUBE-wolfMQTT 1.18.0
2025-03-21 10:31:40,097 [INFO] ThirdParty:1030 - CMSIS Pack Vendor :EmbeddedOffice I-CUBE-FS-RTOS 1.0.1
2025-03-21 10:31:40,097 [INFO] ThirdParty:1030 - CMSIS Pack Vendor :STMicroelectronics lwIP 2.0.3
2025-03-21 10:31:40,097 [INFO] ThirdParty:1030 - CMSIS Pack Vendor :STMicroelectronics USB_HOST 1.0.0
2025-03-21 10:31:40,097 [INFO] ThirdParty:1030 - CMSIS Pack Vendor :STMicroelectronics X-CUBE-TOF1 3.3.1
2025-03-21 10:31:40,098 [INFO] ThirdParty:1030 - CMSIS Pack Vendor :STMicroelectronics X-CUBE-AZRTOS-G4 2.0.0
2025-03-21 10:31:40,098 [INFO] ThirdParty:1030 - CMSIS Pack Vendor :STMicroelectronics PDM2PCM 3.1.0
2025-03-21 10:31:40,098 [INFO] ThirdParty:1030 - CMSIS Pack Vendor :Infineon AIROC-Wi-Fi-Bluetooth-STM32 1.5.1
2025-03-21 10:31:40,099 [INFO] ThirdParty:1030 - CMSIS Pack Vendor :STMicroelectronics X-CUBE-BLEMGR 3.0.0
2025-03-21 10:31:40,099 [INFO] ThirdParty:1030 - CMSIS Pack Vendor :RealThread X-CUBE-RT-Thread_Nano 4.1.1
2025-03-21 10:31:40,099 [INFO] ThirdParty:1030 - CMSIS Pack Vendor :STMicroelectronics FP-SNS-MOTENVWB1 1.3.1
2025-03-21 10:31:40,099 [INFO] ThirdParty:1030 - CMSIS Pack Vendor :STMicroelectronics FP-ATR-SIGFOX1 3.2.0
2025-03-21 10:31:40,099 [INFO] ThirdParty:1030 - CMSIS Pack Vendor :quantropi X-CUBE-qispace-sdk-base 1.9.3
2025-03-21 10:31:40,099 [INFO] ThirdParty:1030 - CMSIS Pack Vendor :STMicroelectronics X-CUBE-ISPU 2.0.0
2025-03-21 10:31:40,099 [INFO] ThirdParty:1030 - CMSIS Pack Vendor :STMicroelectronics X-CUBE-EEPRMA1 5.1.0
2025-03-21 10:31:40,099 [INFO] ThirdParty:1030 - CMSIS Pack Vendor :STMicroelectronics MBEDTLS 2.16.2
2025-03-21 10:31:40,099 [INFO] ThirdParty:1030 - CMSIS Pack Vendor :STMicroelectronics X-CUBE-ALS 1.0.2
2025-03-21 10:31:40,099 [INFO] ThirdParty:1030 - CMSIS Pack Vendor :STMicroelectronics X-CUBE-MEMS1 10.0.0
2025-03-21 10:31:40,099 [INFO] ThirdParty:1030 - CMSIS Pack Vendor :STMicroelectronics X-CUBE-FREERTOS 1.1.0
2025-03-21 10:31:40,099 [INFO] ThirdParty:1030 - CMSIS Pack Vendor :STMicroelectronics X-CUBE-TOUCHGFX 4.24.0
2025-03-21 10:31:40,100 [INFO] ThirdParty:1030 - CMSIS Pack Vendor :STMicroelectronics X-CUBE-TOUCHGFX 4.24.2
2025-03-21 10:31:40,100 [INFO] ThirdParty:1030 - CMSIS Pack Vendor :STMicroelectronics X-CUBE-TOUCHGFX 4.24.1
2025-03-21 10:31:40,100 [INFO] ThirdParty:1030 - CMSIS Pack Vendor :portGmbH I-Cube-SoM-uGOAL 1.1.0
2025-03-21 10:31:40,100 [INFO] ThirdParty:1030 - CMSIS Pack Vendor :STMicroelectronics X-CUBE-ALS 1.0.1
2025-03-21 10:31:40,100 [INFO] ThirdParty:1030 - CMSIS Pack Vendor :STMicroelectronics ThreadX 1.0.0
2025-03-21 10:31:40,100 [INFO] ThirdParty:1030 - CMSIS Pack Vendor :SEGGER I-CUBE-embOS 1.3.1
2025-03-21 10:31:40,100 [INFO] ThirdParty:1030 - CMSIS Pack Vendor :STMicroelectronics X-CUBE-ALGOBUILD 1.4.0
2025-03-21 10:31:40,100 [INFO] ThirdParty:1030 - CMSIS Pack Vendor :STMicroelectronics X-CUBE-AZRTOS-H7RS 1.0.0
2025-03-21 10:31:40,100 [INFO] ThirdParty:1030 - CMSIS Pack Vendor :STMicroelectronics FP-ATR-ASTRA1 2.0.0
2025-03-21 10:31:40,100 [INFO] ThirdParty:1030 - CMSIS Pack Vendor :STMicroelectronics X-CUBE-TOF1 3.4.2
2025-03-21 10:31:40,100 [INFO] ThirdParty:1030 - CMSIS Pack Vendor :STMicroelectronics X-CUBE-AI 9.1.0
2025-03-21 10:31:40,100 [INFO] ThirdParty:1030 - CMSIS Pack Vendor :STMicroelectronics X-CUBE-TOF1 3.4.0
2025-03-21 10:31:40,100 [INFO] ThirdParty:1030 - CMSIS Pack Vendor :STMicroelectronics X-CUBE-TOF1 3.4.1
2025-03-21 10:31:40,101 [INFO] ThirdParty:1030 - CMSIS Pack Vendor :STMicroelectronics X-CUBE-AZRTOS-H7 3.2.0
2025-03-21 10:31:40,101 [INFO] ThirdParty:1030 - CMSIS Pack Vendor :wolfSSL I-CUBE-wolfSSH 1.4.17
2025-03-21 10:31:40,101 [INFO] ThirdParty:841 - exiting critical section [change project]
2025-03-21 10:31:40,665 [INFO] PinOutPanel:1561 - setPackage(No Configuration,No Configuration)
2025-03-21 10:31:40,669 [INFO] PinOutPanel:1561 - setPackage(STM32L4R9AIIx,UFBGA169)
2025-03-21 10:31:41,683 [INFO] UtilMem:75 - Before build in PCC Used Memory: 942134880 Bytes (1073741824)
2025-03-21 10:31:42,468 [INFO] UtilMem:75 - After build in PCC Used Memory: 959898944 Bytes (1073741824)
2025-03-21 10:31:42,469 [INFO] Middleware:612 - instanceName : STMicroelectronics.X-CUBE-AI.10.0.0 bspName : COM Port check condition failed for : !SEMDeviceJjApplicationJjApplicationTemplate
2025-03-21 10:31:42,469 [INFO] Middleware:612 - instanceName : STMicroelectronics.X-CUBE-AI.10.0.0 bspName : COM Port check condition failed for : !SEMDeviceJjApplicationJjApplicationTemplate
2025-03-21 10:31:42,469 [INFO] Middleware:612 - instanceName : STMicroelectronics.X-CUBE-AI.10.0.0 bspName : COM Port check condition failed for : !SEMDeviceJjApplicationJjApplicationTemplate
2025-03-21 10:31:42,553 [INFO] IPUIPlugin:80 - create IPUIPlugin
2025-03-21 10:31:42,553 [INFO] IPUIPlugin:80 - create IPUIPlugin
2025-03-21 10:31:42,553 [INFO] IPUIPlugin:80 - create IPUIPlugin
2025-03-21 10:31:42,553 [INFO] IPUIPlugin:80 - create IPUIPlugin
2025-03-21 10:31:42,554 [INFO] IPUIPlugin:80 - create IPUIPlugin
2025-03-21 10:31:42,554 [INFO] IPUIPlugin:80 - create IPUIPlugin
2025-03-21 10:31:42,554 [INFO] IPUIPlugin:80 - create IPUIPlugin
2025-03-21 10:31:42,555 [INFO] IPUIPlugin:80 - create IPUIPlugin
2025-03-21 10:31:42,555 [INFO] IPUIPlugin:80 - create IPUIPlugin
2025-03-21 10:31:42,556 [INFO] IPUIPlugin:80 - create IPUIPlugin
2025-03-21 10:31:42,556 [INFO] IPUIPlugin:80 - create IPUIPlugin
2025-03-21 10:31:42,556 [INFO] IPUIPlugin:80 - create IPUIPlugin
2025-03-21 10:31:42,556 [INFO] IPUIPlugin:80 - create IPUIPlugin
2025-03-21 10:31:42,557 [INFO] IPUIPlugin:80 - create IPUIPlugin
2025-03-21 10:31:42,558 [INFO] IPUIPlugin:80 - create IPUIPlugin
2025-03-21 10:31:42,558 [INFO] IPUIPlugin:80 - create IPUIPlugin
2025-03-21 10:31:42,558 [INFO] IPUIPlugin:80 - create IPUIPlugin
2025-03-21 10:31:42,559 [INFO] IPUIPlugin:80 - create IPUIPlugin
2025-03-21 10:31:42,559 [INFO] IPUIPlugin:80 - create IPUIPlugin
2025-03-21 10:31:42,559 [INFO] IPUIPlugin:80 - create IPUIPlugin
2025-03-21 10:31:42,560 [INFO] IPUIPlugin:80 - create IPUIPlugin
2025-03-21 10:31:42,561 [INFO] IPUIPlugin:80 - create IPUIPlugin
2025-03-21 10:31:42,562 [INFO] IPUIPlugin:80 - create IPUIPlugin
2025-03-21 10:31:42,563 [INFO] IPUIPlugin:80 - create IPUIPlugin
2025-03-21 10:31:42,563 [INFO] IPUIPlugin:80 - create IPUIPlugin
2025-03-21 10:31:42,564 [INFO] IPUIPlugin:80 - create IPUIPlugin
2025-03-21 10:31:42,564 [INFO] IPUIPlugin:80 - create IPUIPlugin
2025-03-21 10:31:42,564 [INFO] IPUIPlugin:80 - create IPUIPlugin
2025-03-21 10:31:42,565 [INFO] IPUIPlugin:80 - create IPUIPlugin
2025-03-21 10:31:42,565 [INFO] IPUIPlugin:80 - create IPUIPlugin
2025-03-21 10:31:42,566 [INFO] IPUIPlugin:80 - create IPUIPlugin
2025-03-21 10:31:42,566 [INFO] IPUIPlugin:80 - create IPUIPlugin
2025-03-21 10:31:42,567 [INFO] IPUIPlugin:80 - create IPUIPlugin
2025-03-21 10:31:42,567 [INFO] IPUIPlugin:80 - create IPUIPlugin
2025-03-21 10:31:42,568 [INFO] IPUIPlugin:80 - create IPUIPlugin
2025-03-21 10:31:42,569 [INFO] IPUIPlugin:80 - create IPUIPlugin
2025-03-21 10:31:42,569 [INFO] IPUIPlugin:80 - create IPUIPlugin
2025-03-21 10:31:42,573 [INFO] IPUIPlugin:80 - create IPUIPlugin
2025-03-21 10:31:42,574 [INFO] IPUIPlugin:80 - create IPUIPlugin
2025-03-21 10:31:42,575 [INFO] IPUIPlugin:80 - create IPUIPlugin
2025-03-21 10:31:42,575 [INFO] IPUIPlugin:80 - create IPUIPlugin
2025-03-21 10:31:42,577 [INFO] IPUIPlugin:80 - create IPUIPlugin
2025-03-21 10:31:42,579 [INFO] IPUIPlugin:80 - create IPUIPlugin
2025-03-21 10:31:42,580 [INFO] IPUIPlugin:80 - create IPUIPlugin
2025-03-21 10:31:42,581 [INFO] IPUIPlugin:80 - create IPUIPlugin
2025-03-21 10:31:42,581 [INFO] IPUIPlugin:80 - create IPUIPlugin
2025-03-21 10:31:42,582 [INFO] IPUIPlugin:80 - create IPUIPlugin
2025-03-21 10:31:42,582 [INFO] IPUIPlugin:80 - create IPUIPlugin
2025-03-21 10:31:42,583 [INFO] IPUIPlugin:80 - create IPUIPlugin
2025-03-21 10:31:42,584 [INFO] IPUIPlugin:80 - create IPUIPlugin
2025-03-21 10:31:42,584 [INFO] IPUIPlugin:80 - create IPUIPlugin
2025-03-21 10:31:42,585 [INFO] IPUIPlugin:80 - create IPUIPlugin
2025-03-21 10:31:42,586 [INFO] IPUIPlugin:80 - create IPUIPlugin
2025-03-21 10:31:42,587 [INFO] IPUIPlugin:80 - create IPUIPlugin
2025-03-21 10:31:42,588 [INFO] IPUIPlugin:80 - create IPUIPlugin
2025-03-21 10:31:42,588 [INFO] IPUIPlugin:80 - create IPUIPlugin
2025-03-21 10:31:42,589 [INFO] IPUIPlugin:80 - create IPUIPlugin
2025-03-21 10:31:42,590 [INFO] IPUIPlugin:80 - create IPUIPlugin
2025-03-21 10:31:42,591 [INFO] IPUIPlugin:80 - create IPUIPlugin
2025-03-21 10:31:42,592 [INFO] IPUIPlugin:80 - create IPUIPlugin
2025-03-21 10:31:42,594 [INFO] IPUIPlugin:80 - create IPUIPlugin
2025-03-21 10:31:42,595 [INFO] IPUIPlugin:80 - create IPUIPlugin
2025-03-21 10:31:42,596 [INFO] IPUIPlugin:80 - create IPUIPlugin
2025-03-21 10:31:42,597 [INFO] IPUIPlugin:80 - create IPUIPlugin
2025-03-21 10:31:42,598 [INFO] IPUIPlugin:80 - create IPUIPlugin
2025-03-21 10:31:42,600 [INFO] AI:968 - onDisable adding AI com.st.microxplorer.plugins.ip.ai.AI@ab1e35c on STMicroelectronics.X-CUBE-AI.10.0.0
2025-03-21 10:31:42,904 [INFO] CADModel:165 - CPN selected for project levelSTM32L4R9AII6
2025-03-21 10:31:42,904 [INFO] CADModel:114 - Register for checkConnection events
2025-03-21 10:31:43,018 [INFO] OpenFileManager:363 - Restore cursor
2025-03-21 10:31:44,138 [INFO] AIMainUI:1270 - Restoring parameters from IP...
2025-03-21 10:31:44,139 [INFO] AIMainUI:1393 - No old model detected
2025-03-21 10:31:44,150 [ERROR] N6Profiles:77 - java.io.FileNotFoundException: C:\Users\hugoc\STM32Cube\Repository\Packs\STMicroelectronics\X-CUBE-AI\10.0.0\scripts\N6_scripts\user_neuralart.json (Le chemin d’accès spécifié est introuvable)
2025-03-21 10:31:44,163 [INFO] AInterface:114 - AInterface using toolDir: C:/Users/hugoc/STM32Cube/Repository/Packs/STMicroelectronics/X-CUBE-AI/10.0.0/Utilities/windows
2025-03-21 10:31:44,170 [INFO] AIModelDetailledView:2372 - Analysis status: -
2025-03-21 10:31:44,172 [INFO] AIModelDetailledView:930 - Selected model: Keras
2025-03-21 10:31:44,258 [INFO] AIModelDetailledView:2372 - Analysis status: done
2025-03-21 10:38:23,979 [INFO] AI:951 - getUI adding AI com.st.microxplorer.plugins.ip.ai.AI@ab1e35c on STMicroelectronics.X-CUBE-AI.10.0.0
2025-03-21 10:38:23,979 [INFO] Middleware:612 - instanceName : STMicroelectronics.X-CUBE-AI.10.0.0 bspName : COM Port check condition failed for : !SEMDeviceJjApplicationJjApplicationTemplate
2025-03-21 10:38:23,979 [INFO] Middleware:612 - instanceName : STMicroelectronics.X-CUBE-AI.10.0.0 bspName : COM Port check condition failed for : !SEMDeviceJjApplicationJjApplicationTemplate
2025-03-21 10:38:23,980 [INFO] Middleware:612 - instanceName : STMicroelectronics.X-CUBE-AI.10.0.0 bspName : COM Port check condition failed for : !SEMDeviceJjApplicationJjApplicationTemplate
2025-03-21 10:38:42,393 [INFO] AIModelDetailledView:1053 - Model path:  C:\Users\hugoc\OneDrive\Documents\Hugo\ISMIN\Cours\S8\Ia_Data\IA_embarque\TP1_IA_Emb\.ai\model_v1_Model_V1.h5_c_info.json
2025-03-21 11:02:19,434 [ERROR] LogOutputStream:75 - [STDERR_REDIRECT] 
2025-03-21 11:02:19,436 [ERROR] LogOutputStream:75 - [STDERR_REDIRECT] 
2025-03-21 11:03:11,569 [INFO] Activator:176 - 


2025-03-21 11:03:11,574 [INFO] Activator:177 - !SESSION log4j initialized
2025-03-21 11:03:30,421 [INFO] LogOutputStream:77 - [STDOUT_REDIRECT] 
2025-03-21 11:03:54,145 [INFO] ApplicationProperties:184 - Using Application install path: C:\ST\STM32CubeIDE_1.13.1\STM32CubeIDE\plugins\com.st.stm32cube.common.mx_6.12.0.202406281431
2025-03-21 11:03:54,195 [INFO] DbMcusXml:78 - Set database path to: C:\ST\STM32CubeIDE_1.13.1\STM32CubeIDE\plugins\com.st.stm32cube.common.mx_6.12.0.202406281431\\db\/mcu/
2025-03-21 11:03:54,196 [INFO] ApiDb:274 - Set plugin database path to: C:\ST\STM32CubeIDE_1.13.1\STM32CubeIDE\plugins\com.st.stm32cube.common.mx_6.12.0.202406281431\\db\/plugins/boardmanager/
2025-03-21 11:03:54,200 [WARN] ApiDb:259 - Overriding images path with different value:  => C:\ST\STM32CubeIDE_1.13.1\STM32CubeIDE\plugins\com.st.stm32cube.common.mx_6.12.0.202406281431\\db\/plugins/mcufinder/images/
2025-03-21 11:03:54,226 [INFO] ApiDb:250 - Set database path to: C:\Users\hugoc\.stmcufinder\plugins\mcufinder//mcu/
2025-03-21 11:03:54,229 [INFO] DbMcusAds:125 - Set database path to: C:\Users\hugoc\.stmcufinder\plugins\mcufinder//mcu/
2025-03-21 11:03:54,257 [INFO] CrossReferenceDbSqlite:203 - Set database path to: C:\Users\hugoc\.stmcufinder\plugins\mcufinder//mcu/cs/
2025-03-21 11:03:54,644 [INFO] RulesReader:64 - Compatibility file has been processed (297 Rules)
2025-03-21 11:03:55,283 [INFO] DbMcusXml:78 - Set database path to: C:\ST\STM32CubeIDE_1.13.1\STM32CubeIDE\plugins\com.st.stm32cube.common.mx_6.12.0.202406281431\\db\/mcu/
2025-03-21 11:03:55,284 [INFO] ApiDb:274 - Set plugin database path to: C:\ST\STM32CubeIDE_1.13.1\STM32CubeIDE\plugins\com.st.stm32cube.common.mx_6.12.0.202406281431\\db\/plugins/boardmanager/
2025-03-21 11:03:55,284 [INFO] ApiDb:261 - Set plugin images path to: C:\ST\STM32CubeIDE_1.13.1\STM32CubeIDE\plugins\com.st.stm32cube.common.mx_6.12.0.202406281431\\db\/plugins/mcufinder/images/
2025-03-21 11:03:55,284 [WARN] DbFile:41 - Overriding database path with different value: C:\Users\hugoc\.stmcufinder\plugins\mcufinder/ => C:\Users\hugoc\.stmcufinder\plugins\mcufinder
2025-03-21 11:03:55,285 [INFO] ApiDb:250 - Set database path to: C:\Users\hugoc\.stmcufinder\plugins\mcufinder//mcu/
2025-03-21 11:03:55,285 [WARN] DbFile:41 - Overriding database path with different value: C:\Users\hugoc\.stmcufinder\plugins\mcufinder/ => C:\Users\hugoc\.stmcufinder\plugins\mcufinder
2025-03-21 11:03:55,285 [INFO] DbMcusAds:125 - Set database path to: C:\Users\hugoc\.stmcufinder\plugins\mcufinder//mcu/
2025-03-21 11:03:55,285 [WARN] DbFile:41 - Overriding database path with different value: C:\Users\hugoc\.stmcufinder\plugins\mcufinder/ => C:\Users\hugoc\.stmcufinder\plugins\mcufinder
2025-03-21 11:03:55,285 [WARN] DbFile:41 - Overriding database path with different value: C:\Users\hugoc\.stmcufinder\plugins\mcufinder/ => C:\Users\hugoc\.stmcufinder\plugins\mcufinder
2025-03-21 11:03:55,286 [INFO] CrossReferenceDbSqlite:203 - Set database path to: C:\Users\hugoc\.stmcufinder\plugins\mcufinder//mcu/cs/
2025-03-21 11:03:55,636 [INFO] MainPanel:268 - HeapMemory: 311427072
2025-03-21 11:03:56,141 [INFO] DbMcusXml:78 - Set database path to: C:\ST\STM32CubeIDE_1.13.1\STM32CubeIDE\plugins\com.st.stm32cube.common.mx_6.12.0.202406281431\\db\/mcu/
2025-03-21 11:03:56,141 [INFO] ApiDb:274 - Set plugin database path to: C:\ST\STM32CubeIDE_1.13.1\STM32CubeIDE\plugins\com.st.stm32cube.common.mx_6.12.0.202406281431\\db\/plugins/boardmanager/
2025-03-21 11:03:56,141 [INFO] ApiDb:261 - Set plugin images path to: C:\ST\STM32CubeIDE_1.13.1\STM32CubeIDE\plugins\com.st.stm32cube.common.mx_6.12.0.202406281431\\db\/plugins/mcufinder/images/
2025-03-21 11:03:56,142 [WARN] DbFile:41 - Overriding database path with different value: C:\Users\hugoc\.stmcufinder\plugins\mcufinder/ => C:\Users\hugoc\.stmcufinder\plugins\mcufinder
2025-03-21 11:03:56,143 [INFO] ApiDb:250 - Set database path to: C:\Users\hugoc\.stmcufinder\plugins\mcufinder//mcu/
2025-03-21 11:03:56,143 [WARN] DbFile:41 - Overriding database path with different value: C:\Users\hugoc\.stmcufinder\plugins\mcufinder/ => C:\Users\hugoc\.stmcufinder\plugins\mcufinder
2025-03-21 11:03:56,143 [INFO] DbMcusAds:125 - Set database path to: C:\Users\hugoc\.stmcufinder\plugins\mcufinder//mcu/
2025-03-21 11:03:56,143 [WARN] DbFile:41 - Overriding database path with different value: C:\Users\hugoc\.stmcufinder\plugins\mcufinder/ => C:\Users\hugoc\.stmcufinder\plugins\mcufinder
2025-03-21 11:03:56,143 [WARN] DbFile:41 - Overriding database path with different value: C:\Users\hugoc\.stmcufinder\plugins\mcufinder/ => C:\Users\hugoc\.stmcufinder\plugins\mcufinder
2025-03-21 11:03:56,144 [INFO] CrossReferenceDbSqlite:203 - Set database path to: C:\Users\hugoc\.stmcufinder\plugins\mcufinder//mcu/cs/
2025-03-21 11:03:57,012 [INFO] ApplicationProperties:184 - Using Application install path: C:\ST\STM32CubeIDE_1.13.1\STM32CubeIDE\plugins\com.st.stm32cube.common.mx_6.12.0.202406281431
2025-03-21 11:03:57,016 [INFO] PluginManage:196 - Search for loadable plugins [exclusion list=, ]
2025-03-21 11:03:57,048 [INFO] PluginManage:310 - Check plugin analytics
2025-03-21 11:03:57,931 [INFO] AnalyticsPlugin:253 - Accepted Software Licenses: 
2025-03-21 11:03:57,932 [INFO] AnalyticsPlugin:255 - Accepted CMSIS Pack Licenses: 
2025-03-21 11:03:57,932 [INFO] AnalyticsPlugin:257 - Accepted Firmware Licenses: 
2025-03-21 11:03:57,934 [INFO] PluginManage:359 - Loaded plugin analytics (category:tool,tabindex:-1)
2025-03-21 11:03:57,935 [INFO] PluginManage:310 - Check plugin cadmodel
2025-03-21 11:03:58,073 [INFO] CADModel:105 - Init CAD model plugin
2025-03-21 11:03:58,074 [INFO] PluginManage:359 - Loaded plugin cadmodel (category:power,tabindex:5)
2025-03-21 11:03:58,075 [INFO] PluginManage:310 - Check plugin clock
2025-03-21 11:03:58,150 [INFO] PluginManage:359 - Loaded plugin clock (category:base,tabindex:2)
2025-03-21 11:03:58,154 [INFO] PluginManage:310 - Check plugin ddr
2025-03-21 11:03:58,340 [INFO] PluginManage:359 - Loaded plugin ddr (category:tool,tabindex:6)
2025-03-21 11:03:58,341 [INFO] PluginManage:310 - Check plugin filemanager
2025-03-21 11:03:58,822 [INFO] PluginManage:359 - Loaded plugin filemanager (category:base,tabindex:10)
2025-03-21 11:03:58,822 [INFO] PluginManage:310 - Check plugin ipmanager
2025-03-21 11:03:58,921 [INFO] PluginManage:359 - Loaded plugin ipmanager (category:base,tabindex:5)
2025-03-21 11:03:58,922 [INFO] PluginManage:310 - Check plugin lpbam
2025-03-21 11:03:58,944 [INFO] PluginManage:359 - Loaded plugin lpbam (category:base,tabindex:0)
2025-03-21 11:03:58,945 [INFO] PluginManage:310 - Check plugin memorymap
2025-03-21 11:03:59,016 [INFO] PluginManage:359 - Loaded plugin memorymap (category:base,tabindex:4)
2025-03-21 11:03:59,017 [INFO] PluginManage:310 - Check plugin pinoutandconfiguration
2025-03-21 11:03:59,062 [INFO] PluginManage:359 - Loaded plugin pinoutandconfiguration (category:base,tabindex:1)
2025-03-21 11:03:59,062 [INFO] PluginManage:310 - Check plugin pinoutconfig
2025-03-21 11:03:59,400 [WARN] SupportedApi:132 - Cannot load RTOS API schema: s4s-elt-must-match.1: The content of 'definitions' must match (annotation?, (simpleType | complexType)?, (unique | key | keyref)*)). A problem was found starting at: attribute.
2025-03-21 11:03:59,976 [INFO] PluginManage:359 - Loaded plugin pinoutconfig (category:base,tabindex:0)
2025-03-21 11:03:59,976 [INFO] PluginManage:310 - Check plugin power
2025-03-21 11:03:59,998 [INFO] PluginManage:359 - Loaded plugin power (category:power,tabindex:4)
2025-03-21 11:03:59,999 [INFO] PluginManage:310 - Check plugin projectmanager
2025-03-21 11:04:00,046 [INFO] PluginManage:359 - Loaded plugin projectmanager (category:projectmanager,tabindex:4)
2025-03-21 11:04:00,047 [INFO] PluginManage:310 - Check plugin rif
2025-03-21 11:04:00,073 [INFO] PluginManage:359 - Loaded plugin rif (category:base,tabindex:3)
2025-03-21 11:04:00,074 [INFO] PluginManage:310 - Check plugin thirdparty
2025-03-21 11:04:00,612 [INFO] PluginManage:359 - Loaded plugin thirdparty (category:base,tabindex:-1)
2025-03-21 11:04:00,613 [WARN] IntegrityCheckThread:84 - waiting for thirdparty lock release [integrity check]
2025-03-21 11:04:00,614 [INFO] IntegrityCheckThread:86 - entering critical section [integrity check]
2025-03-21 11:04:00,615 [INFO] PluginManage:310 - Check plugin tools
2025-03-21 11:04:00,617 [INFO] ThirdPartyUpdaterWithRetryManager:70 - Updater plugin not ready yet. [1/15]
2025-03-21 11:04:00,623 [INFO] PluginManage:359 - Loaded plugin tools (category:base,tabindex:7)
2025-03-21 11:04:00,624 [INFO] PluginManage:310 - Check plugin tutovideos
2025-03-21 11:04:01,600 [INFO] PluginManage:359 - Loaded plugin tutovideos (category:base,tabindex:-1)
2025-03-21 11:04:01,602 [INFO] PluginManage:310 - Check plugin updater
2025-03-21 11:04:02,044 [INFO] PluginManage:359 - Loaded plugin updater (category:base,tabindex:12)
2025-03-21 11:04:02,045 [INFO] PluginManage:310 - Check plugin userauth
2025-03-21 11:04:02,075 [INFO] UserAuth:113 - Init User Auth plugin
2025-03-21 11:04:02,076 [INFO] PluginManage:359 - Loaded plugin userauth (category:base,tabindex:14)
2025-03-21 11:04:02,077 [INFO] PluginManage:283 - PluginManage : Loaded plugins [18]
2025-03-21 11:04:03,606 [INFO] PinOutPanel:1561 - setPackage(No Configuration,No Configuration)
2025-03-21 11:04:03,621 [INFO] ThirdPartyUpdaterWithRetryManager:70 - Updater plugin not ready yet. [2/15]
2025-03-21 11:04:04,323 [INFO] CADModel:165 - CPN selected for project level
2025-03-21 11:04:04,323 [INFO] CADModel:114 - Register for checkConnection events
2025-03-21 11:04:04,383 [INFO] IPUIPlugin:80 - create IPUIPlugin
2025-03-21 11:04:04,384 [INFO] PluginManager:220 - loadIPPluginJar : add adc
2025-03-21 11:04:04,404 [INFO] IPUIPlugin:80 - create IPUIPlugin
2025-03-21 11:04:04,405 [INFO] PluginManager:220 - loadIPPluginJar : add aes
2025-03-21 11:04:04,414 [INFO] IPUIPlugin:80 - create IPUIPlugin
2025-03-21 11:04:04,414 [INFO] PluginManager:220 - loadIPPluginJar : add can
2025-03-21 11:04:04,421 [INFO] IPUIPlugin:80 - create IPUIPlugin
2025-03-21 11:04:04,421 [INFO] PluginManager:220 - loadIPPluginJar : add comp
2025-03-21 11:04:04,428 [INFO] IPUIPlugin:80 - create IPUIPlugin
2025-03-21 11:04:04,429 [INFO] PluginManager:220 - loadIPPluginJar : add cryp
2025-03-21 11:04:04,453 [INFO] IPUIPlugin:80 - create IPUIPlugin
2025-03-21 11:04:04,454 [INFO] PluginManager:220 - loadIPPluginJar : add ddr_ctrl_phy
2025-03-21 11:04:04,477 [INFO] IPUIPlugin:80 - create IPUIPlugin
2025-03-21 11:04:04,478 [INFO] PluginManager:220 - loadIPPluginJar : add dfsdm
2025-03-21 11:04:04,497 [INFO] IPUIPlugin:80 - create IPUIPlugin
2025-03-21 11:04:04,499 [INFO] PluginManager:220 - loadIPPluginJar : add dma
2025-03-21 11:04:04,509 [INFO] IPUIPlugin:80 - create IPUIPlugin
2025-03-21 11:04:04,509 [INFO] PluginManager:220 - loadIPPluginJar : add dma3
2025-03-21 11:04:04,517 [INFO] IPUIPlugin:80 - create IPUIPlugin
2025-03-21 11:04:04,517 [INFO] PluginManager:220 - loadIPPluginJar : add extmemmanager
2025-03-21 11:04:04,525 [INFO] IPUIPlugin:80 - create IPUIPlugin
2025-03-21 11:04:04,525 [INFO] PluginManager:220 - loadIPPluginJar : add fatfs
2025-03-21 11:04:04,601 [INFO] IPUIPlugin:80 - create IPUIPlugin
2025-03-21 11:04:04,601 [INFO] PluginManager:220 - loadIPPluginJar : add fmc
2025-03-21 11:04:04,616 [INFO] IPUIPlugin:80 - create IPUIPlugin
2025-03-21 11:04:04,617 [INFO] PluginManager:220 - loadIPPluginJar : add freertos
2025-03-21 11:04:04,624 [INFO] IPUIPlugin:80 - create IPUIPlugin
2025-03-21 11:04:04,624 [INFO] PluginManager:220 - loadIPPluginJar : add genericplugin
2025-03-21 11:04:04,635 [INFO] IPUIPlugin:80 - create IPUIPlugin
2025-03-21 11:04:04,635 [INFO] PluginManager:220 - loadIPPluginJar : add gfxmmu
2025-03-21 11:04:04,650 [INFO] IPUIPlugin:80 - create IPUIPlugin
2025-03-21 11:04:04,650 [INFO] PluginManager:220 - loadIPPluginJar : add gic
2025-03-21 11:04:04,667 [INFO] IPUIPlugin:80 - create IPUIPlugin
2025-03-21 11:04:04,667 [INFO] PluginManager:220 - loadIPPluginJar : add gpio
2025-03-21 11:04:04,676 [INFO] IPUIPlugin:80 - create IPUIPlugin
2025-03-21 11:04:04,677 [INFO] PluginManager:220 - loadIPPluginJar : add gtzc
2025-03-21 11:04:04,684 [INFO] IPUIPlugin:80 - create IPUIPlugin
2025-03-21 11:04:04,684 [INFO] PluginManager:220 - loadIPPluginJar : add hash
2025-03-21 11:04:04,692 [INFO] IPUIPlugin:80 - create IPUIPlugin
2025-03-21 11:04:04,692 [INFO] PluginManager:220 - loadIPPluginJar : add i2c
2025-03-21 11:04:04,701 [INFO] IPUIPlugin:80 - create IPUIPlugin
2025-03-21 11:04:04,701 [INFO] PluginManager:220 - loadIPPluginJar : add i2s
2025-03-21 11:04:04,710 [INFO] IPUIPlugin:80 - create IPUIPlugin
2025-03-21 11:04:04,710 [INFO] PluginManager:220 - loadIPPluginJar : add i3c
2025-03-21 11:04:04,728 [INFO] IPUIPlugin:80 - create IPUIPlugin
2025-03-21 11:04:04,729 [INFO] PluginManager:220 - loadIPPluginJar : add ipddr
2025-03-21 11:04:04,750 [INFO] IPUIPlugin:80 - create IPUIPlugin
2025-03-21 11:04:04,751 [INFO] PluginManager:220 - loadIPPluginJar : add linkedlist
2025-03-21 11:04:04,777 [INFO] IPUIPlugin:80 - create IPUIPlugin
2025-03-21 11:04:04,778 [INFO] PluginManager:220 - loadIPPluginJar : add lorawan
2025-03-21 11:04:04,784 [INFO] IPUIPlugin:80 - create IPUIPlugin
2025-03-21 11:04:04,785 [INFO] PluginManager:220 - loadIPPluginJar : add ltdc
2025-03-21 11:04:04,801 [INFO] IPUIPlugin:80 - create IPUIPlugin
2025-03-21 11:04:04,802 [INFO] PluginManager:220 - loadIPPluginJar : add mdma
2025-03-21 11:04:04,814 [INFO] IPUIPlugin:80 - create IPUIPlugin
2025-03-21 11:04:04,815 [INFO] PluginManager:220 - loadIPPluginJar : add nvic
2025-03-21 11:04:04,822 [INFO] IPUIPlugin:80 - create IPUIPlugin
2025-03-21 11:04:04,823 [INFO] PluginManager:220 - loadIPPluginJar : add opamp
2025-03-21 11:04:04,833 [INFO] IPUIPlugin:80 - create IPUIPlugin
2025-03-21 11:04:04,834 [INFO] PluginManager:220 - loadIPPluginJar : add openamp
2025-03-21 11:04:04,843 [INFO] IPUIPlugin:80 - create IPUIPlugin
2025-03-21 11:04:04,843 [INFO] PluginManager:220 - loadIPPluginJar : add pdm2pcm
2025-03-21 11:04:04,867 [INFO] IPUIPlugin:80 - create IPUIPlugin
2025-03-21 11:04:04,884 [INFO] PluginManager:220 - loadIPPluginJar : add plateformsettings
2025-03-21 11:04:04,898 [INFO] IPUIPlugin:80 - create IPUIPlugin
2025-03-21 11:04:04,899 [INFO] PluginManager:220 - loadIPPluginJar : add quadspi
2025-03-21 11:04:04,905 [INFO] IPUIPlugin:80 - create IPUIPlugin
2025-03-21 11:04:04,907 [INFO] PluginManager:220 - loadIPPluginJar : add radio
2025-03-21 11:04:04,921 [INFO] IPUIPlugin:80 - create IPUIPlugin
2025-03-21 11:04:04,921 [INFO] PluginManager:220 - loadIPPluginJar : add resmgrutility
2025-03-21 11:04:04,932 [INFO] IPUIPlugin:80 - create IPUIPlugin
2025-03-21 11:04:04,932 [INFO] PluginManager:220 - loadIPPluginJar : add sai
2025-03-21 11:04:04,941 [INFO] IPUIPlugin:80 - create IPUIPlugin
2025-03-21 11:04:04,942 [INFO] PluginManager:220 - loadIPPluginJar : add spi
2025-03-21 11:04:04,955 [INFO] IPUIPlugin:80 - create IPUIPlugin
2025-03-21 11:04:04,955 [INFO] PluginManager:220 - loadIPPluginJar : add stm32_wpan
2025-03-21 11:04:04,961 [INFO] IPUIPlugin:80 - create IPUIPlugin
2025-03-21 11:04:04,961 [INFO] PluginManager:220 - loadIPPluginJar : add tim
2025-03-21 11:04:04,971 [INFO] IPUIPlugin:80 - create IPUIPlugin
2025-03-21 11:04:04,972 [INFO] PluginManager:220 - loadIPPluginJar : add touchsensing
2025-03-21 11:04:04,997 [INFO] IPUIPlugin:80 - create IPUIPlugin
2025-03-21 11:04:04,998 [INFO] PluginManager:220 - loadIPPluginJar : add tracer_emb
2025-03-21 11:04:05,006 [INFO] IPUIPlugin:80 - create IPUIPlugin
2025-03-21 11:04:05,007 [INFO] PluginManager:220 - loadIPPluginJar : add ts
2025-03-21 11:04:05,036 [INFO] IPUIPlugin:80 - create IPUIPlugin
2025-03-21 11:04:05,037 [INFO] PluginManager:220 - loadIPPluginJar : add tsc
2025-03-21 11:04:05,070 [INFO] IPUIPlugin:80 - create IPUIPlugin
2025-03-21 11:04:05,070 [INFO] PluginManager:220 - loadIPPluginJar : add ucpd
2025-03-21 11:04:05,086 [INFO] IPUIPlugin:80 - create IPUIPlugin
2025-03-21 11:04:05,086 [INFO] PluginManager:220 - loadIPPluginJar : add usart
2025-03-21 11:04:05,102 [INFO] IPUIPlugin:80 - create IPUIPlugin
2025-03-21 11:04:05,102 [INFO] PluginManager:220 - loadIPPluginJar : add usbx
2025-03-21 11:04:05,811 [INFO] CADModel:165 - CPN selected for project level
2025-03-21 11:04:05,811 [INFO] CADModel:114 - Register for checkConnection events
2025-03-21 11:04:05,812 [FATAL] Updater:334 - Updater called before beeing initialized
2025-03-21 11:04:05,813 [ERROR] CADModel:125 - Updater not yet initialized, retry later 
2025-03-21 11:04:06,567 [INFO] CADModel:165 - CPN selected for project level
2025-03-21 11:04:06,567 [INFO] CADModel:114 - Register for checkConnection events
2025-03-21 11:04:06,567 [FATAL] Updater:334 - Updater called before beeing initialized
2025-03-21 11:04:06,568 [ERROR] CADModel:125 - Updater not yet initialized, retry later 
2025-03-21 11:04:06,575 [FATAL] Updater:334 - Updater called before beeing initialized
2025-03-21 11:04:06,624 [INFO] ThirdPartyUpdaterWithRetryManager:70 - Updater plugin not ready yet. [3/15]
2025-03-21 11:04:07,139 [FATAL] Updater:334 - Updater called before beeing initialized
2025-03-21 11:04:07,183 [INFO] DbMcusAds:53 - JSON generation date=Thu Mar 06 15:54:21 CET 2025 (1741272861825)
2025-03-21 11:04:07,183 [FATAL] Updater:334 - Updater called before beeing initialized
2025-03-21 11:04:07,416 [WARN] DetailPanel:346 - Failed to get advertising image, set to default
2025-03-21 11:04:08,426 [FATAL] Updater:334 - Updater called before beeing initialized
2025-03-21 11:04:08,432 [FATAL] Updater:334 - Updater called before beeing initialized
2025-03-21 11:04:08,432 [FATAL] Updater:334 - Updater called before beeing initialized
2025-03-21 11:04:08,432 [WARN] DetailPanel:346 - Failed to get advertising image, set to default
2025-03-21 11:04:08,434 [FATAL] Updater:334 - Updater called before beeing initialized
2025-03-21 11:04:08,627 [ERROR] Updater:1164 - MainUpdater not yet initialized. External WinMGr cannot be set.
2025-03-21 11:04:08,633 [INFO] Updater:1100 - Updater Version found : 6.12.0
2025-03-21 11:04:08,727 [INFO] ApplicationProperties:184 - Using Application install path: C:\ST\STM32CubeIDE_1.13.1\STM32CubeIDE\plugins\com.st.stm32cube.common.mx_6.12.0.202406281431
2025-03-21 11:04:09,628 [FATAL] Updater:334 - Updater called before beeing initialized
2025-03-21 11:04:09,629 [ERROR] IntegrityCheckThread:130 - Cannot retrieve database content from updater: error 21
2025-03-21 11:04:09,631 [INFO] ThirdParty:978 - Integrity check success = false
2025-03-21 11:04:09,631 [INFO] IntegrityCheckThread:100 - exiting critical section [integrity check]
2025-03-21 11:04:09,631 [INFO] IntegrityCheckThread:103 - End integrity checks thread
2025-03-21 11:04:10,410 [ERROR] LogOutputStream:75 - [STDERR_REDIRECT] Mar 21, 2025 11:04:10 AM java.util.prefs.WindowsPreferences <init>
2025-03-21 11:04:10,438 [ERROR] LogOutputStream:75 - [STDERR_REDIRECT] WARNING: Could not open/create prefs root node Software\JavaSoft\Prefs at root 0xffffffff80000002. Windows RegCreateKeyEx(...) returned error code 5.
2025-03-21 11:04:10,439 [ERROR] LogOutputStream:75 - [STDERR_REDIRECT] 
2025-03-21 11:04:12,232 [INFO] MainUpdater:2873 - connection check result : 10
2025-03-21 11:04:12,234 [INFO] MainUpdater:290 - Updater Check For Update Now.
2025-03-21 11:04:12,234 [INFO] MicroXplorer:498 - Change Database Version : DB.6.0.120
2025-03-21 11:04:12,282 [INFO] McuFinderGlobals:63 - Set McuFinder mode to 2 (CubeIDE integrated)
2025-03-21 11:04:12,301 [INFO] UserAuth:417 - Internet connection configuration mode: 1
2025-03-21 11:04:12,436 [INFO] JxBrowserEngine:152 - Initiate JxBrowser Engine with user profile folder
2025-03-21 11:04:12,724 [INFO] CheckServerUpdateThread:120 - End of CheckServer Thread
2025-03-21 11:04:18,167 [INFO] WebApp:167 - Instantiating new browser for Auth
2025-03-21 11:04:23,975 [INFO] WebApp:448 - Apply proxy settings
2025-03-21 11:04:23,976 [INFO] WebApp:533 - Chromium requires no authentication
2025-03-21 11:04:24,004 [INFO] WebApp:476 - Direct internet connection detected
2025-03-21 11:04:24,096 [INFO] WebApp:869 - Register for checkConnection events
2025-03-21 11:04:24,097 [INFO] WebApp:448 - Apply proxy settings
2025-03-21 11:04:24,098 [INFO] WebApp:533 - Chromium requires no authentication
2025-03-21 11:04:24,099 [INFO] WebApp:476 - Direct internet connection detected
2025-03-21 11:04:25,043 [INFO] WebApp:220 - Starting web application
2025-03-21 11:04:25,043 [INFO] WebApp:578 - Web application path used C:\ST\STM32CubeIDE_1.13.1\STM32CubeIDE\plugins\com.st.stm32cube.common.mx_6.12.0.202406281431\db\plugins\mcufinder\reactClient1\index.html
2025-03-21 11:04:25,370 [INFO] WebApp:186 - Connection restablished
2025-03-21 11:04:25,616 [INFO] UserAuth:417 - Internet connection configuration mode: 1
2025-03-21 11:06:22,162 [ERROR] LogOutputStream:75 - [STDERR_REDIRECT] 
2025-03-21 11:06:22,165 [ERROR] LogOutputStream:75 - [STDERR_REDIRECT] 
2025-03-21 11:11:59,403 [INFO] Activator:176 - 


2025-03-21 11:11:59,408 [INFO] Activator:177 - !SESSION log4j initialized
2025-03-21 11:12:13,097 [INFO] LogOutputStream:77 - [STDOUT_REDIRECT] 
2025-03-21 11:12:23,537 [INFO] ApplicationProperties:184 - Using Application install path: C:\ST\STM32CubeIDE_1.13.1\STM32CubeIDE\plugins\com.st.stm32cube.common.mx_6.12.0.202406281431
2025-03-21 11:12:23,581 [INFO] DbMcusXml:78 - Set database path to: C:\ST\STM32CubeIDE_1.13.1\STM32CubeIDE\plugins\com.st.stm32cube.common.mx_6.12.0.202406281431\\db\/mcu/
2025-03-21 11:12:23,582 [INFO] ApiDb:274 - Set plugin database path to: C:\ST\STM32CubeIDE_1.13.1\STM32CubeIDE\plugins\com.st.stm32cube.common.mx_6.12.0.202406281431\\db\/plugins/boardmanager/
2025-03-21 11:12:23,583 [WARN] ApiDb:259 - Overriding images path with different value:  => C:\ST\STM32CubeIDE_1.13.1\STM32CubeIDE\plugins\com.st.stm32cube.common.mx_6.12.0.202406281431\\db\/plugins/mcufinder/images/
2025-03-21 11:12:23,603 [INFO] ApiDb:250 - Set database path to: C:\Users\hugoc\.stmcufinder\plugins\mcufinder//mcu/
2025-03-21 11:12:23,606 [INFO] DbMcusAds:125 - Set database path to: C:\Users\hugoc\.stmcufinder\plugins\mcufinder//mcu/
2025-03-21 11:12:23,611 [INFO] CrossReferenceDbSqlite:203 - Set database path to: C:\Users\hugoc\.stmcufinder\plugins\mcufinder//mcu/cs/
2025-03-21 11:12:23,944 [INFO] RulesReader:64 - Compatibility file has been processed (297 Rules)
2025-03-21 11:12:24,341 [INFO] DbMcusXml:78 - Set database path to: C:\ST\STM32CubeIDE_1.13.1\STM32CubeIDE\plugins\com.st.stm32cube.common.mx_6.12.0.202406281431\\db\/mcu/
2025-03-21 11:12:24,342 [INFO] ApiDb:274 - Set plugin database path to: C:\ST\STM32CubeIDE_1.13.1\STM32CubeIDE\plugins\com.st.stm32cube.common.mx_6.12.0.202406281431\\db\/plugins/boardmanager/
2025-03-21 11:12:24,342 [INFO] ApiDb:261 - Set plugin images path to: C:\ST\STM32CubeIDE_1.13.1\STM32CubeIDE\plugins\com.st.stm32cube.common.mx_6.12.0.202406281431\\db\/plugins/mcufinder/images/
2025-03-21 11:12:24,343 [WARN] DbFile:41 - Overriding database path with different value: C:\Users\hugoc\.stmcufinder\plugins\mcufinder/ => C:\Users\hugoc\.stmcufinder\plugins\mcufinder
2025-03-21 11:12:24,343 [INFO] ApiDb:250 - Set database path to: C:\Users\hugoc\.stmcufinder\plugins\mcufinder//mcu/
2025-03-21 11:12:24,344 [WARN] DbFile:41 - Overriding database path with different value: C:\Users\hugoc\.stmcufinder\plugins\mcufinder/ => C:\Users\hugoc\.stmcufinder\plugins\mcufinder
2025-03-21 11:12:24,344 [INFO] DbMcusAds:125 - Set database path to: C:\Users\hugoc\.stmcufinder\plugins\mcufinder//mcu/
2025-03-21 11:12:24,344 [WARN] DbFile:41 - Overriding database path with different value: C:\Users\hugoc\.stmcufinder\plugins\mcufinder/ => C:\Users\hugoc\.stmcufinder\plugins\mcufinder
2025-03-21 11:12:24,344 [WARN] DbFile:41 - Overriding database path with different value: C:\Users\hugoc\.stmcufinder\plugins\mcufinder/ => C:\Users\hugoc\.stmcufinder\plugins\mcufinder
2025-03-21 11:12:24,347 [INFO] CrossReferenceDbSqlite:203 - Set database path to: C:\Users\hugoc\.stmcufinder\plugins\mcufinder//mcu/cs/
2025-03-21 11:12:24,686 [INFO] MainPanel:268 - HeapMemory: 473956352
2025-03-21 11:12:24,985 [INFO] DbMcusXml:78 - Set database path to: C:\ST\STM32CubeIDE_1.13.1\STM32CubeIDE\plugins\com.st.stm32cube.common.mx_6.12.0.202406281431\\db\/mcu/
2025-03-21 11:12:24,985 [INFO] ApiDb:274 - Set plugin database path to: C:\ST\STM32CubeIDE_1.13.1\STM32CubeIDE\plugins\com.st.stm32cube.common.mx_6.12.0.202406281431\\db\/plugins/boardmanager/
2025-03-21 11:12:24,985 [INFO] ApiDb:261 - Set plugin images path to: C:\ST\STM32CubeIDE_1.13.1\STM32CubeIDE\plugins\com.st.stm32cube.common.mx_6.12.0.202406281431\\db\/plugins/mcufinder/images/
2025-03-21 11:12:24,988 [WARN] DbFile:41 - Overriding database path with different value: C:\Users\hugoc\.stmcufinder\plugins\mcufinder/ => C:\Users\hugoc\.stmcufinder\plugins\mcufinder
2025-03-21 11:12:24,988 [INFO] ApiDb:250 - Set database path to: C:\Users\hugoc\.stmcufinder\plugins\mcufinder//mcu/
2025-03-21 11:12:24,989 [WARN] DbFile:41 - Overriding database path with different value: C:\Users\hugoc\.stmcufinder\plugins\mcufinder/ => C:\Users\hugoc\.stmcufinder\plugins\mcufinder
2025-03-21 11:12:24,989 [INFO] DbMcusAds:125 - Set database path to: C:\Users\hugoc\.stmcufinder\plugins\mcufinder//mcu/
2025-03-21 11:12:24,989 [WARN] DbFile:41 - Overriding database path with different value: C:\Users\hugoc\.stmcufinder\plugins\mcufinder/ => C:\Users\hugoc\.stmcufinder\plugins\mcufinder
2025-03-21 11:12:24,989 [WARN] DbFile:41 - Overriding database path with different value: C:\Users\hugoc\.stmcufinder\plugins\mcufinder/ => C:\Users\hugoc\.stmcufinder\plugins\mcufinder
2025-03-21 11:12:24,990 [INFO] CrossReferenceDbSqlite:203 - Set database path to: C:\Users\hugoc\.stmcufinder\plugins\mcufinder//mcu/cs/
2025-03-21 11:12:25,084 [INFO] ApplicationProperties:184 - Using Application install path: C:\ST\STM32CubeIDE_1.13.1\STM32CubeIDE\plugins\com.st.stm32cube.common.mx_6.12.0.202406281431
2025-03-21 11:12:25,090 [INFO] PluginManage:196 - Search for loadable plugins [exclusion list=, ]
2025-03-21 11:12:25,097 [INFO] PluginManage:310 - Check plugin analytics
2025-03-21 11:12:25,629 [INFO] AnalyticsPlugin:253 - Accepted Software Licenses: 
2025-03-21 11:12:25,629 [INFO] AnalyticsPlugin:255 - Accepted CMSIS Pack Licenses: 
2025-03-21 11:12:25,630 [INFO] AnalyticsPlugin:257 - Accepted Firmware Licenses: 
2025-03-21 11:12:25,632 [INFO] PluginManage:359 - Loaded plugin analytics (category:tool,tabindex:-1)
2025-03-21 11:12:25,633 [INFO] PluginManage:310 - Check plugin cadmodel
2025-03-21 11:12:25,642 [INFO] CADModel:105 - Init CAD model plugin
2025-03-21 11:12:25,643 [INFO] PluginManage:359 - Loaded plugin cadmodel (category:power,tabindex:5)
2025-03-21 11:12:25,643 [INFO] PluginManage:310 - Check plugin clock
2025-03-21 11:12:25,671 [INFO] PluginManage:359 - Loaded plugin clock (category:base,tabindex:2)
2025-03-21 11:12:25,671 [INFO] PluginManage:310 - Check plugin ddr
2025-03-21 11:12:25,677 [INFO] PluginManage:359 - Loaded plugin ddr (category:tool,tabindex:6)
2025-03-21 11:12:25,677 [INFO] PluginManage:310 - Check plugin filemanager
2025-03-21 11:12:26,035 [INFO] PluginManage:359 - Loaded plugin filemanager (category:base,tabindex:10)
2025-03-21 11:12:26,036 [INFO] PluginManage:310 - Check plugin ipmanager
2025-03-21 11:12:26,076 [INFO] PluginManage:359 - Loaded plugin ipmanager (category:base,tabindex:5)
2025-03-21 11:12:26,076 [INFO] PluginManage:310 - Check plugin lpbam
2025-03-21 11:12:26,103 [INFO] PluginManage:359 - Loaded plugin lpbam (category:base,tabindex:0)
2025-03-21 11:12:26,104 [INFO] PluginManage:310 - Check plugin memorymap
2025-03-21 11:12:26,137 [INFO] PluginManage:359 - Loaded plugin memorymap (category:base,tabindex:4)
2025-03-21 11:12:26,138 [INFO] PluginManage:310 - Check plugin pinoutandconfiguration
2025-03-21 11:12:26,157 [INFO] PluginManage:359 - Loaded plugin pinoutandconfiguration (category:base,tabindex:1)
2025-03-21 11:12:26,157 [INFO] PluginManage:310 - Check plugin pinoutconfig
2025-03-21 11:12:26,432 [WARN] SupportedApi:132 - Cannot load RTOS API schema: s4s-elt-must-match.1: The content of 'definitions' must match (annotation?, (simpleType | complexType)?, (unique | key | keyref)*)). A problem was found starting at: attribute.
2025-03-21 11:12:26,859 [INFO] PluginManage:359 - Loaded plugin pinoutconfig (category:base,tabindex:0)
2025-03-21 11:12:26,859 [INFO] PluginManage:310 - Check plugin power
2025-03-21 11:12:26,879 [INFO] PluginManage:359 - Loaded plugin power (category:power,tabindex:4)
2025-03-21 11:12:26,880 [INFO] PluginManage:310 - Check plugin projectmanager
2025-03-21 11:12:26,954 [INFO] PluginManage:359 - Loaded plugin projectmanager (category:projectmanager,tabindex:4)
2025-03-21 11:12:26,955 [INFO] PluginManage:310 - Check plugin rif
2025-03-21 11:12:26,969 [INFO] PluginManage:359 - Loaded plugin rif (category:base,tabindex:3)
2025-03-21 11:12:26,970 [INFO] PluginManage:310 - Check plugin thirdparty
2025-03-21 11:12:27,340 [WARN] IntegrityCheckThread:84 - waiting for thirdparty lock release [integrity check]
2025-03-21 11:12:27,340 [INFO] PluginManage:359 - Loaded plugin thirdparty (category:base,tabindex:-1)
2025-03-21 11:12:27,341 [INFO] PluginManage:310 - Check plugin tools
2025-03-21 11:12:27,341 [INFO] IntegrityCheckThread:86 - entering critical section [integrity check]
2025-03-21 11:12:27,343 [INFO] ThirdPartyUpdaterWithRetryManager:70 - Updater plugin not ready yet. [1/15]
2025-03-21 11:12:27,348 [INFO] PluginManage:359 - Loaded plugin tools (category:base,tabindex:7)
2025-03-21 11:12:27,349 [INFO] PluginManage:310 - Check plugin tutovideos
2025-03-21 11:12:27,904 [INFO] PluginManage:359 - Loaded plugin tutovideos (category:base,tabindex:-1)
2025-03-21 11:12:27,904 [INFO] PluginManage:310 - Check plugin updater
2025-03-21 11:12:27,944 [INFO] PluginManage:359 - Loaded plugin updater (category:base,tabindex:12)
2025-03-21 11:12:27,945 [INFO] PluginManage:310 - Check plugin userauth
2025-03-21 11:12:27,959 [INFO] UserAuth:113 - Init User Auth plugin
2025-03-21 11:12:27,959 [INFO] PluginManage:359 - Loaded plugin userauth (category:base,tabindex:14)
2025-03-21 11:12:27,961 [INFO] PluginManage:283 - PluginManage : Loaded plugins [18]
2025-03-21 11:12:28,622 [INFO] PinOutPanel:1561 - setPackage(No Configuration,No Configuration)
2025-03-21 11:12:28,971 [INFO] CADModel:165 - CPN selected for project level
2025-03-21 11:12:28,971 [INFO] CADModel:114 - Register for checkConnection events
2025-03-21 11:12:29,015 [INFO] IPUIPlugin:80 - create IPUIPlugin
2025-03-21 11:12:29,015 [INFO] PluginManager:220 - loadIPPluginJar : add adc
2025-03-21 11:12:29,024 [INFO] IPUIPlugin:80 - create IPUIPlugin
2025-03-21 11:12:29,024 [INFO] PluginManager:220 - loadIPPluginJar : add aes
2025-03-21 11:12:29,036 [INFO] IPUIPlugin:80 - create IPUIPlugin
2025-03-21 11:12:29,037 [INFO] PluginManager:220 - loadIPPluginJar : add can
2025-03-21 11:12:29,046 [INFO] IPUIPlugin:80 - create IPUIPlugin
2025-03-21 11:12:29,047 [INFO] PluginManager:220 - loadIPPluginJar : add comp
2025-03-21 11:12:29,058 [INFO] IPUIPlugin:80 - create IPUIPlugin
2025-03-21 11:12:29,058 [INFO] PluginManager:220 - loadIPPluginJar : add cryp
2025-03-21 11:12:29,067 [INFO] IPUIPlugin:80 - create IPUIPlugin
2025-03-21 11:12:29,067 [INFO] PluginManager:220 - loadIPPluginJar : add ddr_ctrl_phy
2025-03-21 11:12:29,077 [INFO] IPUIPlugin:80 - create IPUIPlugin
2025-03-21 11:12:29,077 [INFO] PluginManager:220 - loadIPPluginJar : add dfsdm
2025-03-21 11:12:29,095 [INFO] IPUIPlugin:80 - create IPUIPlugin
2025-03-21 11:12:29,097 [INFO] PluginManager:220 - loadIPPluginJar : add dma
2025-03-21 11:12:29,108 [INFO] IPUIPlugin:80 - create IPUIPlugin
2025-03-21 11:12:29,108 [INFO] PluginManager:220 - loadIPPluginJar : add dma3
2025-03-21 11:12:29,118 [INFO] IPUIPlugin:80 - create IPUIPlugin
2025-03-21 11:12:29,119 [INFO] PluginManager:220 - loadIPPluginJar : add extmemmanager
2025-03-21 11:12:29,125 [INFO] IPUIPlugin:80 - create IPUIPlugin
2025-03-21 11:12:29,126 [INFO] PluginManager:220 - loadIPPluginJar : add fatfs
2025-03-21 11:12:29,143 [INFO] IPUIPlugin:80 - create IPUIPlugin
2025-03-21 11:12:29,145 [INFO] PluginManager:220 - loadIPPluginJar : add fmc
2025-03-21 11:12:29,160 [INFO] IPUIPlugin:80 - create IPUIPlugin
2025-03-21 11:12:29,161 [INFO] PluginManager:220 - loadIPPluginJar : add freertos
2025-03-21 11:12:29,166 [INFO] IPUIPlugin:80 - create IPUIPlugin
2025-03-21 11:12:29,167 [INFO] PluginManager:220 - loadIPPluginJar : add genericplugin
2025-03-21 11:12:29,176 [INFO] IPUIPlugin:80 - create IPUIPlugin
2025-03-21 11:12:29,177 [INFO] PluginManager:220 - loadIPPluginJar : add gfxmmu
2025-03-21 11:12:29,193 [INFO] IPUIPlugin:80 - create IPUIPlugin
2025-03-21 11:12:29,194 [INFO] PluginManager:220 - loadIPPluginJar : add gic
2025-03-21 11:12:29,214 [INFO] IPUIPlugin:80 - create IPUIPlugin
2025-03-21 11:12:29,215 [INFO] PluginManager:220 - loadIPPluginJar : add gpio
2025-03-21 11:12:29,225 [INFO] IPUIPlugin:80 - create IPUIPlugin
2025-03-21 11:12:29,226 [INFO] PluginManager:220 - loadIPPluginJar : add gtzc
2025-03-21 11:12:29,234 [INFO] IPUIPlugin:80 - create IPUIPlugin
2025-03-21 11:12:29,235 [INFO] PluginManager:220 - loadIPPluginJar : add hash
2025-03-21 11:12:29,249 [INFO] IPUIPlugin:80 - create IPUIPlugin
2025-03-21 11:12:29,249 [INFO] PluginManager:220 - loadIPPluginJar : add i2c
2025-03-21 11:12:29,260 [INFO] IPUIPlugin:80 - create IPUIPlugin
2025-03-21 11:12:29,261 [INFO] PluginManager:220 - loadIPPluginJar : add i2s
2025-03-21 11:12:29,273 [INFO] IPUIPlugin:80 - create IPUIPlugin
2025-03-21 11:12:29,274 [INFO] PluginManager:220 - loadIPPluginJar : add i3c
2025-03-21 11:12:29,282 [INFO] IPUIPlugin:80 - create IPUIPlugin
2025-03-21 11:12:29,283 [INFO] PluginManager:220 - loadIPPluginJar : add ipddr
2025-03-21 11:12:29,300 [INFO] IPUIPlugin:80 - create IPUIPlugin
2025-03-21 11:12:29,301 [INFO] PluginManager:220 - loadIPPluginJar : add linkedlist
2025-03-21 11:12:29,311 [INFO] IPUIPlugin:80 - create IPUIPlugin
2025-03-21 11:12:29,311 [INFO] PluginManager:220 - loadIPPluginJar : add lorawan
2025-03-21 11:12:29,316 [INFO] IPUIPlugin:80 - create IPUIPlugin
2025-03-21 11:12:29,316 [INFO] PluginManager:220 - loadIPPluginJar : add ltdc
2025-03-21 11:12:29,333 [INFO] IPUIPlugin:80 - create IPUIPlugin
2025-03-21 11:12:29,333 [INFO] PluginManager:220 - loadIPPluginJar : add mdma
2025-03-21 11:12:29,342 [INFO] IPUIPlugin:80 - create IPUIPlugin
2025-03-21 11:12:29,342 [INFO] PluginManager:220 - loadIPPluginJar : add nvic
2025-03-21 11:12:29,352 [INFO] IPUIPlugin:80 - create IPUIPlugin
2025-03-21 11:12:29,352 [INFO] PluginManager:220 - loadIPPluginJar : add opamp
2025-03-21 11:12:29,361 [INFO] IPUIPlugin:80 - create IPUIPlugin
2025-03-21 11:12:29,362 [INFO] PluginManager:220 - loadIPPluginJar : add openamp
2025-03-21 11:12:29,370 [INFO] IPUIPlugin:80 - create IPUIPlugin
2025-03-21 11:12:29,371 [INFO] PluginManager:220 - loadIPPluginJar : add pdm2pcm
2025-03-21 11:12:29,388 [INFO] IPUIPlugin:80 - create IPUIPlugin
2025-03-21 11:12:29,396 [INFO] PluginManager:220 - loadIPPluginJar : add plateformsettings
2025-03-21 11:12:29,402 [INFO] IPUIPlugin:80 - create IPUIPlugin
2025-03-21 11:12:29,402 [INFO] PluginManager:220 - loadIPPluginJar : add quadspi
2025-03-21 11:12:29,408 [INFO] IPUIPlugin:80 - create IPUIPlugin
2025-03-21 11:12:29,410 [INFO] PluginManager:220 - loadIPPluginJar : add radio
2025-03-21 11:12:29,419 [INFO] IPUIPlugin:80 - create IPUIPlugin
2025-03-21 11:12:29,420 [INFO] PluginManager:220 - loadIPPluginJar : add resmgrutility
2025-03-21 11:12:29,428 [INFO] IPUIPlugin:80 - create IPUIPlugin
2025-03-21 11:12:29,429 [INFO] PluginManager:220 - loadIPPluginJar : add sai
2025-03-21 11:12:29,468 [INFO] IPUIPlugin:80 - create IPUIPlugin
2025-03-21 11:12:29,469 [INFO] PluginManager:220 - loadIPPluginJar : add spi
2025-03-21 11:12:29,483 [INFO] IPUIPlugin:80 - create IPUIPlugin
2025-03-21 11:12:29,483 [INFO] PluginManager:220 - loadIPPluginJar : add stm32_wpan
2025-03-21 11:12:29,490 [INFO] IPUIPlugin:80 - create IPUIPlugin
2025-03-21 11:12:29,490 [INFO] PluginManager:220 - loadIPPluginJar : add tim
2025-03-21 11:12:29,500 [INFO] IPUIPlugin:80 - create IPUIPlugin
2025-03-21 11:12:29,501 [INFO] PluginManager:220 - loadIPPluginJar : add touchsensing
2025-03-21 11:12:29,509 [INFO] IPUIPlugin:80 - create IPUIPlugin
2025-03-21 11:12:29,509 [INFO] PluginManager:220 - loadIPPluginJar : add tracer_emb
2025-03-21 11:12:29,515 [INFO] IPUIPlugin:80 - create IPUIPlugin
2025-03-21 11:12:29,515 [INFO] PluginManager:220 - loadIPPluginJar : add ts
2025-03-21 11:12:29,521 [INFO] IPUIPlugin:80 - create IPUIPlugin
2025-03-21 11:12:29,522 [INFO] PluginManager:220 - loadIPPluginJar : add tsc
2025-03-21 11:12:29,528 [INFO] IPUIPlugin:80 - create IPUIPlugin
2025-03-21 11:12:29,529 [INFO] PluginManager:220 - loadIPPluginJar : add ucpd
2025-03-21 11:12:29,539 [INFO] IPUIPlugin:80 - create IPUIPlugin
2025-03-21 11:12:29,540 [INFO] PluginManager:220 - loadIPPluginJar : add usart
2025-03-21 11:12:29,551 [INFO] IPUIPlugin:80 - create IPUIPlugin
2025-03-21 11:12:29,551 [INFO] PluginManager:220 - loadIPPluginJar : add usbx
2025-03-21 11:12:29,848 [INFO] CADModel:165 - CPN selected for project level
2025-03-21 11:12:29,848 [INFO] CADModel:114 - Register for checkConnection events
2025-03-21 11:12:29,849 [FATAL] Updater:334 - Updater called before beeing initialized
2025-03-21 11:12:29,849 [ERROR] CADModel:125 - Updater not yet initialized, retry later 
2025-03-21 11:12:30,241 [INFO] CADModel:165 - CPN selected for project level
2025-03-21 11:12:30,241 [INFO] CADModel:114 - Register for checkConnection events
2025-03-21 11:12:30,241 [FATAL] Updater:334 - Updater called before beeing initialized
2025-03-21 11:12:30,242 [ERROR] CADModel:125 - Updater not yet initialized, retry later 
2025-03-21 11:12:30,250 [FATAL] Updater:334 - Updater called before beeing initialized
2025-03-21 11:12:30,345 [INFO] ThirdPartyUpdaterWithRetryManager:70 - Updater plugin not ready yet. [2/15]
2025-03-21 11:12:30,618 [FATAL] Updater:334 - Updater called before beeing initialized
2025-03-21 11:12:30,627 [INFO] DbMcusAds:53 - JSON generation date=Thu Mar 06 15:54:21 CET 2025 (1741272861825)
2025-03-21 11:12:30,628 [FATAL] Updater:334 - Updater called before beeing initialized
2025-03-21 11:12:30,733 [WARN] DetailPanel:346 - Failed to get advertising image, set to default
2025-03-21 11:12:31,093 [FATAL] Updater:334 - Updater called before beeing initialized
2025-03-21 11:12:31,099 [FATAL] Updater:334 - Updater called before beeing initialized
2025-03-21 11:12:31,099 [FATAL] Updater:334 - Updater called before beeing initialized
2025-03-21 11:12:31,099 [WARN] DetailPanel:346 - Failed to get advertising image, set to default
2025-03-21 11:12:31,101 [FATAL] Updater:334 - Updater called before beeing initialized
2025-03-21 11:12:31,302 [ERROR] Updater:1164 - MainUpdater not yet initialized. External WinMGr cannot be set.
2025-03-21 11:12:31,310 [INFO] Updater:1100 - Updater Version found : 6.12.0
2025-03-21 11:12:31,360 [INFO] ApplicationProperties:184 - Using Application install path: C:\ST\STM32CubeIDE_1.13.1\STM32CubeIDE\plugins\com.st.stm32cube.common.mx_6.12.0.202406281431
2025-03-21 11:12:32,998 [ERROR] LogOutputStream:75 - [STDERR_REDIRECT] Mar 21, 2025 11:12:32 AM java.util.prefs.WindowsPreferences <init>
2025-03-21 11:12:33,006 [ERROR] LogOutputStream:75 - [STDERR_REDIRECT] WARNING: Could not open/create prefs root node Software\JavaSoft\Prefs at root 0xffffffff80000002. Windows RegCreateKeyEx(...) returned error code 5.
2025-03-21 11:12:33,007 [ERROR] LogOutputStream:75 - [STDERR_REDIRECT] 
2025-03-21 11:12:33,346 [FATAL] Updater:334 - Updater called before beeing initialized
2025-03-21 11:12:33,348 [ERROR] IntegrityCheckThread:130 - Cannot retrieve database content from updater: error 21
2025-03-21 11:12:33,350 [INFO] ThirdParty:978 - Integrity check success = false
2025-03-21 11:12:33,350 [INFO] IntegrityCheckThread:100 - exiting critical section [integrity check]
2025-03-21 11:12:33,351 [INFO] IntegrityCheckThread:103 - End integrity checks thread
2025-03-21 11:12:33,768 [INFO] MainUpdater:2873 - connection check result : 22
2025-03-21 11:12:33,770 [INFO] MainUpdater:290 - Updater Check For Update Now.
2025-03-21 11:12:33,771 [INFO] MicroXplorer:498 - Change Database Version : DB.6.0.120
2025-03-21 11:12:33,814 [INFO] McuFinderGlobals:63 - Set McuFinder mode to 2 (CubeIDE integrated)
2025-03-21 11:12:33,816 [INFO] UserAuth:417 - Internet connection configuration mode: 2
2025-03-21 11:12:33,860 [INFO] UserAuth:417 - Internet connection configuration mode: 2
2025-03-21 11:12:34,125 [INFO] CheckServerUpdateThread:120 - End of CheckServer Thread
2025-03-21 11:36:04,225 [ERROR] LogOutputStream:75 - [STDERR_REDIRECT] 
